Model,Source,VideoID,Comment,Likes,PublishedAt
Redmi Buds 3 Pro,YouTube,q-OUedQ7zwc,Redmi bugs 3 pro for iPhone,0,2025-11-15T20:19:42Z
Redmi Buds 3 Pro,YouTube,q-OUedQ7zwc,"Friend, so you can try it in a future video:

My wireless headphones = Mis Huebos

It's in spanish, i hope that solve your life problems.",1,2025-04-09T01:53:59Z
Redmi Buds 3 Pro,YouTube,q-OUedQ7zwc,this or soundcore 50i nc?,0,2025-03-03T11:21:00Z
Redmi Buds 3 Pro,YouTube,q-OUedQ7zwc,"The worst of the worst. Samsung Galaxy Buds are much better. Redmi Buds 3 lose signal, have problems with sound and ANC is a joke.",0,2024-11-04T18:23:25Z
Redmi Buds 3 Pro,YouTube,q-OUedQ7zwc,Can i connect with iphone 11?,0,2024-08-24T10:03:01Z
Redmi Buds 3 Pro,YouTube,q-OUedQ7zwc,Air buds mic not working during calls it used phone mic not use buds mic🎤 why??????,0,2024-07-01T11:16:59Z
Redmi Buds 3 Pro,YouTube,q-OUedQ7zwc,"Do you think Redmi buds 4 vs buds 3 pro, which one is better ?. I'm consider to choose one of these two types.",1,2024-05-15T14:45:42Z
Redmi Buds 3 Pro,YouTube,q-OUedQ7zwc,How can you make a review about earbuds skipping audio quality completely,0,2024-04-26T21:36:38Z
Redmi Buds 3 Pro,YouTube,q-OUedQ7zwc,"What's the applicantion, I have downloaded xiaomi application and it's not showing this model.",3,2024-01-19T12:45:38Z
Redmi Buds 3 Pro,YouTube,q-OUedQ7zwc,Thank you for the thorough review!!When I bought mine I didn't know that the app isn't applicable with my iPhone SE!!is it possible to get the app for any iPhone?Cheers!!,0,2023-08-24T12:40:26Z
Redmi Buds 3 Pro,YouTube,q-OUedQ7zwc,As pictured! Apple product.,0,2023-08-15T03:42:43Z
Redmi Buds 3 Pro,YouTube,q-OUedQ7zwc,What the fuck are you doing at 2:15 man 😀,0,2023-07-05T21:19:32Z
Redmi Buds 3 Pro,YouTube,q-OUedQ7zwc,Hi. Can you tell me the mobile phone model you used in this video?,0,2023-06-15T08:44:31Z
Redmi Buds 3 Pro,YouTube,q-OUedQ7zwc,Would be nice if this is also tested on other phone brands aside Xiaomi.,0,2023-05-23T20:20:27Z
Redmi Buds 3 Pro,YouTube,q-OUedQ7zwc,So much for a 'Detailed Review' without talking how good the ANC is.,0,2023-05-19T12:10:56Z
Redmi Buds 3 Pro,YouTube,q-OUedQ7zwc,Why I not see this settings in my redmi note 11 pro+,0,2023-04-12T11:32:07Z
Redmi Buds 3 Pro,YouTube,q-OUedQ7zwc,Bullshit. They are silent! And one has to download an Equalizer App to screw up the volume to at least 125%. You misinform people. Stop it!,0,2023-03-04T22:28:05Z
Redmi Buds 3 Pro,YouTube,q-OUedQ7zwc,Why is it capped at 2.5 watts . Thats awful,0,2023-01-24T03:49:42Z
Redmi Buds 3 Pro,YouTube,q-OUedQ7zwc,Commercial review... Not useful for me,1,2023-01-18T16:22:11Z
Redmi Buds 3 Pro,YouTube,q-OUedQ7zwc,Got this for $14 😉,1,2023-01-01T02:33:35Z
Redmi Buds 3 Pro,YouTube,q-OUedQ7zwc,"Can u use Noise can. also on samsung phones,:?",0,2022-12-15T20:05:56Z
Redmi Buds 3 Pro,YouTube,q-OUedQ7zwc,Hello!! How do you know how much battery is left in iphone x? I can't find it,0,2022-11-15T08:42:37Z
Redmi Buds 3 Pro,YouTube,q-OUedQ7zwc,The app link please,0,2022-11-11T00:31:41Z
Redmi Buds 3 Pro,YouTube,q-OUedQ7zwc,Yes i also have this earbuds is it nice quality 35db,0,2022-10-29T19:43:30Z
Redmi Buds 3 Pro,YouTube,q-OUedQ7zwc,Where can I find the App ?,0,2022-10-28T11:01:51Z
Redmi Buds 3 Pro,YouTube,q-OUedQ7zwc,"How to change all those settings 
I mean which app I need to install to control buds functionalities",0,2022-10-19T04:37:39Z
Redmi Buds 3 Pro,YouTube,q-OUedQ7zwc,bro you suprised me with that mic quality im buying this right now,1,2022-10-15T18:13:12Z
Redmi Buds 3 Pro,YouTube,q-OUedQ7zwc,how's the sound?,0,2022-10-09T15:55:56Z
Redmi Buds 3 Pro,YouTube,q-OUedQ7zwc,How to reduce volume while using redmi earbuds,0,2022-09-12T19:09:54Z
Redmi Buds 3 Pro,YouTube,q-OUedQ7zwc,"Hey, a dumb question but, would anyone know if I could charge my Redmi buds 3 pro in a Redmi buds 3 Lite case? Thanks",0,2022-09-02T21:16:38Z
Redmi Buds 3 Pro,YouTube,q-OUedQ7zwc,Look up the definition for 'guy'! It is not a 'guy'. It is an ITEM!,0,2022-08-27T21:27:38Z
Redmi Buds 3 Pro,YouTube,q-OUedQ7zwc,Are they compatible with Samsung phones?,0,2022-08-12T17:10:34Z
Redmi Buds 3 Pro,YouTube,q-OUedQ7zwc,Which app are you using? I cant find an official app on my Poco phone for thest.,0,2022-08-12T13:44:01Z
Redmi Buds 3 Pro,YouTube,q-OUedQ7zwc,"This earbuds is for Listening book online and for phone talking   . FOR Listening music is very very bad .LOW VOLUME ,NO BASS  

IM very dissapointed very .....",0,2022-08-06T08:17:36Z
Redmi Buds 3 Pro,YouTube,q-OUedQ7zwc,Hey how did you get the grey ? I can only see the black on toaboa,0,2022-07-27T10:29:24Z
Redmi Buds 3 Pro,YouTube,q-OUedQ7zwc,Your phone screen setup and wallpaper got me. Can I get the wallpaper,0,2022-07-27T08:09:39Z
Redmi Buds 3 Pro,YouTube,q-OUedQ7zwc,Anyone know an app for these earphones for iOS,0,2022-07-21T20:30:41Z
Redmi Buds 3 Pro,YouTube,q-OUedQ7zwc,no sound test,1,2022-07-15T06:52:44Z
Redmi Buds 3 Pro,YouTube,q-OUedQ7zwc,"The Redmi buds 3 pro and galaxy buds 2 now have same price, Does any one tell me which better please :( Thanks",0,2022-06-06T09:16:30Z
Redmi Buds 3 Pro,YouTube,q-OUedQ7zwc,Anyone has touch issues on the right bud. It keeps getting annoy .,0,2022-05-28T14:44:56Z
Redmi Buds 3 Pro,YouTube,q-OUedQ7zwc,I baught these and not satisfied with the sound quality.,0,2022-05-20T05:19:41Z
Redmi Buds 3 Pro,YouTube,q-OUedQ7zwc,Could we control Next/Previous button with device touch sensor?,0,2022-04-29T06:25:50Z
Redmi Buds 3 Pro,YouTube,q-OUedQ7zwc,thanks. huawei 4i is better. its just $6 more in my country vs this.,0,2022-04-21T08:56:14Z
Redmi Buds 3 Pro,YouTube,q-OUedQ7zwc,ONE QUESTION: Is the Noise Cancelling or Transparency Mode activable while using ONLY ONE bud?,1,2022-04-20T10:56:31Z
Redmi Buds 3 Pro,YouTube,q-OUedQ7zwc,Nice. Your call quality seems good but another review sound bad and the youtuber is not recommending for conference calls on zoom. Confused 🙄,0,2022-03-26T12:24:21Z
Redmi Buds 3 Pro,YouTube,q-OUedQ7zwc,"Can I switch connection to another device without manual disconnect with previous devices. 
Scenarios is Earbuds is connecting with Device A (phone or PC), then I can enable the connection with earbuds from Device B, doesn't need to disconnect from device A?",0,2022-03-23T03:09:04Z
Redmi Buds 3 Pro,YouTube,q-OUedQ7zwc,Can i connect them to a 5.0 Bluetooth device,0,2022-03-16T12:40:10Z
Redmi Buds 3 Pro,YouTube,q-OUedQ7zwc,"Finally someone with the Chinese variant of the Mi 11 Ultra showcasing the global version of these working with the built-in app. It sealed my purchase, so I just bought the global version from Ali for $45.79.",5,2022-03-11T12:11:12Z
Redmi Buds 3 Pro,YouTube,q-OUedQ7zwc,"So, can I use all the functionalities with a Xiaomi mi mix 3? (MIUI global 12.0.2)",0,2022-03-07T08:51:27Z
Redmi Buds 3 Pro,YouTube,q-OUedQ7zwc,Does these Work With any phone?,0,2022-03-04T22:43:24Z
Redmi Buds 3 Pro,YouTube,q-OUedQ7zwc,These earbuds are Trash... Very quiet and  anc doesnt work. The mic Quality is so low. Changed back to Samsung Galaxy buds,0,2022-03-01T11:12:00Z
Redmi Buds 3 Pro,YouTube,q-OUedQ7zwc,What about using it with a Galaxy S10? Noise cancelling and transparency can be activated and switched?,0,2022-02-20T14:16:43Z
Redmi Buds 3 Pro,YouTube,q-OUedQ7zwc,Do anyone knows when I can find a frequency response graph of this??,0,2022-02-12T13:21:30Z
Redmi Buds 3 Pro,YouTube,q-OUedQ7zwc,I love how the buds 3 pro have  proper packaging while the buds 3 lite just come in a little plastic baggie,6,2022-02-05T00:49:19Z
Redmi Buds 3 Pro,YouTube,q-OUedQ7zwc,I like how detailed this review is. Thank you!,1,2022-02-01T04:46:51Z
Redmi Buds 3 Pro,YouTube,q-OUedQ7zwc,Did not expect that good of a microphone,4,2022-01-28T14:49:35Z
Redmi Buds 3 Pro,YouTube,q-OUedQ7zwc,Is that software also available on IOS?,0,2022-01-27T20:44:32Z
Redmi Buds 3 Pro,YouTube,q-OUedQ7zwc,Please.... which is the better choice between : Realme Buds Air 2 and Redmi Buds 3 Pro ???,0,2022-01-23T09:50:33Z
Redmi Buds 3 Pro,YouTube,q-OUedQ7zwc,I want my buds to disconnect when they are in the charging case but they don't. Any help please?,0,2022-01-15T13:47:03Z
Redmi Buds 3 Pro,YouTube,q-OUedQ7zwc,"Hey Nick, nice review! I've subscribed. So, can you accept / end calls by touch gestures? I think this is the most important for me!
Thanks, keep up the good work!",1,2022-01-09T18:03:45Z
Redmi Buds 3 Pro,YouTube,q-OUedQ7zwc,This or realme air buds 2,0,2022-01-09T03:23:44Z
Redmi Buds 3 Pro,YouTube,q-OUedQ7zwc,Can it connect with nfc?? Please someone respond,0,2022-01-02T22:33:50Z
Redmi Buds 3 Pro,YouTube,q-OUedQ7zwc,Can someone tell me what is the exact function of the button at the charging case?,0,2021-12-30T22:26:26Z
Redmi Buds 3 Pro,YouTube,q-OUedQ7zwc,One ear is stronger than the other,0,2021-12-25T10:12:49Z
Redmi Buds 3 Pro,YouTube,q-OUedQ7zwc,"I have been using this for a few months now, here's my short review:

Sound: Clear voice, sharp and loud. Bass is quite soft.
ANC: Works realy good
Mic: The best so far. I have been using them for meetings. The voice are clear and I think they block noise as well.
Battery: this is the only problem that I have with the earbuds. it only lasted around 2h - 3h from a single use. if i have a back to back meetings, it's a bad news! 

Overall, for the affordable price it offers a great exprience! Really recommended. And I was surprised to know that it has wireless charging from this video. Now I can charge it with my samsung phone. LOL",7,2021-12-24T15:09:59Z
Redmi Buds 3 Pro,YouTube,q-OUedQ7zwc,How did you enter in the settings? I'm on a Xiaomi device,0,2021-12-22T13:29:28Z
Redmi Buds 3 Pro,YouTube,q-OUedQ7zwc,"$60, $73, $80, whatever, I'm off to load my netspend card & buy these bad boys.",0,2021-12-22T03:50:00Z
Redmi Buds 3 Pro,YouTube,q-OUedQ7zwc,Where did you get this app ... how I can get this application to control my earphone,1,2021-12-20T16:55:35Z
Redmi Buds 3 Pro,YouTube,q-OUedQ7zwc,3:48 what app is that?,0,2021-12-18T19:30:03Z
Redmi Buds 3 Pro,YouTube,q-OUedQ7zwc,What's the application you are using for the bud 3 pro?,2,2021-12-10T17:05:27Z
Redmi Buds 3 Pro,YouTube,q-OUedQ7zwc,What’s the app called for IPhone,0,2021-12-04T07:01:35Z
Redmi Buds 3 Pro,YouTube,q-OUedQ7zwc,Are this redmi bud sound better thn Huawei freebuds pro?,0,2021-12-02T16:19:00Z
Redmi Buds 3 Pro,YouTube,q-OUedQ7zwc,How do i open redmi buds settings ?,0,2021-12-02T11:32:49Z
Redmi Buds 3 Pro,YouTube,q-OUedQ7zwc,Nice review thanks ;),0,2021-11-26T10:42:34Z
Redmi Buds 3 Pro,YouTube,q-OUedQ7zwc,03:43 how u enter in this menu,0,2021-11-16T20:01:51Z
Redmi Buds 3 Pro,YouTube,q-OUedQ7zwc,How you can have pop up option on the phone? Thanks,0,2021-11-13T17:42:58Z
Redmi Buds 3 Pro,YouTube,q-OUedQ7zwc,what apps do u use pls answer,0,2021-11-12T16:35:16Z
Redmi Buds 3 Pro,YouTube,q-OUedQ7zwc,"*Pressing and holding either earbud only enables switching between Deep ANC mode and Transparency mode by default. Only Xiaomi, Redmi cellphones with the latest MIUI versions are able to change settings for Adaptive ANC mode, 3 ANC modes, 2 transparency modes and wake-up voice control and Find your earphones. Compatible models: Mi 11, Mi 11 Lite, POCO X3 GT, POCO F3.
*Only Xiaomi, Redmi cellphones with the latest MIUI versions support MIUI Pop-up for Quick Pairing. Compatible models: Mi 11 Ultra, Mi 11, Mi 11 Lite, Redmi note 10 Pro, Redmi note 10S, Redmi note 10 5G, Mi 10T, POCO F3, POCO X3 GT, Mi 10 Pro, Mi 10.",3,2021-11-12T10:23:00Z
Redmi Buds 3 Pro,YouTube,q-OUedQ7zwc,Any idea how to pair them to my laptop Lenovo Thinkpad since it ask me for password for my device and I can't get which device it means when it's not my laptop password?,1,2021-11-09T21:47:53Z
Redmi Buds 3 Pro,YouTube,q-OUedQ7zwc,Can I pair them with my smart TV? 🤔,0,2021-11-05T16:19:38Z
Redmi Buds 3 Pro,YouTube,q-OUedQ7zwc,sound quality does not seem to be important to you.,0,2021-11-04T21:32:11Z
Redmi Buds 3 Pro,YouTube,q-OUedQ7zwc,Where can i find the app? I am using samsung but unable to control it using redmi buds 3pro..please help,0,2021-11-04T13:56:03Z
Redmi Buds 3 Pro,YouTube,q-OUedQ7zwc,"I can't find the app, where can I download it",2,2021-11-04T12:39:34Z
Redmi Buds 3 Pro,YouTube,q-OUedQ7zwc,"your review are amazing , the mic test i love it so much , its just like studio mic , i decide to get 1 for myself today",2,2021-11-04T06:36:46Z
Redmi Buds 3 Pro,YouTube,q-OUedQ7zwc,Can someone please tell which adapter should be used to charge the case of Redmi Buds 3 Pro? I am confused due to the voltage/watts,1,2021-10-15T09:00:07Z
Redmi Buds 3 Pro,YouTube,q-OUedQ7zwc,"shiite rewiev tbh, I'd like to know how they sound like, that's tbh the most important thing, unless you listen to pathetic mainstream radio music.",0,2021-10-13T12:39:58Z
Redmi Buds 3 Pro,YouTube,q-OUedQ7zwc,How can i download application,0,2021-10-10T16:02:08Z
Redmi Buds 3 Pro,YouTube,q-OUedQ7zwc,"Bro, i'll be honest. This review is just insane and awesome. U told me so much!!! Thank u, really!",32,2021-10-10T11:31:20Z
Redmi Buds 3 Pro,YouTube,q-OUedQ7zwc,How to get in the settings Im using Redmi Note 9s,0,2021-10-10T05:55:56Z
Redmi Buds 3 Pro,YouTube,q-OUedQ7zwc,Mi buds M8 is the app to use for this features,0,2021-10-08T19:12:07Z
Redmi Buds 3 Pro,YouTube,q-OUedQ7zwc,What apps did u use to set ur redmi buds?,0,2021-10-08T07:16:14Z
Redmi Buds 3 Pro,YouTube,q-OUedQ7zwc,Does the earbud block out keyboard typing sound? Can the caller hear the other person typing?,0,2021-10-07T15:44:51Z
Redmi Buds 3 Pro,YouTube,q-OUedQ7zwc,"So, this Buds 3 Pro features he is presenting will work ONLY with XIAOMI smartphones. For the rest of the phones, you can only adjust the volume and that is all. Classic advertising without mentioning the bad parts of the product! 😀",27,2021-10-07T13:17:25Z
Redmi Buds 3 Pro,YouTube,q-OUedQ7zwc,Is there any software that we should download? I never had that settings on 3:41 before.,0,2021-10-05T13:49:54Z
Redmi Buds 3 Pro,YouTube,q-OUedQ7zwc,"kak, ini redmi buds 3 Pro kok nda bisa dihubungkan ke laptop ya?
kalo ke HP bisa.
kalo ke Laptop/PC bisa pair se, sudah muncul tulisan Paired, tp nda bisa di connect kan",0,2021-10-04T01:17:58Z
Redmi Buds 3 Pro,YouTube,q-OUedQ7zwc,Wait what app are you using to control them?,0,2021-10-03T22:19:58Z
Redmi Buds 3 Pro,YouTube,q-OUedQ7zwc,What's app did you use ? It's native app from Bluetooth settings?,1,2021-10-01T00:10:37Z
Redmi Buds 3 Pro,YouTube,q-OUedQ7zwc,Hello! I like your wallpaper,0,2021-09-28T13:41:37Z
Redmi Buds 3 Pro,YouTube,q-OUedQ7zwc,Where is the app,0,2021-09-26T18:11:44Z
Redmi Buds 3 Pro,YouTube,q-OUedQ7zwc,"You stupid,  it's not a review. It's a blind marketing. That's all.",0,2021-09-25T20:51:40Z
Redmi Buds 3 Pro,YouTube,q-OUedQ7zwc,Can each buds use independent?,0,2021-09-24T12:10:04Z
Redmi Buds 3 Pro,YouTube,q-OUedQ7zwc,"Great review.
I am currently using redmi earbuds 2 and they don't support caller id announcement in earbuds. Do buds 3 pro announce the name of caller?",0,2021-09-24T04:58:20Z
Redmi Buds 3 Pro,YouTube,q-OUedQ7zwc,Chinese are just so blatant. Using Buds3 as the name lol. Where's Buds2?,0,2021-09-24T01:55:09Z
Redmi Buds 3 Pro,YouTube,q-OUedQ7zwc,Review of earbuds but no mention of how the sound is actually like. All was shown is the features.,0,2021-09-23T05:46:50Z
Redmi Buds 3 Pro,YouTube,q-OUedQ7zwc,Do those have mic?,0,2021-09-23T03:57:35Z
Redmi Buds 3 Pro,YouTube,q-OUedQ7zwc,"Man I got them but I don't find the app, where is it, what is the name?",0,2021-09-21T16:37:27Z
Redmi Buds 3 Pro,YouTube,q-OUedQ7zwc,Only 2 audio codec...SBC n' AAC..,0,2021-09-20T17:40:43Z
Redmi Buds 3 Pro,YouTube,q-OUedQ7zwc,What app is you using for the earbud?,0,2021-09-20T16:43:51Z
Redmi Buds 3 Pro,YouTube,q-OUedQ7zwc,How is the app with which you can control them called?,1,2021-09-19T14:42:35Z
Redmi Buds 3 Pro,YouTube,q-OUedQ7zwc,Zmi purpods pro  vs these?,0,2021-09-19T07:31:35Z
Redmi Buds 3 Pro,YouTube,q-OUedQ7zwc,You need miui 12.5 for use the app of the buds ://,0,2021-09-16T20:14:31Z
Redmi Buds 3 Pro,YouTube,q-OUedQ7zwc,which Xiaomi phone model is used in this review?,0,2021-09-10T08:08:49Z
Redmi Buds 3 Pro,YouTube,q-OUedQ7zwc,Is it better than Realme Buds???,0,2021-09-03T08:14:33Z
Redmi Buds 3 Pro,YouTube,q-OUedQ7zwc,"A message to everyone who was wondering which ""app"" Nick is using. It's not an app. It's neither the MI AI app or any other external app. It is or it will be a system feature on Xiaomi devices. The Xiaomi support told me that they will roll out software updates with those customization features in the bluetooth settings soon. We'll just have to be patient and wait for the updates to come. It seems so that Nick's phone already got the corresponding update.",45,2021-09-02T08:40:45Z
Redmi Buds 3 Pro,YouTube,q-OUedQ7zwc,where did you get the app from?,0,2021-09-01T07:09:39Z
Redmi Buds 3 Pro,YouTube,q-OUedQ7zwc,Do they work with Siri?,0,2021-08-31T21:17:58Z
Redmi Buds 3 Pro,YouTube,q-OUedQ7zwc,Mic is so good thou,0,2021-08-31T10:03:29Z
Redmi Buds 3 Pro,YouTube,q-OUedQ7zwc,Haha cool,0,2021-08-30T14:38:07Z
Redmi Buds 3 Pro,YouTube,q-OUedQ7zwc,"I have a Xiaomi phone but I can't seem to get the pop up which allows you to control them, any ideas why?",0,2021-08-29T12:13:35Z
Redmi Buds 3 Pro,YouTube,q-OUedQ7zwc,"Hello, I just received the Buds 3 Pro; I have a Redmi Note 10 with MIUI 12.5 but there is no setting which allows in particular to completely cut the ANC; I do not understand ; are these settings reserved for the chinese market?",1,2021-08-27T16:18:16Z
Redmi Buds 3 Pro,YouTube,q-OUedQ7zwc,"what's the app you're using ? i have i redmi note 9 pro, i can't find the app thank you",0,2021-08-27T11:49:50Z
Redmi Buds 3 Pro,YouTube,q-OUedQ7zwc,Amazing Product !,1,2021-08-27T09:43:40Z
Redmi Buds 3 Pro,YouTube,q-OUedQ7zwc,"Are you kidding us?? 30 people asked which app you use, and no answer!!",15,2021-08-26T20:24:51Z
Redmi Buds 3 Pro,YouTube,q-OUedQ7zwc,U missed out on the most important part about a earbuds video which is sound quality? What the.. more than anything u should've explained the sound quality better since that's where it matters,0,2021-08-24T00:30:12Z
Redmi Buds 3 Pro,YouTube,q-OUedQ7zwc,how is your MI AI english ???,1,2021-08-22T15:44:42Z
Redmi Buds 3 Pro,YouTube,q-OUedQ7zwc,How to download the app? Plz help me,2,2021-08-21T10:57:48Z
Redmi Buds 3 Pro,YouTube,q-OUedQ7zwc,How to get the mi ai English version,1,2021-08-21T08:24:46Z
Redmi Buds 3 Pro,YouTube,q-OUedQ7zwc,May I know which app for Buds 3 pro control panel?,1,2021-08-20T17:17:35Z
Redmi Buds 3 Pro,YouTube,q-OUedQ7zwc,I wish there was an indication of the charge level of the buds while in the case.,3,2021-08-19T04:50:28Z
Redmi Buds 3 Pro,YouTube,q-OUedQ7zwc,Many have asked which companion app these headsets are used with. No answer. I got ones and only guess they need the right phones for the features to appear.,1,2021-08-16T11:05:17Z
Redmi Buds 3 Pro,YouTube,q-OUedQ7zwc,Where did you download the app to control ANC and Transparency modes?,5,2021-08-15T18:33:07Z
Redmi Buds 3 Pro,YouTube,q-OUedQ7zwc,"dude stop pausing frames within the video, legit feels like my video is buffering",0,2021-08-14T19:59:34Z
Redmi Buds 3 Pro,YouTube,q-OUedQ7zwc,What app are you using with it? There is difference betwin Chines and Global version ? Looks like you are using the global and app in English,1,2021-08-12T18:43:13Z
Redmi Buds 3 Pro,YouTube,q-OUedQ7zwc,"How are these for calling. As the mic is really far from mouth.
I feel the design with long tails should be better for audio calling. 
What do u think ?",0,2021-08-12T08:57:47Z
Redmi Buds 3 Pro,YouTube,q-OUedQ7zwc,That mic quality is outstanding....,8,2021-08-09T14:05:40Z
Redmi Buds 3 Pro,YouTube,q-OUedQ7zwc,"u didn’t talk about sound quality,  bass, treble etc.",0,2021-08-07T17:13:29Z
Redmi Buds 3 Pro,YouTube,q-OUedQ7zwc,Which app are you using for the controls?,23,2021-08-04T18:49:38Z
Redmi Buds 3 Pro,YouTube,q-OUedQ7zwc,"What app are you using with it?

I can't seem to find it anywhere!!",30,2021-08-04T18:39:28Z
Redmi Buds 3 Pro,YouTube,q-OUedQ7zwc,"Hey nick!
What app are you using to change transparency mode and tap controls etc.? Cant find it.",25,2021-08-03T17:16:33Z
Redmi Buds 3 Pro,YouTube,q-OUedQ7zwc,How is that your miui ai app is in English but mine is in Chinese and I legit don't understand anything as I'm not Chinese.,12,2021-08-02T09:56:31Z
Redmi Buds 3 Pro,YouTube,q-OUedQ7zwc,Yessssss Wanted this review so much,3,2021-08-01T21:03:40Z
Redmi Buds 3 Pro,YouTube,q-OUedQ7zwc,How to buy this in Pakistan bro ❓ pls reply🙋🏻‍♂️,0,2021-08-01T07:46:07Z
Redmi Buds 3 Pro,YouTube,q-OUedQ7zwc,"Sadly you didn't said much about the sound profile and the performance of the ANC. 
What about the highs and mids? Is the ANC good compared to AirPods Pro for example?
Still great video tho👍",37,2021-07-30T22:06:00Z
Redmi Buds 3 Pro,YouTube,q-OUedQ7zwc,"Every youtuber right now : nothing ear 1

Meanwhile Nick : nah I've got the redmis",1,2021-07-30T03:01:06Z
Redmi Buds 3 Pro,YouTube,q-OUedQ7zwc,big fan bro,2,2021-07-30T02:52:38Z
Redmi Buds 3 Pro,YouTube,q-OUedQ7zwc,Got these for 37€ not bad,0,2021-07-29T14:30:28Z
Redmi Buds 3 Pro,YouTube,q-OUedQ7zwc,Can you review qcy t13???😧😧😧,0,2021-07-29T12:11:24Z
Redmi Buds 3 Pro,YouTube,q-OUedQ7zwc,we love the colour of the buds... classy,0,2021-07-28T19:13:29Z
Redmi Buds 3 Pro,YouTube,q-OUedQ7zwc,What is the app name?,11,2021-07-28T18:50:35Z
Redmi Buds 3 Pro,YouTube,q-OUedQ7zwc,Holly 383 likes only since when,0,2021-07-28T01:22:51Z
Redmi Buds 3 Pro,YouTube,q-OUedQ7zwc,So can you use the buds as wireless mics for vlogging with Xiaomi phones and their camera app?,9,2021-07-27T21:15:28Z
Redmi Buds 3 Pro,YouTube,q-OUedQ7zwc,Awesome my Nick❣️❣️❣️❣️,0,2021-07-27T19:39:45Z
Redmi Buds 3 Pro,YouTube,q-OUedQ7zwc,2:07 - can anyone explain me the difference? Difference between Battery Life on single charge? Battery life with case? I'm unable to understand what it means.,1,2021-07-27T14:56:57Z
Redmi Buds 3 Pro,YouTube,q-OUedQ7zwc,The best review of redmi buds 3 pro in the best hands 🥰❤️🔥🤩,6,2021-07-27T14:14:39Z
Redmi Buds 3 Pro,YouTube,q-OUedQ7zwc,"Hello 
Please a little request
Can you review the Xiaomi mi 11 test ( especially the pubg test)
There new update for every game so maybe the fps is better",1,2021-07-27T14:14:00Z
Redmi Buds 3 Pro,YouTube,q-OUedQ7zwc,This would be good for my Mi 10t Pro tho..using a Redmi Airdots S and pretty satisfied with the sound quality..only thing is the controls is too basic..this ought to be a good replacement/upgrades..,9,2021-07-27T13:54:37Z
Redmi Buds 3 Pro,YouTube,q-OUedQ7zwc,What about the sound quality? Bass and Treble?,0,2021-07-27T13:34:16Z
Redmi Buds 3 Pro,YouTube,q-OUedQ7zwc,Waiting for OnePlus Nord 2 review from Nick,0,2021-07-27T13:24:53Z
Redmi Buds 3 Pro,YouTube,q-OUedQ7zwc,OMG you are so handsome 😍 thanks for the review,1,2021-07-27T13:15:21Z
Redmi Buds 3 Pro,YouTube,q-OUedQ7zwc,"listening with my airdots 3 pro grey,, I can tell this is premium",7,2021-07-27T13:15:11Z
Redmi Buds 3 Pro,YouTube,q-OUedQ7zwc,How much it price?,0,2021-07-27T12:55:01Z
Redmi Buds 3 Pro,YouTube,q-OUedQ7zwc,Looks like a Pixel buds case copy 👀,2,2021-07-27T12:35:21Z
Redmi Buds 3 Pro,YouTube,q-OUedQ7zwc,Finally he remembered his channel 🤣🤣🤣,55,2021-07-27T11:38:06Z
Redmi Buds 3 Pro,YouTube,q-OUedQ7zwc,I think you should have discussed about the price,0,2021-07-27T11:33:43Z
Redmi Buds 3 Pro,YouTube,q-OUedQ7zwc,Bro when GT master exploration edition unboxing,2,2021-07-27T11:23:40Z
Redmi Buds 3 Pro,YouTube,q-OUedQ7zwc,What wireless earbud are you using right now for daily listening?,1,2021-07-27T11:15:36Z
Redmi Buds 3 Pro,YouTube,q-OUedQ7zwc,"The Price Tag seems suspicious. 🤔 
69 💶?!",0,2021-07-27T11:15:27Z
Redmi Buds 3 Pro,YouTube,q-OUedQ7zwc,"Great Video can I win this from you?
 I have been subscribed since last year's. And I've faced a lot of challenges with fake earbuds...",1,2021-07-27T11:10:04Z
Redmi Buds 3 Pro,YouTube,q-OUedQ7zwc,Long time no see,0,2021-07-27T11:08:34Z
Redmi Buds 3 Pro,YouTube,q-OUedQ7zwc,The case looks legit like the OnePlus buds that i have,10,2021-07-27T11:08:21Z
Redmi Buds 3 Pro,YouTube,q-OUedQ7zwc,"👍🏽
30",0,2021-07-27T11:06:52Z
Redmi Buds 3 Pro,YouTube,q-OUedQ7zwc,Pretty big box for small headphones lol,0,2021-07-27T11:04:48Z
Redmi Buds 3 Pro,YouTube,q-OUedQ7zwc,Where Nord 2 ??????????,0,2021-07-27T11:04:04Z
Redmi Buds 3 Pro,YouTube,q-OUedQ7zwc,sa,2,2021-07-27T11:03:15Z
Redmi Buds 3 Pro,YouTube,q-OUedQ7zwc,first bro,1,2021-07-27T11:03:02Z
Redmi Buds 3 Pro,YouTube,q-OUedQ7zwc,Where is the video of Realme Explorer edition unboxing and Realme master edition,1,2021-07-27T11:02:54Z
Redmi Buds 3 Pro,YouTube,bcoQWd24Zk8,"These are an improvement over the 1st gen buds. https://www.youtube.com/post/UgkxK5mc3yw4xA7Mf2j6k6n1Uqv_KUgrKdeM Pros: The fit is fantastic. This is the biggest plus. They stay in my ears when running and become unnoticeable. They are tight but comfortable. The sound quality is about the same as the 1st gen buds. They pair more easily with my LG G8 ThinQ and immediately reconnect when removed from the case. The sound balance is excellent, good but not overpowering base and clean mid tones and highs.Cons: The noise cancellation is good but perhaps a little less effective than the Bose ANC on the 1st gen buds. Passthrough mode as not as good as the 1st gen buds making it a little more difficult to hear conversations when in passthrough.",50,2023-08-16T13:59:52Z
Redmi Buds 3 Pro,YouTube,bcoQWd24Zk8,I can't find a good comparison between these and the regular Buds 4. Anyone got an opinion on which you prefer?,1,2023-04-29T03:47:17Z
Redmi Buds 3 Pro,YouTube,bcoQWd24Zk8,Is this still viable and good in 2023? Or are there better earphones at this price range? Can someone recommend me that's also ANC & TWS wireless earphones,0,2023-04-23T06:34:20Z
Redmi Buds 3 Pro,YouTube,bcoQWd24Zk8,"for call quality, the QCY T13 is better, is that right?",0,2023-04-12T02:56:07Z
Redmi Buds 3 Pro,YouTube,bcoQWd24Zk8,"hey guys, for the delay when playing, just a reminder that you don't play in slowmo. So no problem with that, definitely.",0,2023-03-24T03:42:32Z
Redmi Buds 3 Pro,YouTube,bcoQWd24Zk8,"I like this product, those buds are ok, but Realme buds 2 neo is more above, anc is more than here, and the bass, more than better. I'll make a gift to my wife those buds 3 pro, and I'll use my buds 2 Neo.",0,2023-02-11T21:32:42Z
Redmi Buds 3 Pro,YouTube,bcoQWd24Zk8,"Hey bro, I recently got these ear buds. What eartips would you recommend for them?",0,2023-01-10T08:06:30Z
Redmi Buds 3 Pro,YouTube,bcoQWd24Zk8,alexa working on?,0,2023-01-07T12:33:36Z
Redmi Buds 3 Pro,YouTube,bcoQWd24Zk8,"Hey, Sean. Do you think this buds can rival JBL Wave Buds?",0,2022-12-18T12:04:15Z
Redmi Buds 3 Pro,YouTube,bcoQWd24Zk8,it has a Bakugan feeling XD,0,2022-12-14T06:33:12Z
Redmi Buds 3 Pro,YouTube,bcoQWd24Zk8,Does it have an own app on app store,0,2022-12-12T00:44:49Z
Redmi Buds 3 Pro,YouTube,bcoQWd24Zk8,is 20 USD good for its price for today?,0,2022-12-08T23:30:43Z
Redmi Buds 3 Pro,YouTube,bcoQWd24Zk8,"Got it after watching your vid, wasn't disappointed. Keep up the good work.",0,2022-11-30T07:04:39Z
Redmi Buds 3 Pro,YouTube,bcoQWd24Zk8,The premium look and features enticed me to order these from Amazon today.  It will be my 1st Xiaomi earbuds so I'm curious to hear the audio quality and experience interaction with the app.,0,2022-11-04T17:11:49Z
Redmi Buds 3 Pro,YouTube,bcoQWd24Zk8,"Hello guys I need someone who is Conscious about redmi 3pro earbod 
Can I charge the case with redmi9pro charger",0,2022-09-04T13:43:56Z
Redmi Buds 3 Pro,YouTube,bcoQWd24Zk8,"EarBuds for all around BUT no for MUSIC  . VERY LOW BASS , LOW VOLUME  if u love music with high and quality bass and tremble its not  YOU . IM VERY dissapointed",0,2022-08-06T08:30:08Z
Redmi Buds 3 Pro,YouTube,bcoQWd24Zk8,"I just bought them, the noise cancellation is on a whole other level, they also are sooo premium on the touch.",1,2022-08-05T18:30:02Z
Redmi Buds 3 Pro,YouTube,bcoQWd24Zk8,"Hey bro, how does this compare in terms of Microphone to the Edifier GM4 Mini? Hoping to hear from you. Thank you so much!",0,2022-07-27T09:06:17Z
Redmi Buds 3 Pro,YouTube,bcoQWd24Zk8,"Hey Sean, i want to ask whether should i get 
1. redmi airdots 3 pro
2. realme buds air 3
3. soundpeats T3

Which one the best in term of ANC and sound quality which one would you recommend?",2,2022-06-06T05:06:41Z
Redmi Buds 3 Pro,YouTube,bcoQWd24Zk8,bummer no aptx...,0,2022-05-28T04:17:50Z
Redmi Buds 3 Pro,YouTube,bcoQWd24Zk8,"Xiaomi Redmi Buds 3 Pro and Soundpeats Mini Pro headphones, which one should I choose?
Thank so much",1,2022-05-21T03:47:07Z
Redmi Buds 3 Pro,YouTube,bcoQWd24Zk8,"I just got the Redmi buds 3 pro, hands down the best budget ANC buds! 9/10, got them in Hong Kong for $350 HKD, very budget friendly.",3,2022-05-17T10:16:40Z
Redmi Buds 3 Pro,YouTube,bcoQWd24Zk8,Is it called Airdots 3 pro also? So confused when want to buy case for it,0,2022-04-24T03:45:32Z
Redmi Buds 3 Pro,YouTube,bcoQWd24Zk8,would you pls advise name of the game you playing in video,0,2022-04-12T13:21:20Z
Redmi Buds 3 Pro,YouTube,bcoQWd24Zk8,Such an awesome review!!,0,2022-04-09T17:52:36Z
Redmi Buds 3 Pro,YouTube,bcoQWd24Zk8,I wonder how Redmi 3 Pro compares to Mi 2S,0,2022-04-08T19:19:51Z
Redmi Buds 3 Pro,YouTube,bcoQWd24Zk8,Hi! would you take these over the soundcore Life p3? thank you!,0,2022-03-19T22:01:40Z
Redmi Buds 3 Pro,YouTube,bcoQWd24Zk8,"Hello, have you also experienced any disconnection problems, particularly when using Zoom or Messenger? If so, how did you resolve it?",0,2022-02-20T06:21:58Z
Redmi Buds 3 Pro,YouTube,bcoQWd24Zk8,"how do u rate the sound quality and loudness of these compared to the xioami flip buds pro (i tried those in the store and they were incredible, very loud and amazing sound) - if these are the same or very similar i will buy them. let me know aap, thanks",0,2022-01-22T06:25:31Z
Redmi Buds 3 Pro,YouTube,bcoQWd24Zk8,which would you recommend? redmi earbuds 3 pro or the soundpeats t2?,0,2022-01-17T20:38:37Z
Redmi Buds 3 Pro,YouTube,bcoQWd24Zk8,Bro tell me witch is Bater this or tronsmart appolo air,0,2022-01-15T14:09:45Z
Redmi Buds 3 Pro,YouTube,bcoQWd24Zk8,Is the sound quality better than soundpeats t2?,0,2022-01-15T10:22:06Z
Redmi Buds 3 Pro,YouTube,bcoQWd24Zk8,"Hi bro, just got a Buds 3 Pro from lucky draw, I have a question lah, do you need to carry the case around when the earbuds are connected to phone? 
Like going out for makan or shopping, do we have to bring along the case? 

Hope you can guide me. 
Thank you 😁",0,2022-01-14T12:45:05Z
Redmi Buds 3 Pro,YouTube,bcoQWd24Zk8,This or realme air buds 2 music?,0,2022-01-07T03:21:41Z
Redmi Buds 3 Pro,YouTube,bcoQWd24Zk8,"I got this as Christmas gift, they sound is acceptable, not very good even my apple earphones (20€) are better, a noise cancellation is good, but my main problem is the size, I can't wear them for more than 20 minutes, it starts hurting my ears.... And the worst is that I can't return them because they are ""hygiene products""",0,2022-01-05T14:48:36Z
Redmi Buds 3 Pro,YouTube,bcoQWd24Zk8,is anyone feels that this buds once u wear it hurt your 👂 a bit? its a shape a bit bigger on the side?,0,2022-01-04T16:21:44Z
Redmi Buds 3 Pro,YouTube,bcoQWd24Zk8,Is the anc performance far better than realme buds neo 2?,0,2021-12-28T05:18:59Z
Redmi Buds 3 Pro,YouTube,bcoQWd24Zk8,Good Video - basically... a mix of (1More ColorBuds 2 with the case of the Pixel Buds A series) lol nice,0,2021-12-24T21:33:32Z
Redmi Buds 3 Pro,YouTube,bcoQWd24Zk8,No test about ANC 🤔🧐,1,2021-12-21T20:15:20Z
Redmi Buds 3 Pro,YouTube,bcoQWd24Zk8,Realme buds air 2 neo or redmi buds 3 pro?,1,2021-12-17T07:34:32Z
Redmi Buds 3 Pro,YouTube,bcoQWd24Zk8,Doesn't it have aptx?,0,2021-12-14T12:05:54Z
Redmi Buds 3 Pro,YouTube,bcoQWd24Zk8,I had to find different review bcs of the music :/,0,2021-12-14T10:48:37Z
Redmi Buds 3 Pro,YouTube,bcoQWd24Zk8,The volume of there's bud sucks don't buy them,0,2021-12-09T12:29:23Z
Redmi Buds 3 Pro,YouTube,bcoQWd24Zk8,Which do you think is better Redmi Buds 3 Pro or and 1more Comfobuds Pro?,0,2021-12-03T04:26:23Z
Redmi Buds 3 Pro,YouTube,bcoQWd24Zk8,How to disable and enable adc?,0,2021-12-02T19:11:16Z
Redmi Buds 3 Pro,YouTube,bcoQWd24Zk8,Better than Huawei freebuds pro?,0,2021-12-02T16:23:31Z
Redmi Buds 3 Pro,YouTube,bcoQWd24Zk8,"Hi, i just ordered mine online but also planning to buy a cute case for it. are they the same with redmi airdots 3 pro?",0,2021-11-25T07:10:50Z
Redmi Buds 3 Pro,YouTube,bcoQWd24Zk8,"Thanks bro

Please help me to choose between Redmi buds 3 pro and soundpets T2 

Which one do you prefer 

Thanks 😊",0,2021-11-24T19:00:42Z
Redmi Buds 3 Pro,YouTube,bcoQWd24Zk8,This or Edifier NeoBuds Pro?,0,2021-11-11T21:11:17Z
Redmi Buds 3 Pro,YouTube,bcoQWd24Zk8,do you suggest this earbuds for gaming? is the delay noticeable while gaming?,0,2021-11-08T14:21:20Z
Redmi Buds 3 Pro,YouTube,bcoQWd24Zk8,How to turn on/off manually without the case?,0,2021-10-19T22:41:53Z
Redmi Buds 3 Pro,YouTube,bcoQWd24Zk8,"hii, can i know what is the difference between redmi airdots 3 pro and this buds 3 pro model?",0,2021-10-18T08:59:28Z
Redmi Buds 3 Pro,YouTube,bcoQWd24Zk8,Hi. Do you think they're compatible with Xiaomi mi 10t lite?,0,2021-10-15T20:39:58Z
Redmi Buds 3 Pro,YouTube,bcoQWd24Zk8,"Hi, amazing Review 🙏 i have a question, are this earbuds better than the sound core a2 NC? (in therms of anc and bass)",0,2021-10-14T09:10:02Z
Redmi Buds 3 Pro,YouTube,bcoQWd24Zk8,Do u think there’s a lot of setbacks if I’m using it without the Mi Ai app?,1,2021-10-09T17:48:44Z
Redmi Buds 3 Pro,YouTube,bcoQWd24Zk8,Great review...got one last night. All good. Not having a mi phone and thus not being able to get thru the official app was bit disappointing. But saw one app called Mi Bud M8 and seems to work well  enabling volume controls on the buds....so far so good.,22,2021-10-09T05:27:19Z
Redmi Buds 3 Pro,YouTube,bcoQWd24Zk8,"The real question is, can it run Minecraft",0,2021-10-08T00:37:35Z
Redmi Buds 3 Pro,YouTube,bcoQWd24Zk8,very nice video! i was wondering how does this compare to airpods pro's noise cancelling,0,2021-10-07T15:25:03Z
Redmi Buds 3 Pro,YouTube,bcoQWd24Zk8,is this also known as the Redmi Airdots 3 pro elsewhere?,0,2021-10-07T02:51:41Z
Redmi Buds 3 Pro,YouTube,bcoQWd24Zk8,QCY HT01 or Redmi Earbuds 3 Pro's?,1,2021-10-05T13:54:30Z
Redmi Buds 3 Pro,YouTube,bcoQWd24Zk8,I like your voice Sean. And thank you for this helpful review <3,1,2021-10-03T18:19:40Z
Redmi Buds 3 Pro,YouTube,bcoQWd24Zk8,"Should I get Jabra 2, Xiaomi buds three pro or Samsung buds+?",0,2021-10-03T12:37:02Z
Redmi Buds 3 Pro,YouTube,bcoQWd24Zk8,"If u use mi phone under blue tooth have the buds settings to toggle the ANC, transparent, etc",0,2021-10-03T12:20:06Z
Redmi Buds 3 Pro,YouTube,bcoQWd24Zk8,@sean_talk_tech how does these compare to nothing ear? Can you make a website to compare all the earphones you review and leave affiliated links? That would be really useful.,0,2021-10-01T14:45:48Z
Redmi Buds 3 Pro,YouTube,bcoQWd24Zk8,Can we change between ANC and Transparency in iPhone device? Or only by tapping the buds?,0,2021-09-30T16:32:33Z
Redmi Buds 3 Pro,YouTube,bcoQWd24Zk8,"Hey Sean, i want to ask whether should i get redmi airdots 3 pro or should i go with soundcore liberty air 2 pro.. in term of ANC and sound quality which one would you recommend?",1,2021-09-30T03:59:01Z
Redmi Buds 3 Pro,YouTube,bcoQWd24Zk8,"I want to know, does the sound good like Airpods pro? 😅",0,2021-09-28T07:28:34Z
Redmi Buds 3 Pro,YouTube,bcoQWd24Zk8,Unfortunately you need xiaomi device to get into the settings….,0,2021-09-26T18:41:24Z
Redmi Buds 3 Pro,YouTube,bcoQWd24Zk8,Does ANC work during calls as well? I mean does the person on the other end of the call hear our noise cancelled voice?,1,2021-09-23T21:24:05Z
Redmi Buds 3 Pro,YouTube,bcoQWd24Zk8,Hi! Would like to ask between zmi purpods pro and these? Thanks!,0,2021-09-19T07:28:49Z
Redmi Buds 3 Pro,YouTube,bcoQWd24Zk8,"Hey, I just want to know how many charges can the charging case hold? Thank you!",0,2021-09-16T02:02:07Z
Redmi Buds 3 Pro,YouTube,bcoQWd24Zk8,the best budget earbuds I bought,0,2021-09-14T04:04:55Z
Redmi Buds 3 Pro,YouTube,bcoQWd24Zk8,Seems like better value that beats studio buds,0,2021-09-12T14:06:24Z
Redmi Buds 3 Pro,YouTube,bcoQWd24Zk8,like how you put it. honest review. good work,0,2021-09-10T15:33:25Z
Redmi Buds 3 Pro,YouTube,bcoQWd24Zk8,"Thank you for a great review, I have a question : I have a xiaomi mi note 10 lite and I want to buy this tws and able to use the extra functionality (app, software update etc) so should I get the China version or Global version? Thank you.",0,2021-09-08T21:17:16Z
Redmi Buds 3 Pro,YouTube,bcoQWd24Zk8,Will it falls out easily during workout? I am looking for a pair of earbuds for running purpose.,0,2021-09-07T02:56:58Z
Redmi Buds 3 Pro,YouTube,bcoQWd24Zk8,"I know that they are from other category, but how does this compares to the sony wf 1000 xm4?",1,2021-09-05T21:43:10Z
Redmi Buds 3 Pro,YouTube,bcoQWd24Zk8,There should be an update soon with advanced features and controls. Some devices already have it.,3,2021-09-03T14:51:36Z
Redmi Buds 3 Pro,YouTube,bcoQWd24Zk8,"Should have put multipoint in your title bro, been looking one at this price point for ages ! 
Anyway what do you mean about wanting the transparency sound to be louder ? Does your voice sound muffled when you speak with transparency ?  btw great review as always",0,2021-08-31T06:19:49Z
Redmi Buds 3 Pro,YouTube,bcoQWd24Zk8,What is the different of redmi airdots 3pro vs redmi airbuds 3pro,0,2021-08-30T14:40:50Z
Redmi Buds 3 Pro,YouTube,bcoQWd24Zk8,"Hi sean. Great video as always from u. Ordered this one just now from ur review haha. I see that ure using this earbuds with iphone. And on timestamp 10:47, i was wondering whether we can switch the 3 modes of anc, from depth balance and light as advertised. I know that they dont have the specific app at the moment, but can we control that? Or we have to stick with anc and environment mode only for now? Ill be using them with iphone. Hopefully i get to hear from u! Thanks!",1,2021-08-29T15:25:15Z
Redmi Buds 3 Pro,YouTube,bcoQWd24Zk8,Should I buy this or the Earfun free pro?,0,2021-08-25T00:03:28Z
Redmi Buds 3 Pro,YouTube,bcoQWd24Zk8,I'm glad I found your channel.,0,2021-08-22T02:22:11Z
Redmi Buds 3 Pro,YouTube,bcoQWd24Zk8,"This video rocks, at my place it is selling at around USD40. Do you think that is a steal? :) The edifier NB2 (not the pro) and Realme Buds Air 2 sells at a similar price but I like the overall design of Redmi.",0,2021-08-19T03:05:04Z
Redmi Buds 3 Pro,YouTube,bcoQWd24Zk8,"Redmi earbuds 3 pro vs haylou w1,,which one do you prefer more?",0,2021-08-18T01:58:49Z
Redmi Buds 3 Pro,YouTube,bcoQWd24Zk8,"Which one does sound better and has stronger anc, this or Soundpeats T2?",0,2021-08-13T07:22:18Z
Redmi Buds 3 Pro,YouTube,bcoQWd24Zk8,"Hi.

What makes me want these is the multipoint because I want the convenience between my Android phone and Windows laptop. Can you tell if these connect easily after the initial pairing or do I have to manually connect via Bluetooth settings every time?",3,2021-08-07T17:51:49Z
Redmi Buds 3 Pro,YouTube,bcoQWd24Zk8,"Hey Sean, between the Redmi airdots 3 pro and the soundcore life P3, which is better(overall)?",1,2021-08-07T15:37:13Z
Redmi Buds 3 Pro,YouTube,bcoQWd24Zk8,"Good video, between this and tozo nc2 which u choose? Personnaly I want good sound quality before all",0,2021-08-07T13:22:42Z
Redmi Buds 3 Pro,YouTube,bcoQWd24Zk8,Buds3pro vs Fiil cc pro which one do you prefer bro? I'm looking for a bright and clear sound..bass so so it's okay,0,2021-08-07T08:35:33Z
Redmi Buds 3 Pro,YouTube,bcoQWd24Zk8,"Are you using a Xiaomi phone? Other reviews I saw were and they were able to program gestures back, forward and set volume.",0,2021-08-03T20:52:44Z
Redmi Buds 3 Pro,YouTube,bcoQWd24Zk8,"Thanks for unboxing! With the Xiao AI app you can set, that 3 taps on the left bud will skip backwards and 3 taps on the right bud will skip forward. 👍",4,2021-08-01T18:34:58Z
Redmi Buds 3 Pro,YouTube,bcoQWd24Zk8,is china version differ from global?,0,2021-08-01T17:14:20Z
Redmi Buds 3 Pro,YouTube,bcoQWd24Zk8,The app is it global? Or just chinese?,0,2021-08-01T12:50:49Z
Redmi Buds 3 Pro,YouTube,bcoQWd24Zk8,redmi buds 3 pro vs redmi airdots 3🤔,0,2021-08-01T06:21:56Z
Redmi Buds 3 Pro,YouTube,bcoQWd24Zk8,"Nice review bro!
Really tempted to get this from the links you've provided, but right now only the Airdots 3 Pro (CN version) is available....
If I'm getting the CN version, I can only use the Mi AI app to control the features?
Or does the Buds 3 Pro uses the app as well?",0,2021-07-31T02:27:07Z
Redmi Buds 3 Pro,YouTube,bcoQWd24Zk8,Hey Sean! is this the best budget TWS earbuds you can buy now?,4,2021-07-31T01:01:12Z
Redmi Buds 3 Pro,YouTube,bcoQWd24Zk8,"Is it possible to change volume control from the buds?

Directly or via Xiao Ai hot words?",0,2021-07-30T09:42:01Z
Redmi Buds 3 Pro,YouTube,bcoQWd24Zk8,Impressive work man :) Any suggestions for other good ANC earbuds that has a longer batter life?,0,2021-07-30T00:46:42Z
Redmi Buds 3 Pro,YouTube,bcoQWd24Zk8,Hi bro. Can you suggest me in earbud anc with deep bass and clear quality. My budget below rm300. Please help.,1,2021-07-29T12:07:08Z
Redmi Buds 3 Pro,YouTube,bcoQWd24Zk8,"Hi Sean, can you review the JBL Wave 100 TWS earbuds? 
Am currently comparing Haylou W1, this redmi & the JBL. 

appreciate your feedback! thanks!!",0,2021-07-28T11:06:12Z
Redmi Buds 3 Pro,YouTube,bcoQWd24Zk8,"Between this n soundpeats t2, which one would you recommend? Cuz very hard to choose between this two",3,2021-07-28T09:25:34Z
Redmi Buds 3 Pro,YouTube,bcoQWd24Zk8,If goes inside the ear. Its an in ear monitor or iem and not earbud,1,2021-07-27T23:36:33Z
Redmi Buds 3 Pro,YouTube,bcoQWd24Zk8,Thats nice👌👌anyway did u heard about nothing?i mean “nothing ear (1)”,1,2021-07-27T18:06:05Z
Redmi Buds 3 Pro,YouTube,bcoQWd24Zk8,"Hey, will qcy ht01 be better than redmi buds 3 pro?",2,2021-07-27T14:55:28Z
Redmi Buds 3 Pro,YouTube,bcoQWd24Zk8,"Haylou gt5 vs QCY t13, which one is ok?",1,2021-07-27T09:57:23Z
Redmi Buds 3 Pro,YouTube,bcoQWd24Zk8,Damn the whole unboxing experience till the earbuds itself looks premium af! 🔥,2,2021-07-27T09:17:51Z
Redmi Buds 3 Pro,YouTube,bcoQWd24Zk8,"This looks soo premium! It's kinda shocking  that it's a red mi product. That being said, this is  a beautifully designed ear bud and packed with features. 
Good one Sean🙂👏👏",4,2021-07-27T08:56:52Z
Redmi Buds 3 Pro,YouTube,bcoQWd24Zk8,Nice!How is it in your ranking anc?,1,2021-07-27T05:58:00Z
Redmi Buds 3 Pro,YouTube,bcoQWd24Zk8,Hi Man nice video.... i have a question : which is better  tws for call quality / sound and comfort haylou gt6 vs qcy t5/s/pro.... big up Man,2,2021-07-27T05:03:15Z
Redmi Buds 3 Pro,YouTube,bcoQWd24Zk8,Does it have stronger ANC than the soundpeats T2?,1,2021-07-27T00:40:05Z
Redmi Buds 3 Pro,YouTube,bcoQWd24Zk8,"Hey Sean, was gonna buy Edifier NB2 Pro but I'm confused after watching this video, especially because of that sweet sweet multipoint. Which pair would you suggest I get for an overall better experience?",1,2021-07-27T00:17:35Z
Redmi Buds 3 Pro,YouTube,bcoQWd24Zk8,I'm loving all your reviews! How would you compare this over Edifier TWS1 Pro?,1,2021-07-27T00:12:35Z
Redmi Buds 3 Pro,YouTube,bcoQWd24Zk8,Impressive and detailed review! But I was wondering how would you compare this with Edifier NB2 Pro and Basues Simu S2 generally?,2,2021-07-26T21:59:03Z
Redmi Buds 3 Pro,YouTube,bcoQWd24Zk8,"Sean, amazing review as always! Thank you. I never use ANC because I feel unsafe in public. So the 6 Hours are great. Maybe im trying this one and put my Tronsmart Onxy Ace away for a while.",4,2021-07-26T17:19:44Z
Redmi Buds 3 Pro,YouTube,bcoQWd24Zk8,Which one better? This one or edifier tws nb2 pro,1,2021-07-26T17:10:24Z
Redmi Buds 3 Pro,YouTube,bcoQWd24Zk8,Finally it’s here and thanks to Sean 🍻,1,2021-07-26T15:59:08Z
Redmi Buds 3 Pro,YouTube,bcoQWd24Zk8,"Me using the Edifier TWS1 Pro Earnjds you recommended, it's awesome",1,2021-07-26T15:58:26Z
Redmi Buds 3 Pro,YouTube,bcoQWd24Zk8,"Please review the EDIFIER W820NB please.........
Thank youuu",1,2021-07-26T15:57:31Z
Redmi Buds 3 Pro,YouTube,bcoQWd24Zk8,Do I need to watch all your videos for the intro sounds? because this fire!,8,2021-07-26T15:41:13Z
Redmi Buds 3 Pro,YouTube,bcoQWd24Zk8,Great review like always deserve more subs tbh.🤌🏾,1,2021-07-26T15:40:49Z
Redmi Buds 3 Pro,YouTube,bcoQWd24Zk8,"They seem big, are they big? Would you say their better than the soundpeatsT2?",1,2021-07-26T15:36:00Z
Redmi Buds 3 Pro,YouTube,bcoQWd24Zk8,"I watched few of your reviews and it's hard to tell, which ones TWS are the best at the moment. Do you have any ranking for different price categories? Like 50$, 100$ etc.?",1,2021-07-26T15:08:19Z
Redmi Buds 3 Pro,YouTube,bcoQWd24Zk8,That case looks premium and wowed me! Reminded me of the Pixel Buds 2! The earbuds design reminded me of the Beats but this is way better!,51,2021-07-26T14:47:44Z
Redmi Buds 3 Pro,YouTube,bcoQWd24Zk8,Would u rate anc and Sq higher than the comfobuds pro?,1,2021-07-26T14:00:56Z
Redmi Buds 3 Pro,YouTube,bcoQWd24Zk8,"I appreciate the case and earbuds design
But the features are not🤣🇵🇭🇵🇭🇵🇭🇵🇭🇵🇭🇵🇭🇵🇭 
GODBLESS ❤️",1,2021-07-26T13:59:56Z
Redmi Buds 3 Pro,YouTube,bcoQWd24Zk8,Redmi buds 3 pro or edifier neo buds pro,1,2021-07-26T13:52:15Z
Redmi Buds 3 Pro,YouTube,bcoQWd24Zk8,i have been searching for review of this for almost 2 weeks now. finally got one today from one of my favorite reviewer. thanks.,3,2021-07-26T13:33:17Z
Redmi Buds 3 Pro,YouTube,bcoQWd24Zk8,Everything going great until... Poor controls. With the sheer volume of great choices there is no excuse for limited controls.,4,2021-07-26T13:16:10Z
Redmi Buds 3 Pro,YouTube,bcoQWd24Zk8,I knew it would be decent until the battery life which is mediocre at best for anc mode on but for under rm 300 it's good value,2,2021-07-26T13:07:18Z
Redmi Buds 3 Pro,YouTube,bcoQWd24Zk8,This is what probably will happen if a company decided to combine Pixel Buds 2 (case) and Samsung Galaxy Buds Pro (earbuds). 🤔,8,2021-07-26T12:30:10Z
Redmi Buds 3 Pro,YouTube,bcoQWd24Zk8,"wowww man,this seems super premium...as always you delivered a great review sean...way to go",3,2021-07-26T12:29:00Z
Redmi Buds 3 Pro,YouTube,bcoQWd24Zk8,"impressive that this has multipoint. that alone has got my attention. pity no volume control though. 

if you can get your hands on any Boltunes, would like to see your review on them.",14,2021-07-26T12:25:01Z
Redmi Buds 3 Pro,YouTube,bcoQWd24Zk8,Nice 😃👍,1,2021-07-26T12:10:19Z
Redmi Buds 3 Pro,YouTube,bcoQWd24Zk8,Ohhh nice those look amazing Sean,1,2021-07-26T12:07:28Z
Redmi Buds 3 Pro,YouTube,bcoQWd24Zk8,Wow 😍 Redmi buds 3 pro 😂👍 nice review 😎,2,2021-07-26T12:03:42Z
Redmi Buds 3 Pro,YouTube,bcoQWd24Zk8,Oh hell yeah big box to small box and then small container for the buds yey,2,2021-07-26T12:02:16Z
Redmi Buds 3 Pro,YouTube,k-vtthFlcN0,Volume Badhane ki koi trick nahi hai ?😕,0,2022-10-16T13:25:36Z
Redmi Buds 3 Pro,YouTube,k-vtthFlcN0,Gaming ke liye kaisa hai,0,2022-03-02T12:52:16Z
Redmi Buds 3 Pro,YouTube,k-vtthFlcN0,"Great review 🔥
I am impressed with Redmi Earbuds 3 Pro's call quality",0,2021-09-22T01:48:54Z
Redmi Buds 3 Pro,YouTube,k-vtthFlcN0,"premium design Earbuds with good clear & clean audio sound, battery backup 😍",0,2021-09-17T07:26:39Z
Redmi Buds 3 Pro,YouTube,k-vtthFlcN0,Great video 👍,0,2021-09-16T09:00:55Z
Redmi Buds 3 Pro,YouTube,k-vtthFlcN0,Nyc ear buds with these quality are awesome,1,2021-09-16T08:35:28Z
Redmi Buds 3 Pro,YouTube,k-vtthFlcN0,Best in category 🤘🤘🤘,0,2021-09-16T07:00:12Z
Redmi Buds 3 Pro,YouTube,k-vtthFlcN0,Awesome battery capacity 😍😍,0,2021-09-16T06:50:17Z
Redmi Buds 3 Pro,YouTube,k-vtthFlcN0,Since last 4 years i am using wired headphones and i am fed up of using wired headphones and that's why  I want to win Redmi Earbuds 3 pro  Tws,0,2021-09-15T16:07:53Z
Redmi Buds 3 Pro,YouTube,k-vtthFlcN0,Mic ka quality badia hain 👌,0,2021-09-15T15:04:56Z
Redmi Buds 3 Pro,YouTube,k-vtthFlcN0,Superb sound quality and excellent bass.,0,2021-09-15T13:58:16Z
Redmi Buds 3 Pro,YouTube,k-vtthFlcN0,Awesome 😎,1,2021-09-15T12:34:51Z
Redmi Buds 3 Pro,YouTube,k-vtthFlcN0,Nice earbuds,0,2021-09-15T05:37:19Z
Redmi Buds 3 Pro,YouTube,k-vtthFlcN0,Armin is a sellout.,0,2021-09-14T09:43:11Z
Redmi Buds 3 Pro,YouTube,k-vtthFlcN0,nice.. not that gud..,0,2021-09-14T09:10:33Z
Redmi Buds 3 Pro,YouTube,k-vtthFlcN0,❤️🤞🏻,0,2021-09-14T08:36:38Z
Redmi Buds 3 Pro,YouTube,k-vtthFlcN0,First like and comment frm me,0,2021-09-14T08:32:52Z
Redmi Buds 3 Pro,YouTube,EOpvyJTaf0I,"Sala flipkart ne ganda redmi buds 5 pakda diya tha (sensor not working, case garbage). Return kiya hai abhi (refund). Now what should I buy? ☹️ mujhe product to pasand aaya hai but... I'm afraid of flipkart MFs giving another garbage ☹️☹️☹️",2,2025-10-12T07:44:01Z
Redmi Buds 3 Pro,YouTube,EOpvyJTaf0I,❤️❤❤❤❤❤❤❤❤❤❤❤🎉🎉🎉🎉🎉🎉🎉🎉🎉🎉🎉🎉🎉🎉🎉🎉🎉🎉😮😮😮😮😮😮😮😊,0,2025-10-02T07:54:31Z
Redmi Buds 3 Pro,YouTube,fR1lMFK4ibU,The only thing I hate about the buds is the case it looks so ugly,0,2025-07-10T22:52:14Z
Redmi Buds 3 Pro,YouTube,fR1lMFK4ibU,I owned one. It's not working well on calls. That's so sad.,0,2024-04-09T11:22:22Z
Redmi Buds 3 Pro,YouTube,fR1lMFK4ibU,"It's 2024 and this Redmi 3 Pro still holds out even to current competitors! Great earbuds, wireless charging, Multi-point connection, excellent ANC even by 2024 standards, great balanced sounds. I got this brandnew now for just $23 USD. One of my favorite earbuds.",1,2024-04-03T17:10:12Z
Redmi Buds 3 Pro,YouTube,fR1lMFK4ibU,"mine broke, the left earpiece literally after one week after it dropped from like 3 feet. The volume wasn't that great either, not a very good buy for me.",0,2024-03-29T17:01:40Z
Redmi Buds 3 Pro,YouTube,fR1lMFK4ibU,"Hey, i know it's an old video but i just cant find any compression between this earbuds and soundpeats mini hs pro, and i know you or maybe the pepole here know which one sound better and anc. So I'll love any replay, thanks for quality content!",0,2023-10-26T11:17:00Z
Redmi Buds 3 Pro,YouTube,fR1lMFK4ibU,Just bought one yesterday for about 46 dollars,0,2023-10-17T02:47:36Z
Redmi Buds 3 Pro,YouTube,fR1lMFK4ibU,"I have this airpod and I can't use it in call mode in crowd, how do you say this is good👎",1,2023-05-03T12:10:43Z
Redmi Buds 3 Pro,YouTube,fR1lMFK4ibU,Is it the same with the global version?,0,2023-05-03T00:33:08Z
Redmi Buds 3 Pro,YouTube,fR1lMFK4ibU,Very good video. Could you try the redmi buds 4 pro?,0,2023-04-02T23:03:31Z
Redmi Buds 3 Pro,YouTube,fR1lMFK4ibU,Crossfit??? 😂😂😂,0,2023-02-04T14:56:38Z
Redmi Buds 3 Pro,YouTube,fR1lMFK4ibU,who has this and recommends for it to be bought ??,0,2023-01-11T07:58:40Z
Redmi Buds 3 Pro,YouTube,fR1lMFK4ibU,Is it really wireless charging?,0,2023-01-08T11:09:29Z
Redmi Buds 3 Pro,YouTube,fR1lMFK4ibU,after more than one year.. is it alive?!,2,2022-12-17T00:06:38Z
Redmi Buds 3 Pro,YouTube,fR1lMFK4ibU,Hi! Could I use them on multipoint confection But on two phone- IPhone 14 Pro and Zflip 4? The same Time? I mean I want to use just One  Bud and when One phone rings to answer and than the other rings and I can still answer from the same Bud,0,2022-11-14T20:17:40Z
Redmi Buds 3 Pro,YouTube,fR1lMFK4ibU,Can i use each side independently!?,0,2022-11-03T10:28:44Z
Redmi Buds 3 Pro,YouTube,fR1lMFK4ibU,I have had 3 pairs....worked only over three months. Always have had problems with sound level - nothing was heard in the headphones.,0,2022-10-17T18:20:43Z
Redmi Buds 3 Pro,YouTube,fR1lMFK4ibU,"""小爱同学"" this is the app for these earbuds",0,2022-10-12T01:51:17Z
Redmi Buds 3 Pro,YouTube,fR1lMFK4ibU,"No volume control is a total deal breaker, wow.",0,2022-10-02T04:36:33Z
Redmi Buds 3 Pro,YouTube,fR1lMFK4ibU,"Got them for 3 days and I need to say, that the overall quality is pretty neat. The software doesn't work for all redmis (I got note 9 pro and I needed to download the app). The buds sit good in the ear and the anc is pretty neat. The sound isn't the best of the best but they sound like 60 dollars tho. It's worth the money but I think I will buy better ones after those get lost or break.",2,2022-09-14T11:59:16Z
Redmi Buds 3 Pro,YouTube,fR1lMFK4ibU,The wide-angle of your camera is too wide [eg. your hands appears giantly before the side of your head]. Cheers,0,2022-08-27T21:45:05Z
Redmi Buds 3 Pro,YouTube,fR1lMFK4ibU,"Hello! 
I'm wondering, if you've tried the anker soundcore liberty air 2 pro, which of the 2 buds (this and the ankers) would be a better buy? (in my country the ankers are 65 dollars and the xaiomis are 80 dollars)",2,2022-07-25T04:33:20Z
Redmi Buds 3 Pro,YouTube,fR1lMFK4ibU,This is the best review of the  buds 3 pro I've seen. It had all that I needed to know and was presented in such a professional yet charming way that I really enjoyed it. Thank you!,2,2022-07-14T06:16:08Z
Redmi Buds 3 Pro,YouTube,fR1lMFK4ibU,"Hey @picky audio, any open ear or semi in ear buds with multipoint under 60usd",0,2022-06-27T16:53:55Z
Redmi Buds 3 Pro,YouTube,fR1lMFK4ibU,"It's unfortunate mine had connectivity issues and the sound quality was flat with no EQ adjustability. The Mi Buds M8 app helped customize but yeah no EQ adjust. The buds also give off Shrek vibes too LOL

It sucks the Buds 4 Pro don't have wireless charging but these do",0,2022-06-09T15:46:21Z
Redmi Buds 3 Pro,YouTube,fR1lMFK4ibU,very nice and beautiful,0,2022-06-05T17:51:10Z
Redmi Buds 3 Pro,YouTube,fR1lMFK4ibU,what about mi buds 3t pro,0,2022-05-22T17:30:05Z
Redmi Buds 3 Pro,YouTube,fR1lMFK4ibU,"Xiaomi Redmi Buds 3 Pro and Soundpeats Mini Pro headphones, which one should I choose? 
Thank so much",0,2022-05-21T03:49:55Z
Redmi Buds 3 Pro,YouTube,fR1lMFK4ibU,I am watching this video while using these earbuds 😁😁,2,2022-04-25T17:11:43Z
Redmi Buds 3 Pro,YouTube,fR1lMFK4ibU,Realme earbuds 3 pro ή huawei 4i,0,2022-03-31T21:20:47Z
Redmi Buds 3 Pro,YouTube,fR1lMFK4ibU,"Quick question is it possible to hear both your laptop and smartphone at the same time? for example a zoom call in the computer + music from the phone? I want this because I hate auto-switching. 

Thanks",0,2022-03-23T23:44:51Z
Redmi Buds 3 Pro,YouTube,fR1lMFK4ibU,I my country 60 dollars is high end xd plus they are 75 in my country,0,2022-03-23T10:17:56Z
Redmi Buds 3 Pro,YouTube,fR1lMFK4ibU,App for iPhone doesn’t exist ?!?,1,2022-02-21T18:31:58Z
Redmi Buds 3 Pro,YouTube,fR1lMFK4ibU,Sound and mic quality is superb!! but bad thing is the VOLUME!!! I prefer a high volume!! thanks you said it on the last minute of your review bro!!👌,3,2022-02-20T04:56:18Z
Redmi Buds 3 Pro,YouTube,fR1lMFK4ibU,"Hello! Did you also experience random disconnection issues, especially when using it for Zoom, Messenger or any other calls. If so, how did you resolve it? Thank you so much!",0,2022-02-17T20:45:14Z
Redmi Buds 3 Pro,YouTube,fR1lMFK4ibU,Can they be connected to samsung s10,0,2022-02-04T22:03:51Z
Redmi Buds 3 Pro,YouTube,fR1lMFK4ibU,Please...if you know and you can help me : which is the better choice between Realme Buds Air 2 and Redmi Buds 3 Pro ???,0,2022-01-23T15:08:00Z
Redmi Buds 3 Pro,YouTube,fR1lMFK4ibU,"Thanks for the review. I just want ask 1 question about transparency. What if goes cyling did the sound of the wind like you blow the microphone with wind or the sound like natural? I mean still hear the outside traffic with out noise wind? 
Thanks",1,2022-01-15T00:26:23Z
Redmi Buds 3 Pro,YouTube,fR1lMFK4ibU,Those or galaxy buds+?,0,2022-01-02T10:26:36Z
Redmi Buds 3 Pro,YouTube,fR1lMFK4ibU,"great review man, just what i was looking for.",1,2021-12-27T20:20:42Z
Redmi Buds 3 Pro,YouTube,fR1lMFK4ibU,"You said it take 10 minutes for 3 hours of usage, which is awesome, but then go on to say that 1 hour is needed for charging dead to full. Going by 10 minutes for 3 hour usage it should take 20 minutes charge for 6 hours usage. 6 hours should be max usage.",3,2021-12-22T01:25:29Z
Redmi Buds 3 Pro,YouTube,fR1lMFK4ibU,actually there is volume control gesture,0,2021-12-17T15:48:08Z
Redmi Buds 3 Pro,YouTube,fR1lMFK4ibU,Can someone tell me how to get the App at 4:18?,0,2021-12-13T16:59:03Z
Redmi Buds 3 Pro,YouTube,fR1lMFK4ibU,These are trash don't buy em the value is so low you can't here what your music. Keep in mind there's review people get free stuff so there not going to say they should like trash or they won't get any more free stuff. So pretty much scammers if you ask me,0,2021-12-08T22:13:52Z
Redmi Buds 3 Pro,YouTube,fR1lMFK4ibU,Mi buds m8 app allows all android to use the app with the earbuds and turn of anc,15,2021-11-22T09:42:42Z
Redmi Buds 3 Pro,YouTube,fR1lMFK4ibU,Will this buds work for the gym or is the volume too low?thank you.,1,2021-11-20T08:24:05Z
Redmi Buds 3 Pro,YouTube,fR1lMFK4ibU,"Hi, may i ask how did you connect the earbuds to you macbook? Thanks",0,2021-11-18T15:20:18Z
Redmi Buds 3 Pro,YouTube,fR1lMFK4ibU,"Hello, I have a Redmi Note 10 Pro but can't find the settings. What did you do to unlock them?",0,2021-11-18T09:31:05Z
Redmi Buds 3 Pro,YouTube,fR1lMFK4ibU,Is this better than the edifier nb2 pro?,0,2021-11-15T16:26:03Z
Redmi Buds 3 Pro,YouTube,fR1lMFK4ibU,"So I got these coming off Galaxy Live and a pair of over heard XM4s. I was very hyped with the feature set, but I found them very lacking in sound richness vs the galaxy live. Not to mention noise cancelling as well when my only reference is the XM4. 

Will return the Redmi buds. If I forgo the multipoint, what would you recommend if I'm looking for slightly better ANC and sound quality on par with Buds live?",1,2021-11-10T11:41:38Z
Redmi Buds 3 Pro,YouTube,fR1lMFK4ibU,pretty good review ! anyway i think you can try Mi Buds M8 third party app to customize the ANC and other,0,2021-11-09T12:18:10Z
Redmi Buds 3 Pro,YouTube,fR1lMFK4ibU,Hello does the third party app mi buds m8 work for these?,0,2021-10-31T04:08:54Z
Redmi Buds 3 Pro,YouTube,fR1lMFK4ibU,"So, you can't turn off ANC and transparency mode?",1,2021-10-30T11:18:18Z
Redmi Buds 3 Pro,YouTube,fR1lMFK4ibU,There is a 3rd party app called mi buds m8. Full function on any phone. I think it's better than my Samsung buds pro and my free buds pro.,5,2021-10-27T14:30:23Z
Redmi Buds 3 Pro,YouTube,fR1lMFK4ibU,"Really nice review! The only thing I would have liked to see is, when you're talking about your tests (like the one where you go to your car to test the noise cancellation) it would make the video more interesting if you recorded some B roll of you doing that test to put it while you talk on the background, no sound needed from those clip, just the image of you in the car using the buds or something to make the video more visually pleasing. Other than that, good job!",7,2021-10-22T11:47:30Z
Redmi Buds 3 Pro,YouTube,fR1lMFK4ibU,"Hello, picky. I have a bit of question. Have you tried the options of bluetooth codec supported by Redmi Buds 3 Pro? Because my friend who have just bought them said this buds can also support LDAC codec.",1,2021-10-17T09:59:38Z
Redmi Buds 3 Pro,YouTube,fR1lMFK4ibU,And does the UI thing work with Poco x 3 pro phone,1,2021-10-16T08:11:47Z
Redmi Buds 3 Pro,YouTube,fR1lMFK4ibU,"Would you recomend this or soundpeats h1 ?
This video is just awesome",1,2021-10-15T14:28:08Z
Redmi Buds 3 Pro,YouTube,fR1lMFK4ibU,"Good for the first few months till they stop working. Even though the price is ok, it's still too expensive to rebuy it every 3 months. 

Terrible support from Xiaomi, no app support even still. 

Definitely skip these and get something better.",0,2021-10-13T11:48:17Z
Redmi Buds 3 Pro,YouTube,fR1lMFK4ibU,How to enter the settings ?,0,2021-10-10T04:07:02Z
Redmi Buds 3 Pro,YouTube,fR1lMFK4ibU,"which is better? , this or beats studio buds, in terms of sound quality and ANC",0,2021-10-09T08:30:32Z
Redmi Buds 3 Pro,YouTube,fR1lMFK4ibU,"I just bought it 2 days ago. I experienced the same quietness for loudness. But, it's great alternative to my sony wired XB-75 earbuds. I just use this if I go workout. But when I stayed down, I'll go grab my Sony",3,2021-10-05T10:56:39Z
Redmi Buds 3 Pro,YouTube,fR1lMFK4ibU,"Such a good review, keep going man.",1,2021-10-05T10:47:23Z
Redmi Buds 3 Pro,YouTube,fR1lMFK4ibU,"So as a bass lover, should I pick these or should I try to look for a product with heavier bass? I couldn't really get that from your review. For the rest, great job 😄",3,2021-10-05T08:20:11Z
Redmi Buds 3 Pro,YouTube,fR1lMFK4ibU,"Hey, in terms of ANC. What do u recommend more, the soundpeats t2 or this the redmi buds 3 pro?",1,2021-10-04T00:38:13Z
Redmi Buds 3 Pro,YouTube,fR1lMFK4ibU,What are the best ear buds you've ever tested? Let me guess. SONY?,2,2021-09-30T22:18:18Z
Redmi Buds 3 Pro,YouTube,fR1lMFK4ibU,which app for setting this earbuds?,1,2021-09-30T07:16:16Z
Redmi Buds 3 Pro,YouTube,fR1lMFK4ibU,"Plz tell me best mobile xiaomi, mi
 Lite 5g ,  11t pro
 Plz tell me. Poco f3
Fast answer me",0,2021-09-29T18:16:18Z
Redmi Buds 3 Pro,YouTube,fR1lMFK4ibU,"In so sad 
 No launch in india",0,2021-09-29T18:13:18Z
Redmi Buds 3 Pro,YouTube,fR1lMFK4ibU,"Hey, I bought the exact airdots a month ago and I am having a lot of microphone issues, both on laptop and my android phone. My sound is always muffled and the background noise is actually more audible than my own voice during calls and meetings.

The biggest bummer is that it's app is in Chinese language with no translation available. I saw your video and the microphone test sounded really great. Can you please tell me what settings are you using for it to give best Microphone results? Maybe my settings are messed up 🤷🏻‍♀️

Thanks!",2,2021-09-29T07:05:08Z
Redmi Buds 3 Pro,YouTube,fR1lMFK4ibU,wth one can't turn noise cancelling off if one don't have xiaomi phone!!!. watch till that and stop. need not watch further as i definitely not going to buy this earbud if one can't turn on and off noise cancelling,0,2021-09-28T13:37:30Z
Redmi Buds 3 Pro,YouTube,fR1lMFK4ibU,Very detailed review. Keep making reviews mate it will pay off. 😉,2,2021-09-23T17:04:15Z
Redmi Buds 3 Pro,YouTube,fR1lMFK4ibU,Thanks for the video. Can you offer Buds 3 Pro or Jabra 75t or 85t? Thanx for the answer,0,2021-09-22T10:32:07Z
Redmi Buds 3 Pro,YouTube,fR1lMFK4ibU,How do u switch off anc when u don’t have the app ? Long touch is only to toggle between anc & transparency mode,2,2021-09-22T09:49:12Z
Redmi Buds 3 Pro,YouTube,fR1lMFK4ibU,Sadly no aptx.,1,2021-09-18T08:28:01Z
Redmi Buds 3 Pro,YouTube,fR1lMFK4ibU,"Hi Bro, How'd you get the app for the redmi buds 3 pro?",1,2021-09-11T14:42:55Z
Redmi Buds 3 Pro,YouTube,fR1lMFK4ibU,Would you rather choose this over soundpeats t2 ?,1,2021-09-10T13:08:04Z
Redmi Buds 3 Pro,YouTube,fR1lMFK4ibU,If price no issue which is better these or airpod pro it sounds like mic on these is better than airpod pro could it be? By how much better?,1,2021-09-09T18:55:31Z
Redmi Buds 3 Pro,YouTube,fR1lMFK4ibU,how does this compares to the higher end models such as sony xm3/xm4?,1,2021-09-06T13:56:07Z
Redmi Buds 3 Pro,YouTube,fR1lMFK4ibU,"Hey! 
Nothing ear (1) vs Galaxy Live Beans? I get em for same price in my country, so which one to go. Latency while watching TV is a factor for me, sound and call matter also. Please help with one",0,2021-09-04T21:49:57Z
Redmi Buds 3 Pro,YouTube,fR1lMFK4ibU,"Hi bro, can you compare this to the fiil cc pro, fiil t1 pro and the 1more comfobuds pro? Please!!! I hope you read my comment🙏🙏🙏",0,2021-09-04T10:52:59Z
Redmi Buds 3 Pro,YouTube,fR1lMFK4ibU,Plz compare soundpeats mac with q and truecapsule 2,0,2021-09-04T09:47:51Z
Redmi Buds 3 Pro,YouTube,fR1lMFK4ibU,"Picky!! Congrats on 10k, well deserved ❤ Bought the soundpeats trueair2 thanks to you and Kenneth's reviews :D",0,2021-09-04T04:53:48Z
Redmi Buds 3 Pro,YouTube,fR1lMFK4ibU,Do you recommend this over the soundpeats h1?,0,2021-09-04T02:59:58Z
Redmi Buds 3 Pro,YouTube,fR1lMFK4ibU,"Which out of these 3 is the best option
Earfun air 2 pro , Redmi earbuds 3 pro and edifier tws nb2 pro?",1,2021-09-01T21:24:24Z
Redmi Buds 3 Pro,YouTube,fR1lMFK4ibU,Please review the UE fit! ♥️♥️ :D,0,2021-08-31T22:39:18Z
Redmi Buds 3 Pro,YouTube,fR1lMFK4ibU,So they work with Siri?,0,2021-08-31T21:19:22Z
Redmi Buds 3 Pro,YouTube,fR1lMFK4ibU,"Hello! I am currently looking for iems under $100 but have been a bit overwhelmed by all the choices! 

Main features I look for:
-Sound quality 
-ANC
-Ambient Sound
-Workout Certified

So far, the Jabra Elite 75t and the Soundpeats T2 seem to be the best in this category. Which one would you recommend? Have another iem that you think would be even better?

One of the best reviewers on YouTube! I truly enjoy you content! Thank you for your time! 🙌",2,2021-08-31T20:12:17Z
Redmi Buds 3 Pro,YouTube,fR1lMFK4ibU,"Great video, the design reminds me of the 1More Colorbuds",1,2021-08-31T16:17:31Z
Redmi Buds 3 Pro,YouTube,fR1lMFK4ibU,"OMG been waiting for a multipoint connection earbuds for ages, hope to see more of this tech to roll out more later this year
BTW how is the transparency mode ? does it sound muffled when you speak ?",4,2021-08-31T06:00:11Z
Redmi Buds 3 Pro,YouTube,fR1lMFK4ibU,"Seriously impressed with the phone call quality 😲.

Super microphones, balanced sound, fairly compact charging box, wireless charging, decent autonomy and especially multipoint all that at $50, Xiaomi take my money 🤩.",18,2021-08-30T22:22:05Z
Redmi Buds 3 Pro,YouTube,fR1lMFK4ibU,The design reminds me 1MORE ColorBuds,0,2021-08-30T21:32:40Z
Redmi Buds 3 Pro,YouTube,fR1lMFK4ibU,I have Xiaomi device. How can i download the app ?,0,2021-08-30T12:17:10Z
Redmi Buds 3 Pro,YouTube,fR1lMFK4ibU,Awesome Picky review.  Too bad on volume. Volume control is a necessity though.,2,2021-08-30T10:46:55Z
Redmi Buds 3 Pro,YouTube,fR1lMFK4ibU,Getting there to 10k Subs! One of my favourite review channels💪🏻,1,2021-08-30T07:03:00Z
Redmi Buds 3 Pro,YouTube,fR1lMFK4ibU,When indonesia launch this ....,0,2021-08-30T06:21:34Z
Redmi Buds 3 Pro,YouTube,fR1lMFK4ibU,Yes!!!!  Multi-point connection.  Why don’t more buds have this feature?,10,2021-08-30T00:02:10Z
Redmi Buds 3 Pro,YouTube,fR1lMFK4ibU,Would you be able to review UGREEN HiTune X5 tws? Or provide your opinion about it?,0,2021-08-29T21:18:00Z
Redmi Buds 3 Pro,YouTube,fR1lMFK4ibU,Still waiting for your Galaxy Buds 2 review 🧐,1,2021-08-29T17:31:42Z
Redmi Buds 3 Pro,YouTube,fR1lMFK4ibU,Thanks for another IN DEPTH review! 😝 I like how you take the time to thoroughly test all of the buds in your reviews. I also noticed you added a latency test fairly recently so it's obvious that you're trying to even further improve and refine your process. All of your extra work is appreciated and it really sets you in a class above the majority of reviewers. Keep up the excellent work! 😁👍👏,29,2021-08-29T16:41:28Z
Redmi Buds 3 Pro,YouTube,fR1lMFK4ibU,"Thanks again for great content as always great job.   However that would be a hard pass for me with questionable performance, limited controls, locked ecosystem are not particularly compelling arguments to consider pulling the trigger on these buds That are feature locked in its own ecosystem.",5,2021-08-29T15:09:03Z
Redmi Buds 3 Pro,YouTube,fR1lMFK4ibU,Great review. Any chance you could review the xiaomi flipbuds pro?,1,2021-08-29T13:58:06Z
Redmi Buds 3 Pro,YouTube,fR1lMFK4ibU,These sound good for my backup to my Plantronics Voyager Focus for business. Unfortunately I won’t buy anything on Ali express because if they don’t fit or break I can’t take them beck like I can on Amazon,1,2021-08-29T13:25:05Z
Redmi Buds 3 Pro,YouTube,fR1lMFK4ibU,The noise cancelling mic is the best I've ever heard. Too bad about the volume control.,6,2021-08-29T13:19:42Z
Redmi Buds 3 Pro,YouTube,fR1lMFK4ibU,"Been waiting for you to make the review so much, thank you for the in depth review!",1,2021-08-29T12:45:25Z
Redmi Buds 3 Pro,YouTube,fR1lMFK4ibU,Once again and amazing review Mate.,1,2021-08-29T11:49:42Z
Redmi Buds 3 Pro,YouTube,fR1lMFK4ibU,Man the volume thing is a killer. AWESOME review PICKY ! LOL,2,2021-08-29T11:00:35Z
Redmi Buds 3 Pro,YouTube,fR1lMFK4ibU,amazing ❤️,1,2021-08-29T10:55:39Z
Redmi Buds 3 Pro,YouTube,fR1lMFK4ibU,Great to see another video 👌🏻,1,2021-08-29T10:48:48Z
Redmi Buds 3 Pro,YouTube,fR1lMFK4ibU,"Wauw, multipoint and individual earbud use. Jabra has no excuse! Great vid",9,2021-08-29T10:22:53Z
Redmi Buds 3 Pro,YouTube,fR1lMFK4ibU,Edifier Neobuds Pro!!!!!,2,2021-08-29T10:21:11Z
Redmi Buds 3 Pro,YouTube,fR1lMFK4ibU,The mic performance seems to be pretty good. Multipoint pairing is a pretty good plus point too. Thanks for the review! Do these work well with spinfits? Had a pair of tws that didn't fit in the case properly after swapping out the bundled tips for spinfits,5,2021-08-29T10:16:19Z
Redmi Buds 3 Pro,YouTube,fR1lMFK4ibU,"Mann... i was waitin' for some of my trusted reviewers to try the Redmi Airdots 3 Pro (Buds 3 Pro), just because i wanted a budget tws with decent Transparency mode, since my Samsung Buds Pro died on me last week. 
They do have an integrated ""app"" in the latest MIUI 12.5.2 like you said, wich is nice since i have a Poco F2 Pro, if not, i think you can use the Mi AI (chinese) app in any android phone (at least on the Airdots 3 Pro).
So... at least transparency mode is quite natural, that's good; lack of volume? pfft i never listen to my buds at over 40-50% volume anyway and Balanced Sound Signature tuning, my type of earbud overall =D
Thanks for reviewing this, dude.",5,2021-08-29T10:15:44Z
Redmi Buds 3 Pro,YouTube,fR1lMFK4ibU,Hey i like your in depth review but can you unbox and review of earfun airpro 2 newly launched buds,4,2021-08-29T09:58:32Z
Redmi Buds 3 Pro,YouTube,fR1lMFK4ibU,⛈🥲,1,2021-08-29T09:51:43Z
Redmi Buds 3 Pro,YouTube,ro1AixUKemc,gayang gaya tlga sa iphone hahaha,0,2023-05-16T10:07:38Z
Redmi Buds 3 Pro,YouTube,ro1AixUKemc,Best tws for me.,0,2023-03-16T12:09:25Z
Redmi Buds 3 Pro,YouTube,ro1AixUKemc,My left bud isn't charging. Anything I can do to fix this?,0,2022-07-07T06:40:46Z
Redmi Buds 3 Pro,YouTube,ro1AixUKemc,I just bought these and very disappointed with the sound... Music is very medium without any bass.. Very sad,0,2022-04-20T12:44:13Z
Redmi Buds 3 Pro,YouTube,ro1AixUKemc,What is this like compared to wf c500!,0,2022-04-09T20:53:00Z
Redmi Buds 3 Pro,YouTube,ro1AixUKemc,This is what I have and I got a lovely pink case for it. I love the sound quality and noise cancellation. Plus the design is so chic. I recommend it for ladies. Very discrete on the ears.,0,2022-03-17T01:01:15Z
Redmi Buds 3 Pro,YouTube,ro1AixUKemc,"Fantastic Review like always, I wonder if The Redmi Buds 3 Pro is better than the ZMI Purpods Pro",1,2022-03-05T09:27:08Z
Redmi Buds 3 Pro,YouTube,ro1AixUKemc,Please .... which is the better choice between Redmi Buds 3 Pro and Realme buds air 2 ???,1,2022-01-27T09:05:34Z
Redmi Buds 3 Pro,YouTube,ro1AixUKemc,"here i want to tell something that i experience, this is the best and feature rich TWS, because i bought many earbuds before like, Sony Xm3 (for me the negative is average ANC and always falloff and not somany feature and quite expensive), Sony Sp800N (Good Fit but ANC meh), Huawei Freebuds 3i (one of the best ANC if you use Double Flange Eartip but the battery life is so bad only 3hr anc active but i still love this 3i , Huawei Freebuds 4i (the only good thing is its battery life everything else is just average and i dont know why Huawei make it so big  and the tws nozzle is sooo shallow i dont why huawei thing this design, Freebuds 3i is better than 4i, Huawei Freebuds PRO (this thing that i dissapoint the most i just bought it like 3 days, and re sell it again because the ANC is getting NERF its suppose like up to -40db and with it now is like BAD its feel like u dont use anc, my cheapest wired cable earphone do better passive than this tws, and the battery life is so bad like 3i but even bad, audio meh, comfort meh, i dont recommended it Note : again Why in the hell huawei make the earbuds so big and nozzle so shallow its even barely fit in my ear, again guys dont make mistake like me, i just feel like donkey, i bought this Redmi buds 3 pro because i use Xiaomi 11T pro and wow this is the best so far i ever feel with tws all round TWS worth it so much,,, thanks for reading, cheers!",3,2022-01-19T07:05:11Z
Redmi Buds 3 Pro,YouTube,ro1AixUKemc,How to charge em? Im using my phone's adapter (sony) but only once since i bought the buds. I don't want to damage them 😁,0,2022-01-01T06:51:25Z
Redmi Buds 3 Pro,YouTube,ro1AixUKemc,"https://youtu.be/tWaRtBLJQ4k No necesitan App, se configuran en el Bluetooth.",0,2021-11-22T04:55:30Z
Redmi Buds 3 Pro,YouTube,ro1AixUKemc,dont have any sound sample  .,0,2021-11-04T06:16:03Z
Redmi Buds 3 Pro,YouTube,ro1AixUKemc,"Hi, I just want to ask, how many charges can the charging case hold? Thank you!",0,2021-09-16T02:04:30Z
Redmi Buds 3 Pro,YouTube,ro1AixUKemc,Will the popup still work on phones in eu rom?,0,2021-08-25T09:22:03Z
Redmi Buds 3 Pro,YouTube,ro1AixUKemc,"when i connect, mine i dont see any animation or see the left/right buds battery life, did you install any software?",0,2021-08-23T15:12:26Z
Redmi Buds 3 Pro,YouTube,ro1AixUKemc,i like this 👌,0,2021-08-22T09:19:05Z
Redmi Buds 3 Pro,YouTube,ro1AixUKemc,App for buds 3 pro?,0,2021-08-21T05:08:42Z
Redmi Buds 3 Pro,YouTube,ro1AixUKemc,"Great review. Please may I ask, would this be excellent for calls? I need it basically for phone calls only.",2,2021-08-18T08:19:33Z
Redmi Buds 3 Pro,YouTube,ro1AixUKemc,Nice one bai!,2,2021-08-17T05:08:10Z
Redmi Buds 3 Pro,YouTube,23lvxGaAqns,"Bhai ek saal bad boat ka halwa nikal jata hai. Main likh k deta hoon kisi ek side k earbuds mein problem 100% percent ayega, itna ghatiya product hai. #boat",0,2026-01-11T04:11:59Z
Redmi Buds 3 Pro,YouTube,23lvxGaAqns,Ek saal baad boat ka only 1 earbud working properly. So think about it before purchase boat. #boat,0,2026-01-11T04:10:06Z
Redmi Buds 3 Pro,YouTube,23lvxGaAqns,I had bought 2 boat tws 5 months ago and both stopped working,0,2026-01-05T10:42:21Z
Redmi Buds 3 Pro,YouTube,23lvxGaAqns,On apple as well,0,2025-12-26T18:45:59Z
Redmi Buds 3 Pro,YouTube,23lvxGaAqns,Kya mtlbb ye Boat ka ad nhi ha?,1,2025-12-20T12:59:33Z
Redmi Buds 3 Pro,YouTube,23lvxGaAqns,Mere paas to chu 2 ha,0,2025-12-17T16:14:32Z
Redmi Buds 3 Pro,YouTube,23lvxGaAqns,ADviser,0,2025-12-14T20:08:23Z
Redmi Buds 3 Pro,YouTube,23lvxGaAqns,Sponsor,0,2025-12-14T05:44:12Z
Redmi Buds 3 Pro,YouTube,23lvxGaAqns,Bro what is battery life on single charge,0,2025-12-14T02:56:09Z
Redmi Buds 3 Pro,YouTube,23lvxGaAqns,still buy one plus,0,2025-12-14T02:24:32Z
Redmi Buds 3 Pro,YouTube,23lvxGaAqns,Lol I have oneplus device 😂,0,2025-12-12T01:40:25Z
Redmi Buds 3 Pro,YouTube,23lvxGaAqns,I'm a boat user and I've experienced the boat uses cheaper plastic. they never feel premium and have the same story with realme and from the past few months ago I've switched to OnePlus,0,2025-12-09T20:02:47Z
Redmi Buds 3 Pro,YouTube,23lvxGaAqns,He's taking people for fools,0,2025-11-21T19:50:09Z
Redmi Buds 3 Pro,YouTube,23lvxGaAqns,Please mention Advertisement!,0,2025-11-20T14:01:34Z
Redmi Buds 3 Pro,YouTube,23lvxGaAqns,The ad is so long 😂,1,2025-11-19T20:11:46Z
Redmi Buds 3 Pro,YouTube,23lvxGaAqns,Oneplus nord buds 3 pro is really very good. Sound quality is crisp. Also the noise cancelation is very good. I use it every day. ❤,0,2025-11-03T22:01:42Z
Redmi Buds 3 Pro,YouTube,23lvxGaAqns,Boat never fit in ear,0,2025-10-31T01:56:31Z
Redmi Buds 3 Pro,YouTube,23lvxGaAqns,Whta about realme t310 buds,0,2025-10-25T07:39:19Z
Redmi Buds 3 Pro,YouTube,23lvxGaAqns,Dumbest way to promote a product,0,2025-10-22T09:38:53Z
Redmi Buds 3 Pro,YouTube,23lvxGaAqns,"I have the nord one for past 3 yrs . They are miracle for me . 
I had to buy OnePlus z neckband every year but the day I bought nord earbuds I m so relieved",0,2025-10-20T18:34:07Z
Redmi Buds 3 Pro,YouTube,23lvxGaAqns,Boat after 6 months 🤡,0,2025-10-14T08:10:37Z
Redmi Buds 3 Pro,YouTube,23lvxGaAqns,Paytm par ₹40 rupay prapt hue devi aur sajaano 😂😂😂,7,2025-10-12T08:36:05Z
Redmi Buds 3 Pro,YouTube,23lvxGaAqns,I'm surprised your buds fell out of the case because mine have never fallen out of the case because It always stays shut,0,2025-10-09T10:01:37Z
Redmi Buds 3 Pro,YouTube,23lvxGaAqns,Promotion punda 😂😂😂😂😂,0,2025-10-07T19:08:15Z
Redmi Buds 3 Pro,YouTube,23lvxGaAqns,"I smile when i see you 
You're peculiarly cute😂",0,2025-10-05T14:27:02Z
Redmi Buds 3 Pro,YouTube,23lvxGaAqns,Hey! Please make pixel 9 vs oppo reno 14,0,2025-10-04T20:53:16Z
Redmi Buds 3 Pro,YouTube,23lvxGaAqns,Unsubsribed 😊,0,2025-10-04T14:11:15Z
Redmi Buds 3 Pro,YouTube,23lvxGaAqns,Vivo tws is better than Boat,0,2025-10-04T12:21:44Z
Redmi Buds 3 Pro,YouTube,23lvxGaAqns,"Using oneplus one and its better than boat 
Bhai song ke naam par sirf bass bech de boat wale 🤣🤣",0,2025-10-03T18:03:29Z
Redmi Buds 3 Pro,YouTube,23lvxGaAqns,"I have one plus nord 3 pro this is best budget earbuds, so  this is best 😂",0,2025-10-03T12:46:16Z
Redmi Buds 3 Pro,YouTube,23lvxGaAqns,"I have iphone , should i buy oneplus buds ?",0,2025-10-03T02:02:44Z
Redmi Buds 3 Pro,YouTube,23lvxGaAqns,With the level of customization you can do in hey melody app is quite great and actually better than what we can do in boat,3,2025-10-02T13:28:30Z
Redmi Buds 3 Pro,YouTube,23lvxGaAqns,"Hi sir, please suggest a phone with 256 gb storage my budget is 25000-30000 and my usage will be 2-3 years - i mainly use whatsapp , instagram and facebook. with good quality software without hanging after 2-3 years",0,2025-10-02T13:09:11Z
Redmi Buds 3 Pro,YouTube,23lvxGaAqns,🎉,0,2025-10-02T12:43:19Z
Redmi Buds 3 Pro,YouTube,23lvxGaAqns,Kitne mile,0,2025-10-02T11:55:02Z
Redmi Buds 3 Pro,YouTube,23lvxGaAqns,"I have one plus buds 4 and 3D audio works on iphone 
Its just a boat ad",0,2025-10-01T16:39:38Z
Redmi Buds 3 Pro,YouTube,23lvxGaAqns,Realme air  7 is best . I will say day and night,0,2025-10-01T06:04:48Z
Redmi Buds 3 Pro,YouTube,23lvxGaAqns,Bhai aapke ear me mel hai,0,2025-10-01T02:19:49Z
Redmi Buds 3 Pro,YouTube,23lvxGaAqns,"Boat is bad. I bought two boat products and they both failed within 6months. I haven't had this quality issue from name brands for years.

For comparison my sony headphones have been in function since 2019 without issue.",0,2025-10-01T01:54:42Z
Redmi Buds 3 Pro,YouTube,23lvxGaAqns,"If you buy a TWS under 5k
Never think of any other brand than OPPO if you're concerned about music quality.
Nobody comes closer to Oppo's TWS in any price range🗣️💨🔥",0,2025-10-01T00:51:46Z
Redmi Buds 3 Pro,YouTube,23lvxGaAqns,But its boat😂,0,2025-09-30T17:20:34Z
Redmi Buds 3 Pro,YouTube,23lvxGaAqns,Ur t-shirt is good can I have a link 😅,0,2025-09-30T11:45:18Z
Redmi Buds 3 Pro,YouTube,23lvxGaAqns,"Broooo I just noticed something 
You and dj/music producer zedd look very similar",0,2025-09-30T10:08:51Z
Redmi Buds 3 Pro,YouTube,23lvxGaAqns,Realme air 7 better than both these,0,2025-09-30T10:03:31Z
Redmi Buds 3 Pro,YouTube,23lvxGaAqns,"Surprisingly 
Paisa aane ke baad boat zyada accha sound kiya 🤔",3,2025-09-30T05:02:58Z
Redmi Buds 3 Pro,YouTube,23lvxGaAqns,Show me an ad without telling me it's an ad.,20,2025-09-30T04:26:55Z
Redmi Buds 3 Pro,YouTube,23lvxGaAqns,Bitch i just ordered my oneplus nord buds 3 pro 🫠 before this short,0,2025-09-29T19:59:27Z
Redmi Buds 3 Pro,YouTube,23lvxGaAqns,"Pathetic looking ear ""stem"" not buds",0,2025-09-29T19:40:25Z
Redmi Buds 3 Pro,YouTube,23lvxGaAqns,Please suggest best budget air fryer,0,2025-09-29T17:14:02Z
Redmi Buds 3 Pro,YouTube,23lvxGaAqns,Is it worth buying 55 inch QLED tv or lumio arc 5 projector?,0,2025-09-29T17:13:37Z
Redmi Buds 3 Pro,YouTube,23lvxGaAqns,Please make a video on Realme buds t310,0,2025-09-29T16:30:54Z
Redmi Buds 3 Pro,YouTube,23lvxGaAqns,I have used boat and now using one plus buds 3 pro and any day nords buds is way better than boat also as time passes boats quality degrades and then they are unbearable don't go for boat get oneplus if not 3pro then get nord 3 even they will be far better than boat,0,2025-09-29T16:01:39Z
Redmi Buds 3 Pro,YouTube,23lvxGaAqns,Oppo Enco Buds 2 is far better as per sound quality 😅,0,2025-09-29T16:01:25Z
Redmi Buds 3 Pro,YouTube,23lvxGaAqns,"Adwiser. don't listen to him,nord buds 3 pro are better",0,2025-09-29T15:35:46Z
Redmi Buds 3 Pro,YouTube,23lvxGaAqns,Realme T130 is better compared to both,0,2025-09-29T15:31:22Z
Redmi Buds 3 Pro,YouTube,23lvxGaAqns,Man you have some personal issues with Apple 😅,0,2025-09-29T15:22:53Z
Redmi Buds 3 Pro,YouTube,23lvxGaAqns,Why no one talks about mic quality 😢,0,2025-09-29T15:13:38Z
Redmi Buds 3 Pro,YouTube,23lvxGaAqns,Never buy boat it's just promotion stupid buds oneplus is far better,0,2025-09-29T15:06:08Z
Redmi Buds 3 Pro,YouTube,23lvxGaAqns,ALOO,0,2025-09-29T14:09:47Z
Redmi Buds 3 Pro,YouTube,23lvxGaAqns,Sounds like an Ad,0,2025-09-29T14:03:50Z
Redmi Buds 3 Pro,YouTube,23lvxGaAqns,😂😂 we all know which is best fr ....unbaised techwiser😅 well done bro,0,2025-09-29T13:53:59Z
Redmi Buds 3 Pro,YouTube,23lvxGaAqns,Bhaiya overhead headphones please anc wala please 🙏 ❤❤,0,2025-09-29T13:33:01Z
Redmi Buds 3 Pro,YouTube,23lvxGaAqns,"Both crap. 1k IEMa far better. Even for TWS, Oppo and Realme far superior. Avoid this Chinese product with Indian badge.",0,2025-09-29T11:56:49Z
Redmi Buds 3 Pro,YouTube,23lvxGaAqns,Bro your doing all sponsored videos giving fake reviews better all do unsubscribe,0,2025-09-29T11:11:09Z
Redmi Buds 3 Pro,YouTube,23lvxGaAqns,Would you guys ever talk about how terrible Boat service is?,0,2025-09-29T10:06:11Z
Redmi Buds 3 Pro,YouTube,23lvxGaAqns,bhai ko pehli baar hindi bolte suna hai 😅,0,2025-09-29T09:12:39Z
Redmi Buds 3 Pro,YouTube,23lvxGaAqns,I do have one request to you and your team. Best balance tws under 3k,0,2025-09-29T08:56:17Z
Redmi Buds 3 Pro,YouTube,23lvxGaAqns,didnt expect that he will give bad options DONT BUY BOAT OVER ONEPLUS,0,2025-09-29T08:03:49Z
Redmi Buds 3 Pro,YouTube,23lvxGaAqns,You should also consider Soundcore earbuds by Anker,0,2025-09-29T07:18:37Z
Redmi Buds 3 Pro,YouTube,23lvxGaAqns,Lol i paid 2k for boat nirvana and last week left ear buds stopped working suddenly,0,2025-09-29T06:39:45Z
Redmi Buds 3 Pro,YouTube,23lvxGaAqns,Never buy boat. Just loud sound.buy realme t310. Spatial sound option is present. Boat has non existent anc 😅. And don't start on after sales support 😅😅. Subko Gandhari banke public ka match katto 😅😅,0,2025-09-29T06:29:53Z
Redmi Buds 3 Pro,YouTube,23lvxGaAqns,Paid sponsership,0,2025-09-29T05:19:37Z
Redmi Buds 3 Pro,YouTube,23lvxGaAqns,"To anyone never buy boat. They thrive on publicity. Their build quality is cheap. Battery deteriorates way faster. Also, the call quality is worst.",0,2025-09-29T05:17:27Z
Redmi Buds 3 Pro,YouTube,23lvxGaAqns,Realme buds t310 Laughing in corner 😂😂😂,0,2025-09-29T05:04:11Z
Redmi Buds 3 Pro,YouTube,23lvxGaAqns,Complete bs,0,2025-09-29T04:36:45Z
Redmi Buds 3 Pro,YouTube,23lvxGaAqns,"I bought Dubstep earbuds on zepto for 450rs and they are amazing... battery lasted me for 4 to 5days with the case and sound is also very good for the price. Check that out once. sure you will be surprised 
And i bought the same bluetooth speaker (dubstep 200) for 600rs and it is also very good",0,2025-09-29T04:29:11Z
Redmi Buds 3 Pro,YouTube,23lvxGaAqns,We all know .....,0,2025-09-29T04:10:09Z
Redmi Buds 3 Pro,YouTube,23lvxGaAqns,I just bought 3 pro just day before yesterday ❤ should have made this video before,0,2025-09-29T03:38:57Z
Redmi Buds 3 Pro,YouTube,23lvxGaAqns,Go for soundcore by Anker better than all of this,0,2025-09-29T02:36:25Z
Redmi Buds 3 Pro,YouTube,23lvxGaAqns,Sponsor are always 🎉🎉,0,2025-09-29T01:01:28Z
Redmi Buds 3 Pro,YouTube,23lvxGaAqns,For calling Oneplus is beast 🎉,0,2025-09-29T00:49:36Z
Redmi Buds 3 Pro,YouTube,23lvxGaAqns,Most of the Ratings are fake,0,2025-09-28T20:05:21Z
Redmi Buds 3 Pro,YouTube,23lvxGaAqns,Mics?,0,2025-09-28T19:55:22Z
Redmi Buds 3 Pro,YouTube,23lvxGaAqns,Go with oneplus even if boat gives it for 1k,0,2025-09-28T19:47:47Z
Redmi Buds 3 Pro,YouTube,23lvxGaAqns,One plus is much Better cos I've used like 4 boats in 3 years but one plus has lasted for 2 years without issues inspite of going into the washing machine by mistake 😅,49,2025-09-28T19:42:09Z
Redmi Buds 3 Pro,YouTube,23lvxGaAqns,I have using one plus the bass is very clear and I think this is advertising video paid promotion,0,2025-09-28T19:41:13Z
Redmi Buds 3 Pro,YouTube,23lvxGaAqns,"Oppo enco buds 2 pro 
Top tier stuff 👌🏻 🔥
No boating noises needed !!",4,2025-09-28T19:17:31Z
Redmi Buds 3 Pro,YouTube,23lvxGaAqns,REALME BUDS 5C!,0,2025-09-28T18:41:51Z
Redmi Buds 3 Pro,YouTube,23lvxGaAqns,Buy soundcore.will beat even 3k earphones for under 1k,0,2025-09-28T17:23:26Z
Redmi Buds 3 Pro,YouTube,23lvxGaAqns,Ad dene ka tareeka thoda casual hai.,0,2025-09-28T17:14:27Z
Redmi Buds 3 Pro,YouTube,23lvxGaAqns,go for realme t310✌🏽,0,2025-09-28T16:46:34Z
Redmi Buds 3 Pro,YouTube,23lvxGaAqns,Nord buds 3 pro has 47ms latency in gaming mode not 94,0,2025-09-28T16:40:21Z
Redmi Buds 3 Pro,YouTube,23lvxGaAqns,Opposition walo ne tumhein iske liye kitna paisa khilyaa hai 😂,0,2025-09-28T16:33:29Z
Redmi Buds 3 Pro,YouTube,23lvxGaAqns,Collab video everyone know,0,2025-09-28T16:33:26Z
Redmi Buds 3 Pro,YouTube,23lvxGaAqns,Honestly 😂😂😂,0,2025-09-28T16:32:25Z
Redmi Buds 3 Pro,YouTube,23lvxGaAqns,Maybe I'm the only one who still uses wired earphones 😅,0,2025-09-28T16:31:14Z
Redmi Buds 3 Pro,YouTube,23lvxGaAqns,I have bought realme buds aur 7 at the price of 2447 how is it??,0,2025-09-28T16:20:21Z
Redmi Buds 3 Pro,YouTube,23lvxGaAqns,Using oneplus for year had used boat previously so upgrade and quality product.. not feature pack but amazing,1,2025-09-28T15:27:58Z
Redmi Buds 3 Pro,YouTube,23lvxGaAqns,60 ms latency is a BIGGG hell Naw,0,2025-09-28T15:13:27Z
Redmi Buds 3 Pro,YouTube,23lvxGaAqns,Using 1+ buds 4 for some days. Good tws.,0,2025-09-28T14:55:52Z
Redmi Buds 3 Pro,YouTube,23lvxGaAqns,Guess how much money they got from Boat!,1,2025-09-28T14:55:04Z
Redmi Buds 3 Pro,YouTube,23lvxGaAqns,For 1799 soundcore R50i NC is the best tws you can think of,0,2025-09-28T14:50:30Z
Redmi Buds 3 Pro,YouTube,23lvxGaAqns,Why do I keep seeing ads despite subscribing to YT premium?! 🫤,0,2025-09-28T14:47:21Z
Redmi Buds 3 Pro,YouTube,23lvxGaAqns,Get Realme air 7 instead,0,2025-09-28T14:36:36Z
Redmi Buds 3 Pro,YouTube,23lvxGaAqns,"Boult x Mustang Torq is the Best ❤
GOAT in TWS (Budget Range) 🔥
Those who know why 💀🫶",1,2025-09-28T14:33:36Z
Redmi Buds 3 Pro,YouTube,23lvxGaAqns,Bro in One plus u have to on the bass bost mode and adjust bass according to your need....it will blow your ears,0,2025-09-28T14:27:35Z
Redmi Buds 3 Pro,YouTube,23lvxGaAqns,"Never buy boat. After sales service is 0. My boat bud's battery life reduced significantly while being in warranty. I used to charge it once a week when it was working perfectly fine but when suddenly battery issue happened, I had to charge it once a day with same usage. The folks from service center refused to replace it because it had some scratches on the case which is bizzare reason. Never gonna buy boat. Fuck boat",0,2025-09-28T14:19:11Z
Redmi Buds 3 Pro,YouTube,23lvxGaAqns,Boat after 1 year 🤡😄,0,2025-09-28T14:18:39Z
Redmi Buds 3 Pro,YouTube,23lvxGaAqns,"Boat sucks after 3 months
One side earbud stops working.",0,2025-09-28T14:11:35Z
Redmi Buds 3 Pro,YouTube,23lvxGaAqns,Boat audio products can do everything but sound good.,9,2025-09-28T13:56:15Z
Redmi Buds 3 Pro,YouTube,23lvxGaAqns,Bro phone pay or g - pay from boat ???,0,2025-09-28T13:53:17Z
Redmi Buds 3 Pro,YouTube,23lvxGaAqns,No one can beat oppo enco buds 2 in budget tws.,0,2025-09-28T13:45:59Z
Redmi Buds 3 Pro,YouTube,23lvxGaAqns,Can you do a video about realme techlife studio h1,0,2025-09-28T13:41:18Z
Redmi Buds 3 Pro,YouTube,23lvxGaAqns,Nice try Diddy,0,2025-09-28T13:32:34Z
Redmi Buds 3 Pro,YouTube,23lvxGaAqns,Don't ever think to buy boat instead of oneplus oppo realme,0,2025-09-28T13:29:54Z
Redmi Buds 3 Pro,YouTube,23lvxGaAqns,Oneplus is better quality,0,2025-09-28T13:28:41Z
Redmi Buds 3 Pro,YouTube,23lvxGaAqns,"How the OnePlus buds perform with a oppo phone, did they sync nicely with oppo device or not",0,2025-09-28T13:27:35Z
Redmi Buds 3 Pro,YouTube,23lvxGaAqns,You forget 701 anc has in ear detection😊,0,2025-09-28T13:25:02Z
Redmi Buds 3 Pro,YouTube,23lvxGaAqns,What a advertisment i just was not able to realise till the last😂,114,2025-09-28T13:24:36Z
Redmi Buds 3 Pro,YouTube,23lvxGaAqns,What about oneplus buds 3?,0,2025-09-28T13:16:44Z
Redmi Buds 3 Pro,YouTube,23lvxGaAqns,"OnePlus nord buds works on any phone with Hey melody app I am using it more than 6 months it's very good

#Adwiser",0,2025-09-28T13:13:45Z
Redmi Buds 3 Pro,YouTube,23lvxGaAqns,Another ad from boat in few days...Adwiser is 🔥,0,2025-09-28T13:12:38Z
Redmi Buds 3 Pro,YouTube,23lvxGaAqns,Sayan wearing glasses on the blindfold got me 😂,7,2025-09-28T13:12:01Z
Redmi Buds 3 Pro,YouTube,23lvxGaAqns,Thoda pahle video banaa deta bhai😂,0,2025-09-28T13:10:33Z
Redmi Buds 3 Pro,YouTube,23lvxGaAqns,What do u think about moto buds+ ??????????,0,2025-09-28T13:10:27Z
Redmi Buds 3 Pro,YouTube,23lvxGaAqns,Mic quality,0,2025-09-28T13:07:04Z
Redmi Buds 3 Pro,YouTube,23lvxGaAqns,Baby ko bass pasand hai😂❤,0,2025-09-28T13:01:21Z
Redmi Buds 3 Pro,YouTube,23lvxGaAqns,OnePlus with realme air 7 compare,0,2025-09-28T13:00:12Z
Redmi Buds 3 Pro,YouTube,23lvxGaAqns,There is a app named Hey melody,17,2025-09-28T12:56:40Z
Redmi Buds 3 Pro,YouTube,23lvxGaAqns,TechADwiser😢,1,2025-09-28T12:54:25Z
Redmi Buds 3 Pro,YouTube,23lvxGaAqns,I got 3 pro at 799 😂,0,2025-09-28T12:52:03Z
Redmi Buds 3 Pro,YouTube,23lvxGaAqns,It is like promotion best is oppo i am currently using it also,0,2025-09-28T12:37:50Z
Redmi Buds 3 Pro,YouTube,23lvxGaAqns,"We get oneplus for 2000 and boat for 1699 with sbi cards in this sale
If you don't choose pro model you get oneplus for 1599 only",0,2025-09-28T12:27:28Z
Redmi Buds 3 Pro,YouTube,23lvxGaAqns,Addwiser,0,2025-09-28T12:27:12Z
Redmi Buds 3 Pro,YouTube,23lvxGaAqns,"Got air 6 pro for 3.5k,the best deal",1,2025-09-28T12:19:44Z
Redmi Buds 3 Pro,YouTube,23lvxGaAqns,"I have a two year old oppo enco buds 2 (oppo and OnePlus same same) and a Boat Nirvana ION ANC. The fit and comfort is way better on the oppo, the boat is so bulky. And on the sound quality front, the oppo is always the best. I hate boat's sound signature...",0,2025-09-28T12:15:33Z
Redmi Buds 3 Pro,YouTube,23lvxGaAqns,"Combined rating!! 
Ya to review krlo ya phirr marketing.",0,2025-09-28T12:09:19Z
Redmi Buds 3 Pro,YouTube,23lvxGaAqns,Realme t310 is way better,0,2025-09-28T12:09:05Z
Redmi Buds 3 Pro,YouTube,23lvxGaAqns,The battery life on the Nord Buds 3 Pro is really bad! Previously I was using the Realme T310 and they had a much better battery life!,0,2025-09-28T12:04:11Z
Redmi Buds 3 Pro,YouTube,23lvxGaAqns,"man, please put it up as a paid promotion.",0,2025-09-28T11:58:05Z
Redmi Buds 3 Pro,YouTube,23lvxGaAqns,Please make a neckband video too..😢😢,3,2025-09-28T11:56:44Z
Redmi Buds 3 Pro,YouTube,23lvxGaAqns,Does BOAT manufacture things in India or they buy from China and paste their label on it?,4,2025-09-28T11:53:02Z
Redmi Buds 3 Pro,YouTube,23lvxGaAqns,"You are wrong bro ,only nord buds have 96 ms and the buds 3 pro has 47 ms latency and ,the spatial audio also supports in my poco f7 mobile phone.",0,2025-09-28T11:51:07Z
Redmi Buds 3 Pro,YouTube,23lvxGaAqns,OnePlus Buds 3 has better longevity than BOAT,3,2025-09-28T11:49:48Z
Redmi Buds 3 Pro,YouTube,23lvxGaAqns,"Never buy Boat TWS, always prefer OnePlus, Realme, CMF, Motorola over them",689,2025-09-28T11:44:26Z
Redmi Buds 3 Pro,YouTube,23lvxGaAqns,3 pro are better use basswave to increase bass to your liking audio is clear anc is far better....also you should use custom audio preset to tune it to your liking...i am using them for about 6 months and absolutely love them.,0,2025-09-28T11:42:07Z
Redmi Buds 3 Pro,YouTube,23lvxGaAqns,It's obvious that boat will win bcz tws are boats primary focus,25,2025-09-28T11:40:11Z
Redmi Buds 3 Pro,YouTube,23lvxGaAqns,"Boat shit, oneplus is premium shit.",0,2025-09-28T11:39:47Z
Redmi Buds 3 Pro,YouTube,23lvxGaAqns,Prateek sir how are you ??,1,2025-09-28T11:37:09Z
Redmi Buds 3 Pro,YouTube,23lvxGaAqns,"Brother, OnePlus Buds 3 pro me settings me jaake Base mode on kiya tha kya? Kyuki vo already default mode me hota hai jisme Bass bhot balanced ya kam aata hai... So check it out or tell me.",0,2025-09-28T11:37:04Z
Redmi Buds 3 Pro,YouTube,23lvxGaAqns,Nord Buds3 sucks. Right side bud stoped working in 6months also having few connectivity issues!!,0,2025-09-28T11:34:51Z
Redmi Buds 3 Pro,YouTube,23lvxGaAqns,701 sucks tbh i had it just returned it,0,2025-09-28T11:28:44Z
Redmi Buds 3 Pro,YouTube,23lvxGaAqns,"Reviews kaise aate hai pata hai?

Multiple TWS for one listing...",3,2025-09-28T11:27:57Z
Redmi Buds 3 Pro,YouTube,23lvxGaAqns,It's mandatory to roast  🍎,0,2025-09-28T11:27:22Z
Redmi Buds 3 Pro,YouTube,23lvxGaAqns,"But I think the oneplus song quality is better 
Because I have used OnePlus",169,2025-09-28T11:24:35Z
Redmi Buds 3 Pro,YouTube,23lvxGaAqns,I just got the realme buds air 7 pro. Did I loose out???,0,2025-09-28T11:23:25Z
Redmi Buds 3 Pro,YouTube,23lvxGaAqns,Bhai thoda tez bola  kar…,0,2025-09-28T11:23:08Z
Redmi Buds 3 Pro,YouTube,23lvxGaAqns,"Prateek ko bass nhi pasand kya??😅
Btw Mivi superpods with ldac support at 1099 worth??",0,2025-09-28T11:21:25Z
Redmi Buds 3 Pro,YouTube,23lvxGaAqns,ADvisor is back,626,2025-09-28T11:20:09Z
Redmi Buds 3 Pro,YouTube,23lvxGaAqns,Bro what is your real Name? 😊,0,2025-09-28T11:20:07Z
Redmi Buds 3 Pro,YouTube,23lvxGaAqns,Hmm 🫂,1,2025-09-28T11:19:09Z
Redmi Buds 3 Pro,YouTube,23lvxGaAqns,🥔🥔,0,2025-09-28T11:18:34Z
Redmi Buds 3 Pro,YouTube,23lvxGaAqns,"make a shorts on best tv for ps5 
120hz chahiye humko…,",31,2025-09-28T11:18:05Z
Redmi Buds 3 Pro,YouTube,23lvxGaAqns,What about Neckbands?,4,2025-09-28T11:17:37Z
Redmi Buds 3 Pro,YouTube,OBicPuDy918,4 gen 2 vs 4 Gen 2 ae ka bhi comparison plz,0,2024-12-23T10:02:15Z
Redmi Buds 3 Pro,YouTube,OBicPuDy918,Bhai hum redmi buds 5 1300 me order kiya h,1,2024-10-05T10:46:07Z
Redmi Buds 3 Pro,YouTube,OBicPuDy918,Bhai maine ₹1600 me cmf buds order kare hai kaise hai?,1,2024-09-27T08:14:42Z
Redmi Buds 3 Pro,YouTube,xUXeyOcfYz4,Grrrrreat but .... my REDMI CASE DOESN'T HAVE A BUTTON !!!! What do I do then 🤔🤔🤔,0,2025-02-10T15:01:39Z
Redmi Buds 3 Pro,YouTube,xUXeyOcfYz4,Is there a fix on one bud is not turning on? I tried resetting in the video but it did not work.,0,2023-11-07T19:26:30Z
Redmi Buds 3 Pro,YouTube,xUXeyOcfYz4,mine doesnt blink what shoul i do?,0,2023-10-18T03:43:37Z
Redmi Buds 3 Pro,YouTube,xUXeyOcfYz4,https://www.youtube.com/shorts/_NZkvu5Swd0,0,2023-08-29T19:37:33Z
Redmi Buds 3 Pro,YouTube,xUXeyOcfYz4,Price?,0,2023-08-25T13:45:33Z
Redmi Buds 3 Pro,YouTube,xUXeyOcfYz4,Do you know how to see the battery life of the port,2,2023-07-07T15:51:09Z
Redmi Buds 3 Pro,YouTube,xUXeyOcfYz4,the only works on one side and i did that and it didnt help,2,2023-04-01T13:20:30Z
Redmi Buds 3 Pro,YouTube,xUXeyOcfYz4,Please help..mine flashes red and white i cant connect it to my phone,6,2023-01-23T10:38:32Z
Redmi Buds 3 Pro,YouTube,e5E7d5pGDfM,So how many taps to go back to previous music?,1,2023-02-27T06:31:05Z
Redmi Buds 3 Pro,YouTube,e5E7d5pGDfM,N how many times should one tap to receive calls?,0,2022-10-13T12:10:00Z
Redmi Buds 3 Pro,YouTube,bm_uQBvE5uM,Can you increase the volume on the headphones? The sound is very low.,0,2024-06-04T04:07:33Z
Redmi Buds 3 Pro,YouTube,bm_uQBvE5uM,Bad buds for calling,1,2023-11-03T15:26:10Z
Redmi Buds 3 Pro,YouTube,bm_uQBvE5uM,Does it support iphone 11??,0,2023-10-10T18:37:52Z
Redmi Buds 3 Pro,YouTube,bm_uQBvE5uM,Ele é a prova de ruidos externos?,0,2023-07-12T21:36:06Z
Redmi Buds 3 Pro,YouTube,bm_uQBvE5uM,Por que tem umas caixas que vem escrito airdots e não buds 3 pro ?,2,2023-01-21T00:12:39Z
Redmi Buds 3 Pro,YouTube,bm_uQBvE5uM,You didn't show the design😡😡😡😡,0,2022-08-03T12:37:50Z
Redmi Buds 3 Pro,YouTube,bm_uQBvE5uM,Global version?,0,2022-07-25T10:11:01Z
Redmi Buds 3 Pro,YouTube,VTmVPliRKrY,These dont have any bass what do you mean,0,2025-10-10T20:55:08Z
Redmi Buds 3 Pro,YouTube,VTmVPliRKrY,Cool 👌 👌 👌,0,2025-05-24T18:55:55Z
Redmi Buds 3 Pro,YouTube,LyTyRKZsTWI,Oppo enco buds3 pro dont have ANC,0,2026-01-04T18:56:55Z
Redmi Buds 3 Pro,YouTube,LyTyRKZsTWI,"In comparison with these two, ""Enco buds 2"" is still inevitable 🏆in terms of audio quality",4,2025-12-10T18:32:24Z
Redmi Buds 3 Pro,YouTube,LyTyRKZsTWI,Bhai poco x1 vs kro sabhi earbuds ko❤,0,2025-12-09T02:06:59Z
Redmi Buds 3 Pro,YouTube,LyTyRKZsTWI,OPPO enco buds 2 k sath compare karo Please......3Pro+ ko,0,2025-12-08T14:03:36Z
Redmi Buds 3 Pro,YouTube,LyTyRKZsTWI,realme t200 vs Oppo Enco Bud 3Pro+  please 😊,0,2025-12-06T15:45:09Z
Redmi Buds 3 Pro,YouTube,LyTyRKZsTWI,Cmf buds 2 pro vs realme air 7,0,2025-12-06T07:14:55Z
Redmi Buds 3 Pro,YouTube,LyTyRKZsTWI,Bhai pls Realme T310 vs OPPO Enco Buds 3 Pro Plus comparo chahiye .....,0,2025-12-03T22:56:43Z
Redmi Buds 3 Pro,YouTube,LyTyRKZsTWI,"Which headphone will ve the best for study purpose i have to use it for long hours like 6-7 hr/day 

Under 2k",0,2025-12-03T05:16:18Z
Redmi Buds 3 Pro,YouTube,LyTyRKZsTWI,"Sound quality kiski better he oppo enco buds 2 ki ya oppo enco buds 3 pro plus.

Mene nirvana ion anc pro liya he uski sound bekar lag rahi he oppo enco buds 2 ke compression me, bhai jaldi btana taki me use return kardu.",0,2025-12-02T05:27:18Z
Redmi Buds 3 Pro,YouTube,LyTyRKZsTWI,Kya hame oppo enco buds 2 ka  replacement mill gya ? ☺️☺️❤,0,2025-12-02T04:58:52Z
Redmi Buds 3 Pro,YouTube,LyTyRKZsTWI,"Bhai plz 
Oppo enco buds 2 vs oppo enco buds 3 pro vs oppo enco buds 3 pro + 

I am your one of the most oldest subscriber ❤❤❤",1,2025-12-02T04:51:23Z
Redmi Buds 3 Pro,YouTube,LyTyRKZsTWI,Please Ine donon ka review karo Kz castor pro vs 7hz zero 2,1,2025-12-01T00:10:10Z
Redmi Buds 3 Pro,YouTube,LyTyRKZsTWI,Oppo enco buds 2 vs Oppo enco buds 3pro plus please bhai ✌,3,2025-11-30T18:37:54Z
Redmi Buds 3 Pro,YouTube,LyTyRKZsTWI,bro don't laugh at this but realme air 7 se better kia hai in indian rupees that is around 3200 range. i love from your videos from pakistan and here realme air 7 is 14000 rupees. so i need your honest opinion,0,2025-11-30T17:51:00Z
Redmi Buds 3 Pro,YouTube,LyTyRKZsTWI,Oppo enco buds 3 pro plus aur cmf buds pro 2 me sound quality kiski best hai please reply,1,2025-11-30T14:37:18Z
Redmi Buds 3 Pro,YouTube,LyTyRKZsTWI,Next compare with realme t310 and oneplus nord buds 3 pro,1,2025-11-30T14:35:20Z
Redmi Buds 3 Pro,YouTube,qQmJGGTiFb8,Thanks u saved my mony,0,2023-10-03T10:24:42Z
Redmi Buds 3 Pro,YouTube,qQmJGGTiFb8,Ek buds ki sound kam ho gye hai,0,2023-09-18T16:25:15Z
Redmi Buds 3 Pro,YouTube,qQmJGGTiFb8,Bro ek buds kisi sound kam ho gye hai kesa thik krni hai,0,2023-09-18T16:18:26Z
Redmi Buds 3 Pro,YouTube,qQmJGGTiFb8,It's an electronic and an earbud at that you don't need to talk about shape and size and feel.. Shake my head,0,2023-02-13T15:40:31Z
Redmi Buds 3 Pro,YouTube,qQmJGGTiFb8,Function dikhao yaar.. So much talk for no reason..,0,2023-02-13T15:39:39Z
Redmi Buds 3 Pro,YouTube,qQmJGGTiFb8,I got this free from redmi very good product thanks 🙏,0,2023-01-20T12:21:03Z
Redmi Buds 3 Pro,YouTube,qQmJGGTiFb8,M ye use krti hu but is se call pr bt krte h to aas pss k sound jda jte h,0,2022-12-06T10:51:13Z
Redmi Buds 3 Pro,YouTube,qQmJGGTiFb8,"bro redmi earbuds 3 pro ki charging case me automatically charging kam or battery utar rahi hai minimum 10 percent charging like 
actually mai 100 percent charging karke rakha ta night morning tak kam hogayi thodi si",0,2022-10-09T10:29:01Z
Redmi Buds 3 Pro,YouTube,qQmJGGTiFb8,I got them for 1500 on this sale it's worth it in this price 3000 is toooo xpensive,2,2022-09-24T23:00:14Z
Redmi Buds 3 Pro,YouTube,qQmJGGTiFb8,Usless earbuds,0,2022-08-23T19:36:28Z
Redmi Buds 3 Pro,YouTube,qQmJGGTiFb8,Redmi 3 pro  me call autgoing ki  problam hai awaj bahut kam jati hai,0,2022-05-01T14:59:29Z
Redmi Buds 3 Pro,YouTube,qQmJGGTiFb8,rohanjoshi,0,2022-02-24T03:00:55Z
Redmi Buds 3 Pro,YouTube,qQmJGGTiFb8,Bhai redmii ka sounds fikaa heee Samsung ke samneee,1,2022-01-13T19:20:18Z
Redmi Buds 3 Pro,YouTube,qQmJGGTiFb8,Bhai Realme Air 2 aur Redmi Earbuds 3 Pro mein ke kaun sa lena sahi rahega?? Kya Redmi wala lena sahi rahega Qualcomm AptX HD ke naam pe?? Bhai please reply karr dena,0,2021-12-25T17:09:13Z
Redmi Buds 3 Pro,YouTube,qQmJGGTiFb8,Sahi hai.,1,2021-09-15T08:57:52Z
Redmi Buds 3 Pro,YouTube,qQmJGGTiFb8,Redmi😂,1,2021-09-14T16:55:54Z
Redmi Buds 3 Pro,YouTube,qQmJGGTiFb8,Plz heart,1,2021-09-14T13:46:52Z
Redmi Buds 3 Pro,YouTube,qQmJGGTiFb8,Hlo,1,2021-09-14T13:46:44Z
Redmi Buds 3 Pro,YouTube,qQmJGGTiFb8,Hlo first,1,2021-09-14T13:46:37Z
Redmi Buds 3 Pro,YouTube,6SJazyho1ss,Realme Air 6 is the worst one,0,2025-07-16T18:17:38Z
Redmi Buds 3 Pro,YouTube,6SJazyho1ss,3 of them which one is better?,0,2025-06-25T16:16:10Z
Redmi Buds 3 Pro,YouTube,6SJazyho1ss,Under 2k which true wireless earphone is best for calling??,0,2025-05-24T19:23:32Z
Redmi Buds 3 Pro,YouTube,6SJazyho1ss,"I have seen your video of macbook air m1. My question is how the performance and everything is after 15.4.1 update? What are the problem after the update?
I am a bit confused should I update my macbook air m1 to 15.4.1",0,2025-05-13T10:19:50Z
Redmi Buds 3 Pro,YouTube,6SJazyho1ss,"Redmi bud with the worst quality and with worst experience, he is lying",1,2025-05-13T05:38:22Z
Redmi Buds 3 Pro,YouTube,6SJazyho1ss,Broo why are you so underrated 😵😵😵😵 this great quality and still only 800 sub. Hell nahh. Loved your content ❤❤❤❤,2,2025-04-22T07:20:57Z
Redmi Buds 3 Pro,YouTube,6SJazyho1ss,Oneplus nord buds 3 pro don't have LHDC.,3,2025-03-23T03:00:04Z
Redmi Buds 3 Pro,YouTube,6SJazyho1ss,Lot of mistakes.. Comparison is not accurate,2,2025-03-07T13:09:29Z
Redmi Buds 3 Pro,YouTube,6SJazyho1ss,My tws realme t300 slipped into a bucket of water. Is it a problem or not. The present working condition is good. Everything is working well. just today happened.,8,2025-02-16T14:18:33Z
Redmi Buds 3 Pro,YouTube,6SJazyho1ss,"bhai your presentation is good ,but too many mistake in subject-verb aggrement in your Sentences forced me to stop listening, either get your scripts checked by AI or make videos in your native language",0,2025-02-16T07:04:00Z
Redmi Buds 3 Pro,YouTube,6SJazyho1ss,nord buds 3 pro does have lhdc,2,2025-02-15T14:35:11Z
Redmi Buds 3 Pro,YouTube,6SJazyho1ss,"Guess what I got realme buds air 6 'pro' for only 3380 rs 
From myntral 

Sale price 4500
Coupon 4500 - 900 = 3599

I used Myntra gift card from paytm (additional 6% discount )

Effective price 3380",0,2025-02-15T13:28:45Z
Redmi Buds 3 Pro,YouTube,ob3XXeQDkgM,Try Baseus WM01 much more affordable and simple,0,2026-01-11T12:14:56Z
Redmi Buds 3 Pro,YouTube,ob3XXeQDkgM,"yes, the bose airpods pro 2",0,2025-12-30T03:20:38Z
Redmi Buds 3 Pro,YouTube,ob3XXeQDkgM,What about the Huawei FreeBuds 6?,0,2025-11-25T14:44:36Z
Redmi Buds 3 Pro,YouTube,ob3XXeQDkgM,Try the jbl live buds 3 pls,0,2025-11-18T13:49:48Z
Redmi Buds 3 Pro,YouTube,ob3XXeQDkgM,"Caption says you tried TWS, but you didn't.",0,2025-08-29T03:19:42Z
Redmi Buds 3 Pro,YouTube,ob3XXeQDkgM,stolen video,0,2025-08-03T06:01:50Z
Redmi Buds 3 Pro,YouTube,ob3XXeQDkgM,Which Bose goddamnit,5,2025-07-14T00:44:52Z
Redmi Buds 3 Pro,YouTube,ob3XXeQDkgM,How about the buds fe?,0,2025-06-29T05:32:51Z
Redmi Buds 3 Pro,YouTube,ob3XXeQDkgM,Im a bit late but try the oppo enco air 4,6,2025-06-28T06:04:39Z
Redmi Buds 3 Pro,YouTube,ob3XXeQDkgM,Smh,0,2025-06-12T20:58:50Z
Redmi Buds 3 Pro,YouTube,ob3XXeQDkgM,"Sony's are the best of all of them, wtf",1,2025-06-06T10:35:33Z
Redmi Buds 3 Pro,YouTube,ob3XXeQDkgM,sure - but Bose sound terrible. All bass and no clarity.,20,2025-02-23T11:34:22Z
Redmi Buds 3 Pro,YouTube,ob3XXeQDkgM,You should try the JBL tour pro 2! They are amazing!!,10,2024-08-16T00:05:31Z
Redmi Buds 3 Pro,YouTube,qqFqiItcc48,"Pixel, Bose 💯💯💯💯💯",0,2026-01-04T20:23:59Z
Redmi Buds 3 Pro,YouTube,qqFqiItcc48,Samsung was epic,0,2026-01-04T12:32:26Z
Redmi Buds 3 Pro,YouTube,qqFqiItcc48,Beats stuido buds+ trash,0,2026-01-04T05:40:14Z
Redmi Buds 3 Pro,YouTube,qqFqiItcc48,Underrated video 😊,1,2026-01-03T21:24:08Z
Redmi Buds 3 Pro,YouTube,qqFqiItcc48,Galaxy and nothing are the best,0,2025-12-31T21:29:49Z
Redmi Buds 3 Pro,YouTube,qqFqiItcc48,Only huawei is the best,0,2025-12-26T18:53:28Z
Redmi Buds 3 Pro,YouTube,qqFqiItcc48,Huawei has the better noise cancellation.,0,2025-12-26T13:42:37Z
Redmi Buds 3 Pro,YouTube,qqFqiItcc48,The beats bring black Af1 energy,0,2025-12-18T04:57:02Z
Redmi Buds 3 Pro,YouTube,qqFqiItcc48,Beats sound like they are trying to make a rescue call from another planet,0,2025-12-13T18:33:31Z
Redmi Buds 3 Pro,YouTube,qqFqiItcc48,Galaxy and airpods best,0,2025-12-13T09:24:54Z
Redmi Buds 3 Pro,YouTube,qqFqiItcc48,Galaxy for me,0,2025-12-10T23:17:15Z
Redmi Buds 3 Pro,YouTube,qqFqiItcc48,Nothing ear 2 was best,0,2025-12-10T14:56:42Z
Redmi Buds 3 Pro,YouTube,qqFqiItcc48,Pixel buds poro are best ❤,0,2025-12-06T15:55:59Z
Redmi Buds 3 Pro,YouTube,qqFqiItcc48,This mf doesn’t even know the difference beteeen Oneplus buds pro 3 and Oneplus buds nord pro 3,0,2025-12-03T15:54:43Z
Redmi Buds 3 Pro,YouTube,qqFqiItcc48,Freebuds sounded good,0,2025-11-28T05:01:48Z
Redmi Buds 3 Pro,YouTube,qqFqiItcc48,Galaxy buds 2 pro best tbh,0,2025-11-22T06:23:46Z
Redmi Buds 3 Pro,YouTube,qqFqiItcc48,Huawei freebuds pro 4,0,2025-11-17T19:15:50Z
Redmi Buds 3 Pro,YouTube,qqFqiItcc48,Samsung is best,0,2025-11-10T17:32:23Z
Redmi Buds 3 Pro,YouTube,qqFqiItcc48,Who the fak got beats in the compitition,0,2025-11-09T11:39:28Z
Redmi Buds 3 Pro,YouTube,qqFqiItcc48,Number 1,0,2025-11-09T03:18:36Z
Redmi Buds 3 Pro,YouTube,qqFqiItcc48,The Beats 😂,0,2025-11-07T23:31:57Z
Redmi Buds 3 Pro,YouTube,qqFqiItcc48,Now which ones are the cheapest,0,2025-11-07T14:28:47Z
Redmi Buds 3 Pro,YouTube,qqFqiItcc48,You didn't compare galaxy buds 3 pro,1,2025-11-04T19:11:36Z
Redmi Buds 3 Pro,YouTube,qqFqiItcc48,Sounds like beats didn't pay him for the add,0,2025-11-03T18:34:22Z
Redmi Buds 3 Pro,YouTube,qqFqiItcc48,Samsung Galaxy buds 2 pro mic sound  is much clear then others,0,2025-11-01T20:41:23Z
Redmi Buds 3 Pro,YouTube,qqFqiItcc48,Pixel and galaxy 👍,0,2025-10-29T18:08:44Z
Redmi Buds 3 Pro,YouTube,qqFqiItcc48,Beats sounds worst then my phone without earphones bro like wtf,0,2025-10-26T09:12:15Z
Redmi Buds 3 Pro,YouTube,qqFqiItcc48,I have the beats and everyone I talk to complains about how much external noise they can hear. They're great for music terrible for talking on the phone,0,2025-10-24T03:24:50Z
Redmi Buds 3 Pro,YouTube,qqFqiItcc48,For people saying the beats are bad how about you Stop being lazy and use your phone’s microphone,0,2025-10-23T04:59:35Z
Redmi Buds 3 Pro,YouTube,qqFqiItcc48,Huawei best👍🏾,0,2025-10-22T15:06:30Z
Redmi Buds 3 Pro,YouTube,qqFqiItcc48,One plus and the Nothing earbuds win this,0,2025-10-21T14:00:10Z
Redmi Buds 3 Pro,YouTube,qqFqiItcc48,Where's the noise?,0,2025-10-19T20:34:56Z
Redmi Buds 3 Pro,YouTube,qqFqiItcc48,How do u get a mic on beats,0,2025-10-16T06:23:50Z
Redmi Buds 3 Pro,YouTube,qqFqiItcc48,"I've tried all types of Buds for calls and the beats studio Buds plus are the best ever had for calls, this video isn't right, even (picky audio) considered them the best for calls. I don't trust this guy",0,2025-10-15T04:47:20Z
Redmi Buds 3 Pro,YouTube,qqFqiItcc48,Pls do that also in best heqdphone with noise cancelling,0,2025-10-12T17:08:02Z
Redmi Buds 3 Pro,YouTube,qqFqiItcc48,Good review ❤️,0,2025-10-12T10:40:11Z
Redmi Buds 3 Pro,YouTube,qqFqiItcc48,Galexy are better sound,0,2025-10-03T01:38:35Z
Redmi Buds 3 Pro,YouTube,qqFqiItcc48,huawei pro3 :)),0,2025-09-20T18:38:20Z
Redmi Buds 3 Pro,YouTube,qqFqiItcc48,Sizce en iyisi hangisi,0,2025-09-20T08:24:09Z
Redmi Buds 3 Pro,YouTube,qqFqiItcc48,Beats can’t be that bad 😂,0,2025-09-18T08:15:26Z
Redmi Buds 3 Pro,YouTube,qqFqiItcc48,Clear winner: beats studio buds +,1,2025-09-18T04:46:53Z
Redmi Buds 3 Pro,YouTube,qqFqiItcc48,I was undecided between the Beats Studio buds vs Galaxy Buds. Thank you for simplifying my choice,0,2025-09-15T10:08:18Z
Redmi Buds 3 Pro,YouTube,qqFqiItcc48,galaxy buds and airpods doing EVERYTHING,0,2025-09-11T10:51:15Z
Redmi Buds 3 Pro,YouTube,qqFqiItcc48,Beats are horrible in everyway!,0,2025-09-09T15:00:47Z
Redmi Buds 3 Pro,YouTube,qqFqiItcc48,Anker Soundcore P40i's mic takes voices around me. Is there any settings to prevent this?,0,2025-09-03T18:58:57Z
Redmi Buds 3 Pro,YouTube,qqFqiItcc48,the galaxys are the best overall,0,2025-09-02T21:04:26Z
Redmi Buds 3 Pro,YouTube,qqFqiItcc48,Oneplus buds pro 3 users attendance here,0,2025-09-02T16:55:50Z
Redmi Buds 3 Pro,YouTube,qqFqiItcc48,Beats studio buds+ is horrible man 😢 i wondered this wasthe thing 😂😢😂😢,1,2025-09-02T12:54:11Z
Redmi Buds 3 Pro,YouTube,qqFqiItcc48,"Buen video, futura compra para mis quest 3s",0,2025-09-02T04:58:21Z
Redmi Buds 3 Pro,YouTube,qqFqiItcc48,Nothing and boss are Good.,0,2025-08-31T16:05:34Z
Redmi Buds 3 Pro,YouTube,qqFqiItcc48,huawei is actually better,0,2025-08-23T09:33:36Z
Redmi Buds 3 Pro,YouTube,qqFqiItcc48,Nothing 🔥🔥,0,2025-08-22T05:42:48Z
Redmi Buds 3 Pro,YouTube,qqFqiItcc48,"I just don't know anymore what to believe. On a channel, some buds sound terrible, on others the same buds sound super good. I just wanted to avoid a bad deal.",2,2025-08-21T15:32:23Z
Redmi Buds 3 Pro,YouTube,qqFqiItcc48,Gotham chess + jeff nippard????,0,2025-08-19T14:59:07Z
Redmi Buds 3 Pro,YouTube,qqFqiItcc48,The nothing ear 2 sounds the best,0,2025-08-13T21:09:02Z
Redmi Buds 3 Pro,YouTube,qqFqiItcc48,Pixel,0,2025-08-06T13:45:17Z
Redmi Buds 3 Pro,YouTube,qqFqiItcc48,Beats fucked up here 😂,0,2025-08-04T05:00:31Z
Redmi Buds 3 Pro,YouTube,qqFqiItcc48,Jbl 245NC are the best Ive had,0,2025-08-02T15:22:04Z
Redmi Buds 3 Pro,YouTube,qqFqiItcc48,"I do professional lawn care so I have to have loud earbuds that stay in the ear when trimming/ on a mower , these might be it",0,2025-08-02T11:17:12Z
Redmi Buds 3 Pro,YouTube,qqFqiItcc48,Huawei for the winnnnn,0,2025-07-23T07:05:51Z
Redmi Buds 3 Pro,YouTube,qqFqiItcc48,Finally. A review with actual content. Thank You!,2,2025-07-20T18:02:55Z
Redmi Buds 3 Pro,YouTube,qqFqiItcc48,Trash for beats,0,2025-07-18T23:00:11Z
Redmi Buds 3 Pro,YouTube,qqFqiItcc48,I guess all air plane pirot use beat earbud,0,2025-07-17T09:17:05Z
Redmi Buds 3 Pro,YouTube,qqFqiItcc48,Where is the noise?,1,2025-07-13T05:44:19Z
Redmi Buds 3 Pro,YouTube,qqFqiItcc48,Pixel buds for me,1,2025-07-05T03:05:17Z
Redmi Buds 3 Pro,YouTube,qqFqiItcc48,Samsung buds 2 pro the best.,1,2025-06-30T16:52:49Z
Redmi Buds 3 Pro,YouTube,qqFqiItcc48,Huawei was the best!,0,2025-06-23T12:05:29Z
Redmi Buds 3 Pro,YouTube,qqFqiItcc48,Samsung🔥🔥🔥❤️,1,2025-06-19T21:45:55Z
Redmi Buds 3 Pro,YouTube,qqFqiItcc48,Would have liked to see the Jlab Work Buds in this test,1,2025-06-19T15:46:49Z
Redmi Buds 3 Pro,YouTube,qqFqiItcc48,Boss is much better,0,2025-06-15T12:10:09Z
Redmi Buds 3 Pro,YouTube,qqFqiItcc48,Bro looks like harry potter,0,2025-06-14T10:20:32Z
Redmi Buds 3 Pro,YouTube,qqFqiItcc48,Try the redmi buds 4 lite mic,0,2025-06-09T10:55:51Z
Redmi Buds 3 Pro,YouTube,qqFqiItcc48,"Galaxy sounds best, it sounds natural",0,2025-06-05T11:14:38Z
Redmi Buds 3 Pro,YouTube,qqFqiItcc48,test Anker earbud please,0,2025-06-05T08:07:51Z
Redmi Buds 3 Pro,YouTube,qqFqiItcc48,Those Beats has given up haha,2,2025-05-29T00:47:55Z
Redmi Buds 3 Pro,YouTube,qqFqiItcc48,Pixel is best for me,0,2025-05-25T13:13:05Z
Redmi Buds 3 Pro,YouTube,qqFqiItcc48,"The only best earphone in under 6000 segment is soundcore liberty 4 nc by anker ❤❤
No tws can match the level of this ear buds in any criteria",0,2025-05-20T20:12:37Z
Redmi Buds 3 Pro,YouTube,qqFqiItcc48,Beats are just bad now it’s not the same after apple bought them,0,2025-05-20T07:32:03Z
Redmi Buds 3 Pro,YouTube,qqFqiItcc48,Huawei of course as we all  hear,0,2025-05-14T09:26:00Z
Redmi Buds 3 Pro,YouTube,qqFqiItcc48,Beats got beat,0,2025-05-11T14:55:19Z
Redmi Buds 3 Pro,YouTube,qqFqiItcc48,"You sound excellent on Galaxy, Bose, Nothing... The sound on the Pixel and the Huawei are polar opposite, clear but not so real... 
I was expecting better on the airpods. The beats are horrible!",0,2025-05-07T10:12:32Z
Redmi Buds 3 Pro,YouTube,qqFqiItcc48,Tozo got em all beat ESPECIALLY THE CRYSTAL PODS WITH 6 mics on each pod best sound PERIOD PHENOMENAL ONLY CRASH DUMMIES BUY ANY OF THESE AFTER YOU TRY TOZO CRYSTAL PODS OR TOZO 6mic LCD CASE ONLY 39.00 PUTS ALL OF THEM TO SHAME I SWEAR ON MY DI*K I HAVE AIRPODS PRO!2gen n Bose QC ultra both open n reg versions now there forsale im only buying TOZO CRYSTAL BUDS PHENOMENAL PODS NOT FROM EARTH,0,2025-05-06T23:06:03Z
Redmi Buds 3 Pro,YouTube,qqFqiItcc48,Me listening on my phone speaker: Interesting.,4,2025-05-04T10:51:04Z
Redmi Buds 3 Pro,YouTube,qqFqiItcc48,"Based on this vid, its the nothing ear",0,2025-05-03T00:54:17Z
Redmi Buds 3 Pro,YouTube,qqFqiItcc48,Samsung and Bose won,0,2025-05-02T18:10:16Z
Redmi Buds 3 Pro,YouTube,qqFqiItcc48,"I’m impressed by the buds 2 pro, I used to use galaxy buds about 4 years ago, and the mic on them was much worse. I eventually switched to AirPods Pro 2",6,2025-04-27T14:34:29Z
Redmi Buds 3 Pro,YouTube,qqFqiItcc48,Soundcore Liberty 4 pro not being in top is wild,0,2025-04-19T22:17:35Z
Redmi Buds 3 Pro,YouTube,qqFqiItcc48,Soundcore is my favorite earbud brand,1,2025-04-19T22:10:33Z
Redmi Buds 3 Pro,YouTube,qqFqiItcc48,Beats ? 😳,1,2025-04-17T19:02:45Z
Redmi Buds 3 Pro,YouTube,qqFqiItcc48,❤❤❤,0,2025-04-14T23:16:38Z
Redmi Buds 3 Pro,YouTube,qqFqiItcc48,Buds 3 pro was the main part,0,2025-04-14T10:58:38Z
Redmi Buds 3 Pro,YouTube,qqFqiItcc48,It is clear that there was no loud noise around,3,2025-04-13T20:39:42Z
Redmi Buds 3 Pro,YouTube,qqFqiItcc48,I like Bose's best 🫶,0,2025-04-11T17:42:07Z
Redmi Buds 3 Pro,YouTube,qqFqiItcc48,beats real fumbled on this one. 😅,0,2025-04-03T14:24:22Z
Redmi Buds 3 Pro,YouTube,qqFqiItcc48,So that means nothing wins ?😂,1,2025-03-24T14:02:23Z
Redmi Buds 3 Pro,YouTube,qqFqiItcc48,The beats are bad but still they are $100 earbuds,0,2025-03-22T12:52:08Z
Redmi Buds 3 Pro,YouTube,qqFqiItcc48,your skin so flawless 😮😮😮,1,2025-03-20T13:49:37Z
Redmi Buds 3 Pro,YouTube,qqFqiItcc48,"Great video thanks!
Huawei 👑 
Beats 💀",3,2025-03-20T02:44:46Z
Redmi Buds 3 Pro,YouTube,qqFqiItcc48,Thanks harry. Pixel's or nothing ear are the only semi decent ones,2,2025-03-19T05:23:04Z
Redmi Buds 3 Pro,YouTube,qqFqiItcc48,Pixel ❤,0,2025-03-13T19:26:57Z
Redmi Buds 3 Pro,YouTube,qqFqiItcc48,Are beats earbuds fake?,5,2025-03-10T15:34:56Z
Redmi Buds 3 Pro,YouTube,qqFqiItcc48,Only the beats seem to suck and they are made by Apple. Yet they have the better sound for music. Apple trying to give us different reasons to buy both I guess,0,2025-03-06T03:04:44Z
Redmi Buds 3 Pro,YouTube,qqFqiItcc48,We are getting to the moon with these Beats studio 🔥🗣️,23,2025-03-01T00:02:04Z
Redmi Buds 3 Pro,YouTube,qqFqiItcc48,"Galaxy buds are not good 😂, i use them and hate it",0,2025-02-20T04:36:39Z
Redmi Buds 3 Pro,YouTube,qqFqiItcc48,"wrong results 
I've Bose QC ultra , Air pods 2 , and nothing ear a.
Bose and Air pods 2 are rubbish up to 70 db but Nothing ear a and Huawei freebuds 3 pro are the real king in terms of calling.",3,2025-01-31T07:07:13Z
Redmi Buds 3 Pro,YouTube,qqFqiItcc48,No matter what brand I use people always complain they can't hear me on the other side,71,2025-01-29T05:56:08Z
Redmi Buds 3 Pro,YouTube,qqFqiItcc48,Pixel so bright,1,2025-01-19T17:15:55Z
Redmi Buds 3 Pro,YouTube,qqFqiItcc48,"Un español que habla ingles excelentemente, ya lo he visto todo mi gente.",2,2025-01-10T04:00:33Z
Redmi Buds 3 Pro,YouTube,qqFqiItcc48,Alv yo esperaba el vídeo en español no en inglés,0,2025-01-08T14:23:18Z
Redmi Buds 3 Pro,YouTube,qqFqiItcc48,I think nothing ear 2 was good🎉,67,2025-01-04T16:25:44Z
Redmi Buds 3 Pro,YouTube,qqFqiItcc48,Pixel buds pro sucks cos I have one.,0,2024-12-30T06:36:33Z
Redmi Buds 3 Pro,YouTube,qqFqiItcc48,BOSE >>>>,1,2024-12-27T03:34:58Z
Redmi Buds 3 Pro,YouTube,qqFqiItcc48,"I was really considering beats studio buds +, holy shitzkys ty for not telling me which is good instead demonstrating the performance. Subscription activated ✅",54,2024-12-21T19:00:45Z
Redmi Buds 3 Pro,YouTube,qqFqiItcc48,The HUAWEI earsbuds are the best,2,2024-12-20T16:30:40Z
Redmi Buds 3 Pro,YouTube,qqFqiItcc48,I think the galaxy and pixel buds have the best sounds,3,2024-12-20T15:22:13Z
Redmi Buds 3 Pro,YouTube,qqFqiItcc48,beats sounds like it was forced to be in the competition,270,2024-11-23T17:16:33Z
Redmi Buds 3 Pro,YouTube,qqFqiItcc48,The beats 😂😂😂😂😂😂😂,4,2024-10-02T09:39:32Z
Redmi Buds 3 Pro,YouTube,qqFqiItcc48,Beats be like: I'm out of competition 😅😅,57,2024-09-28T05:39:28Z
Redmi Buds 3 Pro,YouTube,qqFqiItcc48,Domingo que haces hablando ingles JAJAJAJA,8,2024-09-25T21:02:56Z
Redmi Buds 3 Pro,YouTube,qqFqiItcc48,AirPods Pro 2 sound best.,1,2024-09-22T06:22:58Z
Redmi Buds 3 Pro,YouTube,qqFqiItcc48,S24 series vs iPhone 16 series needed !! ❤,1,2024-09-21T08:38:04Z
Redmi Buds 3 Pro,YouTube,qqFqiItcc48,Nah those beats are horrible 😭,1006,2024-09-19T19:45:12Z
Redmi Buds 3 Pro,YouTube,qqFqiItcc48,Galaxy buds are better by FAR man,397,2024-09-18T23:08:01Z
Redmi Buds 3 Pro,YouTube,qqFqiItcc48,"Yo those beats sound great, might be the best one tbh",594,2024-09-18T23:05:11Z
Redmi Buds 3 Pro,YouTube,qqFqiItcc48,❤,0,2024-09-18T23:04:04Z
Redmi Buds 3 Pro,YouTube,jWizweJ3Hl0,Mic toh dono ka ghatiya hai,0,2026-01-06T14:16:44Z
Redmi Buds 3 Pro,YouTube,jWizweJ3Hl0,Bhai teri abj hi bekar h mujhe to samjh hi nhi aayi,0,2025-08-15T18:35:07Z
Redmi Buds 3 Pro,YouTube,jWizweJ3Hl0,"Sound redmi me hai koi  doubt nahin but Esme kuch glitch bhi hai jab mine ye new liy tha bhi se hi hai bich bich me ek sound ta hia ""pat pat - Aisa kuch 
Or ek cheez hai jab khi travel kroge toh transpiration mode automatically on ho jata hi like jab bike chaloge or jaise rukoge turant off ho jayega 
Or redmi ka anc better hai OnePlus se 
Redmi buds k size bada hai OnePlus se 
Earbuds water proof hai but usk case nhi mera case kharab ho gya Pani ke wajah se phir open plus ka liya eski fitting thodi acchi hai but sound quality miss kr rha Esme 
And wo travel krte time  transparency mode on ni hota",0,2025-08-07T03:32:33Z
Redmi Buds 3 Pro,YouTube,jWizweJ3Hl0,Ek comparison realme buds 7 aur redmi buds 6 k beech kardo,0,2025-04-02T21:00:41Z
Redmi Buds 3 Pro,YouTube,jWizweJ3Hl0,Very helpful video,0,2025-01-18T22:16:33Z
Redmi Buds 3 Pro,YouTube,jWizweJ3Hl0,I'm confused b/w realme air buds 6 and redmi buds 6 which should i buy?,2,2025-01-14T17:22:01Z
Redmi Buds 3 Pro,YouTube,jWizweJ3Hl0,Redmi ke sare product ghatiya hain mat lena   maine redmi 6 buds liye hai paisa barbaad ho chuka hai youtuber ki baaton me na ayen please offline market jakar khud test karo 😢😢😢,7,2025-01-08T11:36:20Z
Redmi Buds 3 Pro,YouTube,jWizweJ3Hl0,Thank you for comparison between both high level,0,2024-12-27T11:53:17Z
Redmi Buds 3 Pro,YouTube,jWizweJ3Hl0,"Hello bhai
Samsung galaxy s24 plus nothing 65 ward charger sai charger kar sakta hu ..ya jitna mobile support karti utna wrd ka charger use kru",2,2024-12-23T12:41:47Z
Redmi Buds 3 Pro,YouTube,jWizweJ3Hl0,OnePlus Nord 3 pro use kar raha hu calling time battery jaldi khatm ho jati hai full volume mein 7 hour ka battery backup Mila,1,2024-12-23T10:05:57Z
Redmi Buds 3 Pro,YouTube,jWizweJ3Hl0,Comparison Video kab aa rahi hai over the ear headphones ki,0,2024-12-23T08:29:15Z
Redmi Buds 3 Pro,YouTube,jWizweJ3Hl0,My boult w10 is very good,1,2024-12-23T07:39:44Z
Redmi Buds 3 Pro,YouTube,jWizweJ3Hl0,5 best tws under 3000.,0,2024-12-23T03:53:54Z
Redmi Buds 3 Pro,YouTube,jWizweJ3Hl0,Bhaiya please soundcore q20i vs soundcore space one vs sony whch 720n ????,1,2024-12-22T17:26:12Z
Redmi Buds 3 Pro,YouTube,jWizweJ3Hl0,me watching this video on 2999 bought jbl 245 nc 😂,1,2024-12-22T17:15:31Z
Redmi Buds 3 Pro,YouTube,n0n0zqXoxOM,"Buy Redmi Buds 4 Pro:
➨ https://ali.ski/QlEeE - Aliexpress
➨ https://amzn.to/3TYYTQJ - Amazon
➨ https://bit.ly/3wPw9Ql - Alibaba

Buy Redmi Buds 3 Pro:
➨ https://amzn.to/3zr899b - Amazon
➨ https://ali.ski/D31xbS - Aliexpress
➨ https://bit.ly/3lQJdzY - Geekbuying",1,2022-06-10T08:30:38Z
Redmi Buds 3 Pro,YouTube,n0n0zqXoxOM,Which is better jabra elite 2 or xiaomi redmi 3/4 pro?,0,2024-02-17T16:16:53Z
Redmi Buds 3 Pro,YouTube,n0n0zqXoxOM,"You said ""I don't have the Redmi buds 4 pro yet"" but you are making a comparison video!! ??",1,2023-05-19T11:58:47Z
Redmi Buds 3 Pro,YouTube,n0n0zqXoxOM,"One of the the worse reviews of all time, and if you want an English channel, please learn how to speak",0,2023-03-04T05:58:04Z
Redmi Buds 3 Pro,YouTube,n0n0zqXoxOM,"How did you say redmi buds 3 pro and 4 pro have worse sound quality? And also, you haven't yet tested the redmi buds 4 pro",0,2023-03-04T03:19:23Z
Redmi Buds 3 Pro,YouTube,n0n0zqXoxOM,Can you guys get a voice narrator without a super strong accent? I can help you if you need 😅,1,2023-03-02T07:47:08Z
Redmi Buds 3 Pro,YouTube,n0n0zqXoxOM,"I mean like, what info does this video give me, I can get all that info just by reading their specifications. it's not a review",2,2022-11-29T06:10:42Z
Redmi Buds 3 Pro,YouTube,n0n0zqXoxOM,2:12 so dirty fingernails 🤢,4,2022-10-14T08:05:14Z
Redmi Buds 3 Pro,YouTube,n0n0zqXoxOM,Redmi buds 4 Pro or OnePlus buds z2?,0,2022-09-26T03:49:34Z
Redmi Buds 3 Pro,YouTube,n0n0zqXoxOM,do you have a comparison with redmi buds 3 pro vs redmi bus 4 which looks similar,4,2022-09-25T16:43:24Z
Redmi Buds 3 Pro,YouTube,n0n0zqXoxOM,Can you make comparison of redmi bud3 pro vs redmi 4 and sound sample,3,2022-09-20T17:37:38Z
Redmi Buds 3 Pro,YouTube,n0n0zqXoxOM,This or Xiaomi flipbuds pro?,1,2022-07-13T04:08:06Z
Redmi Buds 3 Pro,YouTube,n0n0zqXoxOM,how is the quality of the microphone on the street when making calls,0,2022-06-22T12:23:12Z
Redmi Buds 3 Pro,YouTube,n0n0zqXoxOM,"so you are reviewing an earbug that you didn't test yet !!! this is only to loose our time. Get them, try them and review them !",32,2022-06-02T07:00:27Z
Redmi Buds 3 Pro,YouTube,n0n0zqXoxOM,What codecs does Redmi Buds 4 Pro support?,4,2022-05-28T15:02:12Z
Redmi Buds 3 Pro,YouTube,xwJF72GiIvs,"I want buds that could last more than 3 years easily 
I am using oneplus nord buds 1 since its release and now left side charging pin got stucked, otherwise, 2hr battery backup and Audio quality still amazing",0,2025-09-01T19:30:20Z
Redmi Buds 3 Pro,YouTube,xwJF72GiIvs,Tino me kon sa best h,0,2025-05-11T10:51:24Z
Redmi Buds 3 Pro,YouTube,xwJF72GiIvs,Realme buds air 6 vs oneplus nord 3 pro..... konsa best hai for listening song havey bass,0,2025-03-12T18:27:40Z
Redmi Buds 3 Pro,YouTube,xwJF72GiIvs,I am using Motorola edge 50 neo mari leya kon sa best hoga. Please reply 😢😢,1,2025-03-09T13:15:19Z
Redmi Buds 3 Pro,YouTube,xwJF72GiIvs,"For your kind information, the nord buds 3 pro doesn't support hi res codec ...like realme",3,2025-03-06T13:36:46Z
Redmi Buds 3 Pro,YouTube,xwJF72GiIvs,One plus nord buds 3 pro or redmi buds 6,0,2025-02-12T05:07:50Z
Redmi Buds 3 Pro,YouTube,xwJF72GiIvs,in 3no me sbse zyada boom bass kiska hai,0,2025-02-05T08:54:26Z
Redmi Buds 3 Pro,YouTube,xwJF72GiIvs,Bhai ek bat batao agar me ek 50k ka laptop buy karu to mujko kitna down payment karna padega lagbhag bata do cibil bhi 700 se uper hai,0,2025-02-01T12:48:46Z
Redmi Buds 3 Pro,YouTube,J0Xnd-exrv8,"Bhai, please, if you're speaking Hindi in the video, use the appropriate title in Hindi as well or at least provide the English subtitles! Imagine me posting a video with a Hindi title, but actually speaking Russian or Chinese in the video itself, or any other language you aren't expected to run into for that matter, this is exactly how it appears for anyone who doesn't speak your native tongue. It misleads the English speaking audience, it essentially is false advertising.",0,2025-01-21T13:11:55Z
Redmi Buds 3 Pro,YouTube,J0Xnd-exrv8,OnePlus❤ is better than redmi,2,2024-12-17T06:58:37Z
Redmi Buds 4,YouTube,FHN4SYem9xY,"You can watch the full review video of the Xiaomi Redmi Buds 4 Active: https://youtu.be/ceL1hIoWJbs

Buy Xiaomi Redmi Buds 4 Active: 

➨ https://amzn.to/49BFzBs - Amazon
➨ https://ali.ski/pTzYg - Aliexpress",7,2023-07-05T14:55:16Z
Redmi Buds 4,YouTube,FHN4SYem9xY,Watching this short by using redmi buds 4 active,0,2025-11-16T14:47:55Z
Redmi Buds 4,YouTube,FHN4SYem9xY,BUILD QUALITY LIKE NOKIA 3310 NO COMPARISON TO ANY OTHER EARBUDS IN THE MARKET AT THIS PRICE POINT EVEN HIGHER PRICE POINT,0,2025-11-11T18:45:26Z
Redmi Buds 4,YouTube,FHN4SYem9xY,"Okay I'm back a year later with my honest review. I bought the Redmi buds out of necessity, as I couldn't afford the Sony headphones I initially wanted. I decided to try them despite not being a fan of in-ear buds because they tend to slip out. I took a leap of faith and hoped these would be great.  

Right off the bat I wasn't blown away, the sound quality was just okay and I often found myself turning up the volume but it was never enough. The companion app offers features like noise canceling but to be honest it doesn't quite live up to expectations. During phone calls the receiver could barely hear me due to distortion and the audio sounding as though I was far away. The earbuds sync well but I've noticed a decrease in sound quality over time. At first I thought the flat sound was due to the battery being low, but it turns out the audio quality decreases after a few minutes of playback even with a full charge. The pause-on-tap feature can be buggy often triggered when I removed the earbuds or wear a hat. On the flip side, the case battery life is good requiring only 2-3 charges a month depending on how much you use them.

Overall I'd recommend sticking to classic plug-in earphones if you're looking for a place holder, I would not recommend these for long term use. All I can say is don't compromise on quality to save money - wait and invest in what you really want from the start because these kinda feel like a waste.",4,2025-07-27T10:31:38Z
Redmi Buds 4,YouTube,FHN4SYem9xY,"Just got a pair today ...
Cool shyt 🔥❤",0,2025-05-20T15:23:58Z
Redmi Buds 4,YouTube,FHN4SYem9xY,Can someone please help me how to connect them unable to do so,0,2024-10-03T15:35:16Z
Redmi Buds 4,YouTube,FHN4SYem9xY,They are shit compared to airpods but for the price they are an usable backup.,0,2024-06-11T18:57:53Z
Redmi Buds 4,YouTube,FHN4SYem9xY,hey... hows the latency?,0,2024-06-09T15:29:58Z
Redmi Buds 4,YouTube,FHN4SYem9xY,Can I buy it,0,2024-05-31T03:51:47Z
Redmi Buds 4,YouTube,FHN4SYem9xY,"I bought one
It’s rubbish 
no bass and wired nokia headphones quality 
- Anker soundcore is very good option big value for money 
- beats buds noise cancellation is rubbishy also I can’t tolerate the poor quality of sound, disconnecting and bugs 
- Airpod pro 2 is perfect",0,2024-05-20T05:35:32Z
Redmi Buds 4,YouTube,FHN4SYem9xY,Bro you have smoke is your home burning ? just called the fire department,12,2024-04-01T19:52:33Z
Redmi Buds 4,YouTube,FHN4SYem9xY,Bro iska cover nhil raha online,0,2024-03-16T03:31:43Z
Redmi Buds 4,YouTube,FHN4SYem9xY,Very worst products,0,2024-03-06T15:21:49Z
Redmi Buds 4,YouTube,FHN4SYem9xY,Sound good or bad?,0,2024-02-11T03:49:41Z
Redmi Buds 4,YouTube,FHN4SYem9xY,How to activate Google assitant on them?,1,2024-02-10T10:57:57Z
Redmi Buds 4,YouTube,FHN4SYem9xY,Redmi buds 4 active ki volume itni kam kyu hai...,0,2024-02-10T10:39:16Z
Redmi Buds 4,YouTube,FHN4SYem9xY,İslevini yerine getiriyor kesinlikle ben begendim❤,0,2024-02-05T08:38:42Z
Redmi Buds 4,YouTube,FHN4SYem9xY,Don't have a cable to charge them?,1,2024-02-04T21:27:51Z
Redmi Buds 4,YouTube,FHN4SYem9xY,That's why i am a xiaomi fan i have a redmi note 12 now i am gonna have this,3,2024-01-27T11:13:16Z
Redmi Buds 4,YouTube,FHN4SYem9xY,"Got them a couple days ago and currently using then to hear this reek, they're really good and comfortable, the basses are great as well for the price it's a no brainer in my opinion",26,2024-01-15T15:25:25Z
Redmi Buds 4,YouTube,FHN4SYem9xY,Price,0,2024-01-08T15:53:16Z
Redmi Buds 4,YouTube,FHN4SYem9xY,Anc works properly?,0,2024-01-05T13:18:00Z
Redmi Buds 4,YouTube,FHN4SYem9xY,Volume shortcut 😮,1,2023-12-18T11:54:52Z
Redmi Buds 4,YouTube,FHN4SYem9xY,But the right side is not working,1,2023-12-06T16:53:28Z
Redmi Buds 4,YouTube,FHN4SYem9xY,"Наушники за такую цену говно что по звуку и покачеству также говно 
За такуюже цену можно вращы от тогоже производителя купить qcy t17s 
Там и звук лучше и качество сборки да и в добавок есть приложение где можно настроить каждый наушник отдельно",0,2023-12-01T09:31:58Z
Redmi Buds 4,YouTube,FHN4SYem9xY,"Do they have in ear detection?
I saw some holes on the inner part of them",1,2023-11-30T03:22:33Z
Redmi Buds 4,YouTube,FHN4SYem9xY,What better this or just normal 4?,1,2023-11-28T14:34:30Z
Redmi Buds 4,YouTube,FHN4SYem9xY,type c?,0,2023-11-10T20:47:37Z
Redmi Buds 4,YouTube,FHN4SYem9xY,Ye buds mat lo Bhai please is ka sound quality achha nhi hai,1,2023-10-21T11:34:37Z
Redmi Buds 4,YouTube,FHN4SYem9xY,Data cable will not came,0,2023-10-15T07:51:38Z
Redmi Buds 4,YouTube,FHN4SYem9xY,Does it thas touch control sensors,5,2023-10-14T09:27:57Z
Redmi Buds 4,YouTube,FHN4SYem9xY,It have a mic?,0,2023-10-11T13:31:26Z
Redmi Buds 4,YouTube,FHN4SYem9xY,Does it connect to iphones?,4,2023-10-08T08:04:15Z
Redmi Buds 4,YouTube,FHN4SYem9xY,Size of redmi active 4 and redmi lite earbuds??,1,2023-09-10T10:43:52Z
Redmi Buds 4,YouTube,FHN4SYem9xY,What is different between 4 pro and 4 active?,8,2023-09-04T08:03:04Z
Redmi Buds 4,YouTube,FHN4SYem9xY,What do i do if when i turn it on the battery percentage doesnt shows up?,1,2023-09-03T12:02:02Z
Redmi Buds 4,YouTube,FHN4SYem9xY,which is better between 4 lite and 4 active and what are the differences?,1,2023-08-30T11:54:57Z
Redmi Buds 4,YouTube,FHN4SYem9xY,هاي اصليه وكم سعرها,0,2023-08-10T22:26:46Z
Redmi Buds 4,YouTube,FHN4SYem9xY,Хороший звук?,0,2023-08-01T15:46:05Z
Redmi Buds 4,YouTube,FHN4SYem9xY,Looking good design,21,2023-07-26T17:07:05Z
Redmi Buds 4,YouTube,HJnHD79Ywec,"What are your thoughts on these? And, which earbuds should I review next? 🤔",15,2023-09-10T15:02:23Z
Redmi Buds 4,YouTube,HJnHD79Ywec,"Thanks for reviewing this , really needed it",0,2026-01-12T01:55:47Z
Redmi Buds 4,YouTube,HJnHD79Ywec,"Okay I'm back a year later with my honest review. I bought the Redmi buds out of necessity, as I couldn't afford the Sony headphones I initially wanted. I decided to try them despite not being a fan of in-ear buds because they tend to slip out. I took a leap of faith and hoped these would be great.  

Right off the bat I wasn't blown away, the sound quality was just okay and I often found myself turning up the volume but it was never enough. The companion app offers features like noise canceling but to be honest it doesn't quite live up to expectations. During phone calls the receiver could barely hear me due to distortion and the audio sounding as though I was far away. The earbuds sync well but I've noticed a decrease in sound quality over time. At first I thought the flat sound was due to the battery being low, but it turns out the audio quality decreases after a few minutes of playback even with a full charge. The pause-on-tap feature can be buggy often triggered when I removed the earbuds or wear a hat. On the flip side, the case battery life is good requiring only 2-3 charges a month depending on how much you use them.

Overall I'd recommend sticking to classic plug-in earphones if you're looking for a place holder, I would not recommend these for long term use. All I can say is don't compromise on quality to save money - wait and invest in what you really want from the start because these kinda feel like a waste of money.",0,2025-07-27T10:29:25Z
Redmi Buds 4,YouTube,HJnHD79Ywec,"just bought this, if want high volume sound when playing music or gaming, this buds are not for u, but for calling it's great, the mic sounds good and clear, great for calling, but not great for music n gaming if u are used to higher volume headphone/earphone, low latency to me for gaming its nice too, i tried playing pubg its ok, but the volume so low, u have to used other app to increase the volume, so that's all for my review",0,2025-04-16T09:33:46Z
Redmi Buds 4,YouTube,HJnHD79Ywec,"These suck! I bought them yesterday, were working for a day and now they are not even charging",1,2025-02-12T23:40:58Z
Redmi Buds 4,YouTube,HJnHD79Ywec,Redmi buds 4 Lite,1,2025-01-19T18:53:36Z
Redmi Buds 4,YouTube,HJnHD79Ywec,Very bad buds i had ever in my life,0,2025-01-16T21:14:20Z
Redmi Buds 4,YouTube,HJnHD79Ywec,worst experience with these..,0,2024-12-27T14:14:07Z
Redmi Buds 4,YouTube,HJnHD79Ywec,Its literally good. I use them with samsungs Dolby Atmos and it takes them from a 6 to a 8. Better than alot of headphones. Goes to show what companies could do if they took the time to Eq the head phones,0,2024-11-14T09:25:23Z
Redmi Buds 4,YouTube,HJnHD79Ywec,is there any chance can i have lost refill,0,2024-10-09T14:02:27Z
Redmi Buds 4,YouTube,HJnHD79Ywec,It sounds worse than the fake airpod pro ☠️,1,2024-09-17T02:52:35Z
Redmi Buds 4,YouTube,HJnHD79Ywec,just got mine delivered from the official shop it's worth it damn it 😂❤🎉,0,2024-09-07T07:07:42Z
Redmi Buds 4,YouTube,HJnHD79Ywec,"My biggest gripes are the lack of clarity and a persistent static hiss when sound is playing. The price does a fair bit to mitigate those.
Correction:🥲 Terrible synching issues once in use outside and when my phone is in my pocket. 

Otherwise I fully agree with the review. You won't regret these if you have the right expectations and don't get a lemon pair",0,2024-08-31T09:16:34Z
Redmi Buds 4,YouTube,HJnHD79Ywec,These are worth 20 dolars i used it on a nintendo switch its amazing,1,2024-08-04T00:24:47Z
Redmi Buds 4,YouTube,HJnHD79Ywec,"I ordered the black one a few weeks ago, the fit and color, I think it's very nice, I'm thinking of recommending it to my cousin, even though I don't recommend it, he hears it from me, the sound is nice, but it sounds like it's coming from a little distance to me, but that depends on you or me, but I like it, it looks good quality and it lasts for 28 hours. It can work, get it  😊😊😊",0,2024-07-13T17:29:48Z
Redmi Buds 4,YouTube,HJnHD79Ywec,These or Redmi buds 5?,0,2024-07-12T05:26:06Z
Redmi Buds 4,YouTube,HJnHD79Ywec,Can i use them with iphone ?,0,2024-06-26T09:45:35Z
Redmi Buds 4,YouTube,HJnHD79Ywec,"Which is better redmi buds 4 lite or remi buds 4 active? 

And why you didn't buy remi buds 4 active in white?",1,2024-06-23T01:46:45Z
Redmi Buds 4,YouTube,HJnHD79Ywec,So the the only difference between lite and active is the noise cancellation design with additional rubber thing? Am I right?,1,2024-06-18T03:35:27Z
Redmi Buds 4,YouTube,HJnHD79Ywec,"Which is better redmi bud 4 lite or redmi bud 4 active , I'm going to buy one that's why I'm asking.",0,2024-06-17T08:00:20Z
Redmi Buds 4,YouTube,HJnHD79Ywec,感謝分享,0,2024-06-15T19:04:31Z
Redmi Buds 4,YouTube,HJnHD79Ywec,"Bought em, the sound quality is absolutely horrible, listening to anything with it is a horrible experience that I wouldn't wish even to my worst enemy + the audio cancelling is inexistant",3,2024-05-31T10:11:59Z
Redmi Buds 4,YouTube,HJnHD79Ywec,3:01  plz give me the app link,2,2024-05-09T15:26:59Z
Redmi Buds 4,YouTube,HJnHD79Ywec,"Bought these because even though my Skullcandy jib true 2 sound good and can pair with tile app to find if misplace I'm constantly adjust it so it doesn't fall out
And when I'm moving at a steady pace they fall out when I least expect it",0,2024-05-07T16:45:01Z
Redmi Buds 4,YouTube,HJnHD79Ywec,what is the app you use on your earbuds?,2,2024-05-06T15:56:22Z
Redmi Buds 4,YouTube,HJnHD79Ywec,only 12 usd in my country,0,2024-04-13T05:32:13Z
Redmi Buds 4,YouTube,HJnHD79Ywec,"Sound from your video sample is eh...just like my Air budz 3.
My friends complain heavy about the latter, so I will look into some higher end buds.  Thanks for the sample!",5,2024-04-11T14:18:13Z
Redmi Buds 4,YouTube,HJnHD79Ywec,It DOESN'T HAVE powerful Bass...other Brands are  MUCH better😂😂,1,2024-04-03T05:57:04Z
Redmi Buds 4,YouTube,HJnHD79Ywec,Which is better buds 4 acive or lite?,3,2024-03-18T00:35:32Z
Redmi Buds 4,YouTube,HJnHD79Ywec,It has a noise cancellation?,1,2024-03-17T07:13:56Z
Redmi Buds 4,YouTube,HJnHD79Ywec,Could anybody help me setup this device for fast pairing,1,2024-03-13T05:39:35Z
Redmi Buds 4,YouTube,HJnHD79Ywec,I cant use these for a long time without my ears ache. I would not recommend.,1,2024-02-22T23:22:42Z
Redmi Buds 4,YouTube,HJnHD79Ywec,"hi, 4 lite vs 4 active max volume?",2,2024-02-13T14:20:58Z
Redmi Buds 4,YouTube,HJnHD79Ywec,Do they work with Android phones?,1,2024-02-06T08:18:20Z
Redmi Buds 4,YouTube,HJnHD79Ywec,Are they good for iPhone?,1,2023-12-31T20:07:04Z
Redmi Buds 4,YouTube,HJnHD79Ywec,Got mine today. Does it have built in mic? Bcs mine still uses the phone microphone when I try to record,0,2023-12-23T14:21:07Z
Redmi Buds 4,YouTube,HJnHD79Ywec,Did it include a charging cable?,3,2023-12-13T15:30:10Z
Redmi Buds 4,YouTube,HJnHD79Ywec,"How was the sound on high volume?
Does the bass sound good?😊",3,2023-12-07T12:49:01Z
Redmi Buds 4,YouTube,HJnHD79Ywec,It cost around 999rs in India which is equal to 12.5$ and I think it's a good choice at that price,28,2023-12-03T02:25:54Z
Redmi Buds 4,YouTube,HJnHD79Ywec,"sorry for bad english i am italian i have few questions: how do you use their microphone for video recording? because with other earphones i cannot use it. And also, can you use them separately and charge them separately? i mean when the first discharge i use the second and charge the first, et cetera.
thank you",3,2023-12-02T11:09:40Z
Redmi Buds 4,YouTube,HJnHD79Ywec,Are headphones a good choice for training?,3,2023-12-01T12:08:44Z
Redmi Buds 4,YouTube,HJnHD79Ywec,"what are the difference between Xiaomi Buds 4 Pro, Xiaomi buds 4 Active and Buds 4 Pro Hi Res? Which one is good to go?",3,2023-11-29T18:25:42Z
Redmi Buds 4,YouTube,HJnHD79Ywec,Watching this after purchasing them already :),3,2023-11-29T12:33:41Z
Redmi Buds 4,YouTube,HJnHD79Ywec,40$ budget There any buds better than QCY HT05?,0,2023-11-26T17:32:10Z
Redmi Buds 4,YouTube,HJnHD79Ywec,I just bought this and I cannot find any charging indicators - whether the case is fully charged or on low battery. Would you know these?,4,2023-11-21T06:42:09Z
Redmi Buds 4,YouTube,HJnHD79Ywec,would you recommend these or philips TAT1207BK/00 TWS ?,0,2023-11-06T00:06:40Z
Redmi Buds 4,YouTube,HJnHD79Ywec,i have a xiao mi 12s pro phone so i was hoping to get these,0,2023-10-26T23:58:11Z
Redmi Buds 4,YouTube,HJnHD79Ywec,which is better xiaomi buds 4 active global version or xiaomi buds 4 lite global version?,0,2023-10-23T08:51:00Z
Redmi Buds 4,YouTube,HJnHD79Ywec,They sound promising.  I'm currently using a pair of SoundPeats TrueAir2 with adaptors.,2,2023-10-19T21:09:26Z
Redmi Buds 4,YouTube,HJnHD79Ywec,Which is better in sound quality ? Qcy T13 or these one ?,3,2023-10-14T05:14:11Z
Redmi Buds 4,YouTube,HJnHD79Ywec,"When compared, which of this earbuds is better when it comes to audio quality, features etc redmi buds 4 active or baseus bowie wm02?",13,2023-10-05T17:38:03Z
Redmi Buds 4,YouTube,HJnHD79Ywec,Does the case light indicator. Keep on non stop or just mine ??,1,2023-10-04T10:15:35Z
Redmi Buds 4,YouTube,HJnHD79Ywec,"Unfortunately, the audio quality is definitely FLAT. Got these to replace my old Haylou GT6 (also a cheap tws half in-ear earbuds, about 20usd when bought), but safe to say these aren't replacing them in terms of audio quality. GT6 is like a 8.5/10 and Buds 4 Active is like a 5/10. Microphone performance was ok tho for the B4A, and the full in-ear design definitely cut off alot of environmental noises, two pros here. So if you are running on a tight budget and don't mind the mid audio quality, then go for it, it serves OK for me but it just bothers me that I had to settle for worse audio, that's all from me. Peace ✌",92,2023-10-02T02:46:17Z
Redmi Buds 4,YouTube,HJnHD79Ywec,"How bad is the sound leakage on the buds 4 lite, like would someone next to me in a quiet environment be able to hear it?",1,2023-09-23T18:17:39Z
Redmi Buds 4,YouTube,HJnHD79Ywec,"would you say these are more comfortable than the buds 4 lite, i am debating between the two right now, and i heard that the buds 4 lite has some leakage, would anyone hear my music on the buds 4 lite because of the leakage? Also, are there any disconnects for the buds 4 active and lite? (thanks and great review!)",9,2023-09-16T03:18:54Z
Redmi Buds 4,YouTube,HJnHD79Ywec,got these.. the max volume is low,9,2023-09-15T00:00:51Z
Redmi Buds 4,YouTube,HJnHD79Ywec,Do you include the earbuds when charging it or just the case? Tyia,0,2023-09-13T03:03:31Z
Redmi Buds 4,YouTube,HJnHD79Ywec,No ANC!!!!!! I almost purchased,2,2023-09-11T21:14:00Z
Redmi Buds 4,YouTube,th7fOh3rZuw,"Buy Xiaomi Redmi Buds 4: 
➨ https://fas.st/ImQN0T - Aliexpress
➨ https://amzn.to/3TxGUB2 - Amazon",4,2022-07-07T10:32:39Z
Redmi Buds 4,YouTube,th7fOh3rZuw,terrible mic,0,2024-12-28T17:37:16Z
Redmi Buds 4,YouTube,th7fOh3rZuw,Have u reviewed any that work with iPhone im looking for a pair,0,2024-08-10T13:21:30Z
Redmi Buds 4,YouTube,th7fOh3rZuw,"I don`t recommend these, sound is weak and they get uncomfortable after about an hour as the shape is bulkier than most headphones of that type. After some time I got weird sound artifacts in one of the phones, I don`t know if its from the noise cancelling feature or if its the electronics.",1,2024-05-28T08:34:46Z
Redmi Buds 4,YouTube,th7fOh3rZuw,Should i buy redmi 4 or not?,0,2024-05-11T12:23:28Z
Redmi Buds 4,YouTube,th7fOh3rZuw,"I have this earbuds (turquoise, where the headphones themselves are shiny, like female style) don't know how to connect them, because they are not showing in bluetooth",0,2024-04-13T04:42:10Z
Redmi Buds 4,YouTube,th7fOh3rZuw,"I have been using these buds for a few months now and they are terrible. They fall out of my ears all the time and I can't make a call because the person I'm talking to can't hear me, just background noise. Rubbish do not buy them.",0,2024-02-29T08:19:30Z
Redmi Buds 4,YouTube,th7fOh3rZuw,I'm from Pakistan i have Redmi buds 4 and i downloaded Xiaomi application for it but it is not connecting to it please tell me the solution,2,2024-02-25T05:51:25Z
Redmi Buds 4,YouTube,th7fOh3rZuw,I wish the pro were designed like the regular. Pros with the long neck looks weird.,1,2024-01-30T10:23:32Z
Redmi Buds 4,YouTube,th7fOh3rZuw,I have these buds and bought them because I have a note 10 pro phone which is still better than the latest iPhone and it's 5 years old. These buds fall out of my ears all the time. Battery doesn't last very long.,1,2024-01-10T08:51:12Z
Redmi Buds 4,YouTube,th7fOh3rZuw,Is redmi buds 4 good for game?,0,2024-01-07T12:58:43Z
Redmi Buds 4,YouTube,th7fOh3rZuw,What better xiaomi redmi earbuds 4 or 4 active?,0,2023-11-28T14:34:00Z
Redmi Buds 4,YouTube,th7fOh3rZuw,"Hello sir! Compared to redmi buds 3 pro and redmi buds 4 pro, which has overall better noise cancellation?",4,2023-10-02T03:23:30Z
Redmi Buds 4,YouTube,th7fOh3rZuw,"Comparing the Redmi buds 4 and Redmi buds 3 pro, which one is better? They seem to be about the same specs.",8,2023-09-09T07:53:15Z
Redmi Buds 4,YouTube,th7fOh3rZuw,"Earbuds
Functionable distance: 10m (no obstacles between)
Input (or output?idk) : 5v-100mah
Bluetooth: Bluetooth 5.2
Security standard or smt: …
…

Case
Charger hole: Type C
Input: …
Output …",1,2023-09-07T09:52:46Z
Redmi Buds 4,YouTube,th7fOh3rZuw,"Functions:
Warning, might not work in low temperatures or dry fingers.
Call:
Double tap: pick up
Triple tap: Reject or hang up
Music:
Double tap: Play/pause
Triple tap: Next piece
Take out earpiece: Pause, If earphone is put back within 120s, music would play
Anc/transparency mode:
Press and hold to switch between modes",4,2023-09-07T09:48:39Z
Redmi Buds 4,YouTube,th7fOh3rZuw,Have you tried it in games does it have a late response?,0,2023-08-29T15:56:31Z
Redmi Buds 4,YouTube,th7fOh3rZuw,"Hello, does the Redmi earbuds 3 pro and Redmi 4 buds have the same charger case?",1,2023-08-18T04:11:32Z
Redmi Buds 4,YouTube,th7fOh3rZuw,Good Review. Thanks Brother,0,2023-08-13T21:15:47Z
Redmi Buds 4,YouTube,th7fOh3rZuw,I think I'd want these in blue if they weren't shiny! I feel like it would look so much better without :(,2,2023-07-10T15:00:09Z
Redmi Buds 4,YouTube,th7fOh3rZuw,Can you pair it with two devices at the same time?,0,2023-06-25T08:47:56Z
Redmi Buds 4,YouTube,th7fOh3rZuw,How do I answer the headset when someone calls me?,0,2023-04-11T22:06:09Z
Redmi Buds 4,YouTube,th7fOh3rZuw,Please compare buds 3 pro and buds 4,13,2023-02-24T10:30:09Z
Redmi Buds 4,YouTube,th7fOh3rZuw,"I just bought redmi buds 4, but the app is not supported by my iphone 11 pro max… the company just told me my phone does not support my buds, thus i cant control quality of my buds… it sounds cheap with iphone…",4,2023-01-31T04:04:53Z
Redmi Buds 4,YouTube,th7fOh3rZuw,Xiaomi Redmi Buds 4 vs Xiaomi Redmi Buds 3 Pro,4,2023-01-01T13:13:20Z
Redmi Buds 4,YouTube,th7fOh3rZuw,Compre buds 3 pro vs buds 4,49,2022-09-11T08:18:39Z
Redmi Buds 4,YouTube,th7fOh3rZuw,Que legal! Estou esperando o meu Redmi buds 4pro chegar,1,2022-08-25T03:19:00Z
Redmi Buds 4,YouTube,th7fOh3rZuw,Redmi buds 4 or Redmi buds 3 pro?,6,2022-08-23T13:53:48Z
Redmi Buds 4,YouTube,HKlbATrrQGo,"Which is better, this or the redmi buds 3 lite",0,2025-03-31T23:18:23Z
Redmi Buds 4,YouTube,HKlbATrrQGo,Right butt size 😅,0,2025-03-27T00:16:39Z
Redmi Buds 4,YouTube,HKlbATrrQGo,"Because of your false review i bought it. These earbuds are pathetic, sound, mic everything. Not sure why you praised these in your video. I will dislike your video",0,2024-10-03T10:24:21Z
Redmi Buds 4,YouTube,HKlbATrrQGo,Is there a better TWS on same budget range?,1,2024-06-30T12:58:42Z
Redmi Buds 4,YouTube,HKlbATrrQGo,You say it has ANC. It doesn’t.,0,2024-06-09T13:37:40Z
Redmi Buds 4,YouTube,HKlbATrrQGo,Does the battery capacity show on the iPhone?,0,2024-05-31T08:41:55Z
Redmi Buds 4,YouTube,HKlbATrrQGo,Am ordering this.,0,2024-04-28T11:57:50Z
Redmi Buds 4,YouTube,HKlbATrrQGo,It DOESN'T HAVE powerful Bass.....other Brands are MUCH  better😂😂,0,2024-04-03T06:04:20Z
Redmi Buds 4,YouTube,HKlbATrrQGo,1:54,0,2024-02-20T09:04:25Z
Redmi Buds 4,YouTube,HKlbATrrQGo,I bought it recently... Don't buy it  .. worest product,0,2023-10-12T01:07:28Z
Redmi Buds 4,YouTube,HKlbATrrQGo,This or realme t100?,0,2023-10-07T06:49:45Z
Redmi Buds 4,YouTube,HKlbATrrQGo,"Hi I have a question, I bought another redmi buds number but it wasn't paired to pickup the call From WhatsApp and messenger. Is it working with these redmi buds 4 active? Can I answer my calls from these apps? Thank you",0,2023-09-30T06:45:51Z
Redmi Buds 4,YouTube,HKlbATrrQGo,"can I turn off ANC? it's not showing on the app, and the case battery level used to be there now it has disappeared.",0,2023-09-27T18:28:19Z
Redmi Buds 4,YouTube,HKlbATrrQGo,Redmi buds 4 active or redmi buds 3 lite?,0,2023-08-02T06:39:34Z
Redmi Buds 4,YouTube,HKlbATrrQGo,Bro plz help me tell me best 4k tv under 30 thousend,0,2023-07-27T10:48:29Z
Redmi Buds 4,YouTube,HKlbATrrQGo,Bought it because of your review. Good job,0,2023-07-22T14:13:47Z
Redmi Buds 4,YouTube,HKlbATrrQGo,Hello thanks for your review. Could you say me is this headphones good for sport? I was listening so many song at gym and I need really good bass headphones. Is this good for bass? For you experience.,0,2023-07-20T12:48:30Z
Redmi Buds 4,YouTube,HKlbATrrQGo,Redmi Buds 4 Active for Rs.1199 or Oppo Enco Buds 2 for Rs.1399? Which is Best to Buy?,2,2023-07-16T12:34:38Z
Redmi Buds 4,YouTube,HKlbATrrQGo,In ear detection?,0,2023-07-07T13:00:15Z
Redmi Buds 4,YouTube,HKlbATrrQGo,"Don't buy Redmi Buds 4 Active , I already buy one at 100% Volume it fells like it give only 70% out put and at 50% you can't hear any thing I test it on Redmi note 12 pro plus 5g and Oneplus 10R when it is not compatible with it's own phone, you can guess about other company phone",1,2023-06-25T14:12:09Z
Redmi Buds 4,YouTube,HKlbATrrQGo,"should have done a sound quality test outside in noisy enviro, i got the redmi earbuds3 pro they're very bad, people only background noise and not my voice, wasted 3k!! on those.",0,2023-06-23T08:51:14Z
Redmi Buds 4,YouTube,HKlbATrrQGo,What about calling experience,0,2023-06-22T11:52:47Z
Redmi Buds 4,YouTube,HKlbATrrQGo,Does it have dual-pairing or multi-device pairing?,0,2023-06-22T10:10:23Z
Redmi Buds 4,YouTube,HKlbATrrQGo,The pairing pop up is not available to my redmi phone why ??,0,2023-06-21T17:53:51Z
Redmi Buds 4,YouTube,HKlbATrrQGo,Wow great at the price point..!!!!,0,2023-06-21T16:08:57Z
Redmi Buds 4,YouTube,HKlbATrrQGo,Simple design and simple functions. Love the review as you answered all my queries about these new buds. Thank you!🌼,4,2023-06-21T13:35:31Z
Redmi Buds 4,YouTube,HKlbATrrQGo,"I want to buy this for my mother but, will this be compatible for a old android phone having android 10? Please suggest fast!",0,2023-06-21T13:13:52Z
Redmi Buds 4,YouTube,HKlbATrrQGo,"Sir, Please tell me 
Are you really facing any problems with the earbuds?
And how is the call quality in crowded and noisy place like in market?
I really want to purchase them, pls help",1,2023-06-21T12:54:36Z
Redmi Buds 4,YouTube,HKlbATrrQGo,Thanks bro,0,2023-06-21T12:50:43Z
Redmi Buds 4,YouTube,HKlbATrrQGo,Please compare this with boult x45 buds 🫥,0,2023-06-21T12:16:37Z
Redmi Buds 4,YouTube,HKlbATrrQGo,Compare this with boult x45,0,2023-06-21T12:16:08Z
Redmi Buds 4,YouTube,HKlbATrrQGo,can i use my default phone EQ with it ?,0,2023-06-21T11:10:11Z
Redmi Buds 4,YouTube,HKlbATrrQGo,Can anyone tell me Which will be better choice for me  either redmi earbuds 4 or realme t100,1,2023-06-21T09:20:18Z
Redmi Buds 4,YouTube,HKlbATrrQGo,i came here thinking this was another mediocre review but no you covered all the topics that a reviewer should cover hats off to you,22,2023-06-21T09:20:00Z
Redmi Buds 4,YouTube,HKlbATrrQGo,"Simply waste of money, don't go for it. Worst sound quality snd fitting issue",0,2023-06-21T08:08:10Z
Redmi Buds 4,YouTube,HKlbATrrQGo,does it have dual pair option,0,2023-06-21T07:26:06Z
Redmi Buds 4,YouTube,HKlbATrrQGo,Sir. Which mobile u showing in this video for pairing buds. Model number please bcz it's mobile looks premium,0,2023-06-21T06:48:46Z
Redmi Buds 4,YouTube,HKlbATrrQGo,Sponsored?,0,2023-06-21T06:45:27Z
Redmi Buds 4,YouTube,HKlbATrrQGo,"Pathetic, voice cut issue to the other user, sound is too to the hear to other party. You need to talk loud so that other party should hear it properly. Don’t recommend this to any.",0,2023-06-21T04:33:53Z
Redmi Buds 4,YouTube,HKlbATrrQGo,Please reply which colour is best black or Air white??,0,2023-06-21T03:27:26Z
Redmi Buds 4,YouTube,HKlbATrrQGo,Nice,0,2023-06-21T02:31:59Z
Redmi Buds 4,YouTube,HKlbATrrQGo,excellent,0,2023-06-21T02:28:25Z
Redmi Buds 4,YouTube,HKlbATrrQGo,Very nice video,0,2023-06-21T01:47:42Z
Redmi Buds 4,YouTube,HKlbATrrQGo,Redmi bud 4 active or boat airdopes 141 ?,0,2023-06-20T18:58:12Z
Redmi Buds 4,YouTube,HKlbATrrQGo,Boat immortal 150 or This one?,0,2023-06-20T18:39:32Z
Redmi Buds 4,YouTube,HKlbATrrQGo,This is the best review which I was looking for.❤,2,2023-06-20T17:37:26Z
Redmi Buds 4,YouTube,HKlbATrrQGo,no charging cable 🤥??,0,2023-06-20T17:12:07Z
Redmi Buds 4,YouTube,HKlbATrrQGo,Leave yar. Our indian boat and noise company make far better earbuds than redmi...,0,2023-06-20T16:57:50Z
Redmi Buds 4,YouTube,HKlbATrrQGo,Sir सॉन्ग सुनने पर बेस अच्छा तो आएगा 😊,0,2023-06-20T15:33:30Z
Redmi Buds 4,YouTube,HKlbATrrQGo,"alternate - oraimo freepods 3, fastrack fs100/fx100/fz100. even noise has some good earbuds with better battery life at this price",0,2023-06-20T15:15:59Z
Redmi Buds 4,YouTube,HKlbATrrQGo,"Hello bro
Boat 131 pro or redmi buds 4 active mese konsa Lena chahiye
Jo all over best ho jese ki battery backup or sound quality.....
Ya koi dusra suggest Karo under 1300",0,2023-06-20T15:14:22Z
Redmi Buds 4,YouTube,HKlbATrrQGo,Dose it support typ c cable,0,2023-06-20T14:57:52Z
Redmi Buds 4,YouTube,HKlbATrrQGo,where is charging cable😮😮,0,2023-06-20T14:41:54Z
Redmi Buds 4,YouTube,HKlbATrrQGo,Amazing Earbuds 😍🔥,2,2023-06-20T14:40:59Z
Redmi Buds 4,YouTube,HKlbATrrQGo,"Redmi buds 4 vs oppo Enco Buds 2
Who Better ?🤔",0,2023-06-20T13:44:51Z
Redmi Buds 4,YouTube,HKlbATrrQGo,I just ordered,2,2023-06-20T12:39:58Z
Redmi Buds 4,YouTube,HKlbATrrQGo,Calling ke liye best h,0,2023-06-20T11:44:48Z
Redmi Buds 4,YouTube,HKlbATrrQGo,"Can you tell about ANC for Calling? 
Is this working for calling outdoor in market ? 

This is newly launched, can you create quick video for calling test only by going outside in market and do call recording and share on video. Still no one test for this parameter for that product over YT. 

CAN YOU DO IT TODAY?",2,2023-06-20T11:32:51Z
Redmi Buds 4,YouTube,HKlbATrrQGo,Don't understand why all creators are not telling the reality about ENC. Can you give an honest ENC experience when on call outside?,11,2023-06-20T11:17:18Z
Redmi Buds 4,YouTube,HKlbATrrQGo,Nothing can beat oppo enco buds near 1500 range 🎉,0,2023-06-20T11:10:20Z
Redmi Buds 4,YouTube,HKlbATrrQGo,bhai hindi bolne me bajti hoti kya 🥲,0,2023-06-20T11:03:05Z
Redmi Buds 4,YouTube,HKlbATrrQGo,Kindly review portonics twins s6,0,2023-06-20T10:34:52Z
Redmi Buds 4,YouTube,HKlbATrrQGo,Hey brother can you suggest one Redmi bud 4 active or Noise Vs 404 which one is perfect for calling and music? No need gaming,0,2023-06-20T10:19:21Z
Redmi Buds 4,YouTube,HKlbATrrQGo,"Need review on Oneplus QLED TV 65 inch or a comparision video on best 65 inch tv to buy. Sir, Do you know if there will a 65 inch tv coming out in Mi this year.",0,2023-06-20T10:17:03Z
Redmi Buds 4,YouTube,HKlbATrrQGo,Does it support AAC audio codec?,3,2023-06-20T10:03:47Z
Redmi Buds 4,YouTube,HKlbATrrQGo,"Sir, please tell about warranty.
How many months of warranty we will get?
I want to purchase it.",1,2023-06-20T09:57:31Z
Redmi Buds 4,YouTube,HKlbATrrQGo,Bhayaa will it work in redmi k20 pro mobile ?,0,2023-06-20T09:52:24Z
Redmi Buds 4,YouTube,HKlbATrrQGo,"Another question

It not comes with the charging cabel so can we charge it with 67w charger? is it safe for buds or case? 

By the way superb video👍",1,2023-06-20T09:42:20Z
Redmi Buds 4,YouTube,HKlbATrrQGo,Redmi buds 4 Active or Noise buds connect plz reply,0,2023-06-20T09:38:07Z
Redmi Buds 4,YouTube,HKlbATrrQGo,does it have app support?,0,2023-06-20T09:12:06Z
Redmi Buds 4,YouTube,HKlbATrrQGo,Which colour is good,0,2023-06-20T09:10:31Z
Redmi Buds 4,YouTube,HKlbATrrQGo,Brother what about the call quality...means front person can listen properly or shall I move to other buds..,4,2023-06-20T08:46:01Z
Redmi Buds 4,YouTube,HKlbATrrQGo,App update,0,2023-06-20T08:15:50Z
Redmi Buds 4,YouTube,HKlbATrrQGo,"Love the stem and design, not too short nor too long ❤it should be great if it has a custom equalizer",5,2023-06-20T08:00:32Z
Redmi Buds 4,YouTube,HKlbATrrQGo,Which is better overall this or oppo enco buds 2,0,2023-06-20T07:45:21Z
Redmi Buds 4,YouTube,HKlbATrrQGo,What do you think will it be an upgrade for my Oppo Enco M31 LDAC? Can I consider it? Please tell me,0,2023-06-20T05:01:33Z
Redmi Buds 4,YouTube,HKlbATrrQGo,"Thanks for yet another great video.🎉
*I always love your videos and I am your biggest Fan* 🙏
 although I have been offline for a long time now.
Tho personally I am a lover of *Half in Ear* design because of ease of access to wear below the Turban and I am using *OnePlus Nord buds CE* but still I can compare these slightly with my Oppo Enco Air2 pro or OnePlus Buds Z2.
Slightly basic, Considering the price of 1200 these are *not bad* and although the app support is humble and the battery backup on the bud is slightly less, still these are worth it.

If you can grab a pair of *Blaupunkt BT100 Khrome* which are in the same range and half in ear, a review of that would also be good for your viewers as well, as the build quality of those is extremely beautiful and immaculate.
Have a Wonderful day ahead.❤",4,2023-06-20T04:44:20Z
Redmi Buds 4,YouTube,HKlbATrrQGo,Amazing 🖤,0,2023-06-20T04:40:30Z
Redmi Buds 4,YouTube,HKlbATrrQGo,Super👌,0,2023-06-20T04:38:28Z
Redmi Buds 4,YouTube,HKlbATrrQGo,Awesome 👍❤,0,2023-06-20T04:35:09Z
Redmi Buds 4,YouTube,HKlbATrrQGo,"Woah !! Early morning Surprise..
Now Playing ❤",0,2023-06-20T04:32:58Z
Redmi Buds 4,YouTube,Sqg7e-qZpj8,Bro i need only charging case redmi 4 active buds please help me🙏😭,0,2025-05-08T14:51:09Z
Redmi Buds 4,YouTube,Sqg7e-qZpj8,Bakwas,0,2024-10-10T11:08:03Z
Redmi Buds 4,YouTube,Sqg7e-qZpj8,Kabada sound bakwas fitting,0,2024-07-18T22:22:56Z
Redmi Buds 4,YouTube,Sqg7e-qZpj8,Very good bro it's nice for gaming also,2,2024-04-23T07:09:25Z
Redmi Buds 4,YouTube,Sqg7e-qZpj8,घटिया मत लेना भाई कोई भी,0,2024-04-20T12:54:28Z
Redmi Buds 4,YouTube,Sqg7e-qZpj8,Aur Bhai iska charger,0,2024-02-26T19:41:42Z
Redmi Buds 4,YouTube,Sqg7e-qZpj8,Bahut bekar h sound quality,0,2024-02-19T07:53:26Z
Redmi Buds 4,YouTube,Sqg7e-qZpj8,Volume kaise kam jyda hota h btao bhai.😮😮,1,2023-12-18T11:53:52Z
Redmi Buds 4,YouTube,Sqg7e-qZpj8,799 todays 😛,6,2023-10-12T08:40:32Z
Redmi Buds 4,YouTube,Sqg7e-qZpj8,Great Indian festival sale 899 can I buy,2,2023-10-08T15:28:59Z
Redmi Buds 4,YouTube,Sqg7e-qZpj8,I just bought them for 899 from reliance digital store 😁,73,2023-10-07T09:14:22Z
Redmi Buds 4,YouTube,Sqg7e-qZpj8,Will not buy... Cant understand.,1,2023-09-21T01:41:53Z
Redmi Buds 4,YouTube,Sqg7e-qZpj8,At this point just buy realme wireless buds 2 Neo. I have one which I bought a year ago and it's amazing.,1,2023-09-16T07:27:59Z
Redmi Buds 4,YouTube,Sqg7e-qZpj8,Me redmi buds 4 active se yeh video dekh Raha hu 😂,0,2023-09-15T17:13:30Z
Redmi Buds 4,YouTube,Sqg7e-qZpj8,Sensor’s  is not working this buds 🤦🏻,3,2023-08-11T07:28:49Z
Redmi Buds 4,YouTube,Sqg7e-qZpj8,ABSOLUTE WASTE PRODUCT,0,2023-08-09T09:23:56Z
Redmi Buds 4,YouTube,Sqg7e-qZpj8,Gamming me latancy?,0,2023-07-28T05:51:40Z
Redmi Buds 4,YouTube,Sqg7e-qZpj8,Fake reviewer found,0,2023-07-27T03:27:31Z
Redmi Buds 4,YouTube,Sqg7e-qZpj8,Now it's 1399,1,2023-07-23T11:54:40Z
Redmi Buds 4,YouTube,Sqg7e-qZpj8,"कोही नहीं लेगा 1400 मे 
एक समय था MI के सभी poduct 1 मी Out of stock हो जाते थे अब ........",4,2023-07-17T10:56:32Z
Redmi Buds 4,YouTube,Sqg7e-qZpj8,Bekar 😂,0,2023-07-08T03:00:52Z
Redmi Buds 4,YouTube,Sqg7e-qZpj8,Very bad headphones....don't buy this !!!,0,2023-07-06T04:15:23Z
Redmi Buds 4,YouTube,Sqg7e-qZpj8,"Plz mat Lena bhai , itna low noise hai ke kya batau , bekar hai...total waste of money hai , Lena hai to Amazon se le skte ho shayad Return ho sakta hai , otherwise mere jaise mi store se lekar pachtana mat...bhai ne kaunse nashe kar ke suna hai pata nhi..",16,2023-06-28T17:52:28Z
Redmi Buds 4,YouTube,Sqg7e-qZpj8,"Not so Good...
Don't buy in Hype 😊..
Sound tooo low....
Bass not expected 12 mm driver",15,2023-06-24T16:10:28Z
Redmi Buds 4,YouTube,Sqg7e-qZpj8,Bhai dono sath me nahi baj rahe he,6,2023-06-24T07:51:00Z
Redmi Buds 4,YouTube,Sqg7e-qZpj8,"Dont buy realmi buds 4 if 
Aage kya hai bhosdik ya bas clickbaiting hi aati hai",1,2023-06-24T03:44:56Z
Redmi Buds 4,YouTube,Sqg7e-qZpj8,"Thank you, i was just inch close to buy this product today untill i saw your video , I was assuming that it support ANC , but actually it's ENC , i always prefer ANC as it helps me alot while studying.",10,2023-06-23T18:08:44Z
Redmi Buds 4,YouTube,Sqg7e-qZpj8,👍👍👍👍,0,2023-06-23T10:10:03Z
Redmi Buds 4,YouTube,Sqg7e-qZpj8,to fir dont buy kyu likha bhoshdike,0,2023-06-23T07:36:40Z
Redmi Buds 4,YouTube,Sqg7e-qZpj8,Sir plz infinix note 30 5 g battery camprision,3,2023-06-23T05:28:57Z
Redmi Buds 4,YouTube,Sqg7e-qZpj8,"Hi bro, suggest me one among these. Redmi buds 4 active or oppo enco buds 2 or realme techlife t100",5,2023-06-22T17:55:30Z
Redmi Buds 4,YouTube,Sqg7e-qZpj8,Bro call quality?,4,2023-06-22T13:03:32Z
Redmi Buds 4,YouTube,OQ_f9JItp7w,BEST BUDS❤,0,2025-03-01T08:41:16Z
Redmi Buds 4,YouTube,OQ_f9JItp7w,Nice review 🎉,0,2024-10-24T10:53:06Z
Redmi Buds 4,YouTube,OQ_f9JItp7w,Mera,0,2024-08-28T05:12:56Z
Redmi Buds 4,YouTube,OQ_f9JItp7w,Aac codec support hai ki ndhi,0,2024-04-10T10:33:40Z
Redmi Buds 4,YouTube,OQ_f9JItp7w,Fun fact Maine,0,2024-04-10T10:09:34Z
Redmi Buds 4,YouTube,OQ_f9JItp7w,Mene ₹949 redmi note 7 discount❤,1,2024-03-27T13:07:42Z
Redmi Buds 4,YouTube,OQ_f9JItp7w,My 1100 rs is gone don't spent yours.,3,2024-03-22T16:37:44Z
Redmi Buds 4,YouTube,OQ_f9JItp7w,It's been 2 months and my ear pod is is not working. Will u replace it . I should have bought Boat's ear pods. Same price better quality. U r a scam.,0,2024-03-22T16:35:12Z
Redmi Buds 4,YouTube,OQ_f9JItp7w,1.25x ki speed pe batter lagega video dekh Lena aur samay bachanan apna dosto 😊,0,2024-03-09T08:21:48Z
Redmi Buds 4,YouTube,OQ_f9JItp7w,Watching its review while wearing it😂,1,2024-03-08T18:22:28Z
Redmi Buds 4,YouTube,OQ_f9JItp7w,Bhai pushup time neck ko front side rakho acha rahega 😊,1,2024-02-16T09:44:53Z
Redmi Buds 4,YouTube,OQ_f9JItp7w,Baby tere birthday pe goli chal avenge sun r bhi,0,2024-02-07T08:25:33Z
Redmi Buds 4,YouTube,OQ_f9JItp7w,Redmi 4 buds active ₹1'099 mein mil raha hai Amazon par,1,2024-01-27T10:52:56Z
Redmi Buds 4,YouTube,OQ_f9JItp7w,Bro maine le liye lekin ye song pause nahi hota ear se nikalne ke baad bhi 😢,2,2023-12-31T07:33:30Z
Redmi Buds 4,YouTube,OQ_f9JItp7w,Redmi buds 4 active buy 899,0,2023-10-26T14:30:36Z
Redmi Buds 4,YouTube,OQ_f9JItp7w,MUJHE 999 ME MIL GAYA 😂😂,1,2023-10-18T14:55:47Z
Redmi Buds 4,YouTube,OQ_f9JItp7w,Volume kaise control kare,2,2023-10-12T08:46:55Z
Redmi Buds 4,YouTube,OQ_f9JItp7w,Bhaiya aap gay ho kya Jo lifting gloves pehente ho?,2,2023-10-11T07:07:38Z
Redmi Buds 4,YouTube,OQ_f9JItp7w,Boat 131 pro ke sath compare kre,1,2023-10-09T03:52:44Z
Redmi Buds 4,YouTube,OQ_f9JItp7w,"This is not the one, who expects the bass more",1,2023-09-27T07:58:41Z
Redmi Buds 4,YouTube,OQ_f9JItp7w,Is ma charging ke liya kon sa cabal use karan ga,2,2023-09-18T09:21:29Z
Redmi Buds 4,YouTube,OQ_f9JItp7w,How to activate low latency mode..,0,2023-09-10T16:50:38Z
Redmi Buds 4,YouTube,OQ_f9JItp7w,"Excellent buds from Redmi
✨This is not a Fake or biased review!!!
(This review is not recommended for bass lover people)
I using Redmi Buds 4 Active for last 2 weeks with a Redmi device. I really impressed with the sound quality, usually i use Spotify for music playback I don't face any issues with it . Also toke lots of call with it but i don't face any problem with it mic quality is good I confirmed it multiple times in multiple prectical situation also i test it in road traffic. Only i feel battery backup not good as expected but itna tu chalta he ❤😅. I don't recommend it you if you using another mobile band  except Xiaomi / Redmi because My test/ experience is fully based on Redmi Mobile your opinion may be differ if you using another band's handset..
It's sound quality much better than others sponsored brand like Boat / Noise / hiphop / Truck etc.
I personally feel that don't rate or judge any product  only based on Youtubers' review or with out prectical ground test. When I wrote this review i enjoyed the Spotify's melody songs with same buds...",5,2023-08-13T18:24:45Z
Redmi Buds 4,YouTube,OQ_f9JItp7w,Techoob looks like rasool from Asur 2 🔥🔥,9,2023-07-24T10:57:18Z
Redmi Buds 4,YouTube,OQ_f9JItp7w,"Oppo enco buds 2 at 1500 . Redmi active 1200 in july 2023 , what should i buy with respect to price of both and sound quality",0,2023-07-15T02:32:47Z
Redmi Buds 4,YouTube,OQ_f9JItp7w,Chand paison Ke Liye kitne Logon Ko fansa Raha Hai Tu ghatiya buda,1,2023-07-12T02:46:56Z
Redmi Buds 4,YouTube,OQ_f9JItp7w,Ye earbuds redmi note 5 pro mei kaam karega?,0,2023-07-02T14:19:18Z
Redmi Buds 4,YouTube,OQ_f9JItp7w,"Specifically mention it, it's overall sound volume low.",0,2023-07-02T04:07:14Z
Redmi Buds 4,YouTube,OQ_f9JItp7w,"Not enough sound, may me its budget one, if you used any premium or mid premium buds i am sure you won't like..",1,2023-06-29T10:12:55Z
Redmi Buds 4,YouTube,OQ_f9JItp7w,Good for bass lovers?,0,2023-06-27T13:05:15Z
Redmi Buds 4,YouTube,OQ_f9JItp7w,Bhai yaar nuksaan kar diya mera 1400ka apke video dekh ke order Kiya tha kuch bhi acha nahi he bass ta bilkul nahi he.. ab return bhi nahi ho raha mi ki app me😥,0,2023-06-26T02:59:34Z
Redmi Buds 4,YouTube,OQ_f9JItp7w,hi..Best tws under 2000 for call and anc purpose?,4,2023-06-25T17:21:47Z
Redmi Buds 4,YouTube,OQ_f9JItp7w,Why he bit similar to bnf tv😂,0,2023-06-25T03:10:42Z
Redmi Buds 4,YouTube,OQ_f9JItp7w,Bhai noise cancellation kse on kru,1,2023-06-24T17:35:55Z
Redmi Buds 4,YouTube,OQ_f9JItp7w,Bhai ak hi bajta he,0,2023-06-24T08:55:15Z
Redmi Buds 4,YouTube,OQ_f9JItp7w,Nord buds se kro bhai,1,2023-06-23T19:53:51Z
Redmi Buds 4,YouTube,OQ_f9JItp7w,"मैने Realme buds Air 3s❤ liya एकदम फाडू....Realme link app install करो ऑर फिर music , Movie चलाव... एकदम Dolby Atmos वाला feed back.... अगर base नहीं चाहिए तो link मे mode change करो ऑर सॉफ्ट , instrumental सूनों....
Realme Awesome है ❤",2,2023-06-23T05:27:37Z
Redmi Buds 4,YouTube,OQ_f9JItp7w,"Koi v mic quality ki baat hi nhi kr rha, mtlb calling experience ganda hoga",0,2023-06-22T15:19:50Z
Redmi Buds 4,YouTube,OQ_f9JItp7w,Realme me t100 ke sath comper kro ke batao🤨,0,2023-06-22T11:31:21Z
Redmi Buds 4,YouTube,OQ_f9JItp7w,Truke strom is osm then this redmi 4 active ❤,1,2023-06-22T07:31:15Z
Redmi Buds 4,YouTube,OQ_f9JItp7w,Compare  with boat immortal 150🙄,0,2023-06-22T06:26:30Z
Redmi Buds 4,YouTube,OQ_f9JItp7w,"Bhai is ka volume Kam hai kya...please reply karna...mujhe thoda kam lag raha hai....main confuse hu...
Mujhe isko replace karna chahiye ya nahi?",1,2023-06-21T19:11:22Z
Redmi Buds 4,YouTube,OQ_f9JItp7w,Issa to acha realme tachlife t100 hay equlijer nahi hay to app diya kiu radmi ne 😂😂,1,2023-06-21T12:50:31Z
Redmi Buds 4,YouTube,OQ_f9JItp7w,You should compare this with the boult x45 buds 🫥🎉,2,2023-06-21T12:19:16Z
Redmi Buds 4,YouTube,OQ_f9JItp7w,Aac codec supported or not?,0,2023-06-21T08:43:08Z
Redmi Buds 4,YouTube,OQ_f9JItp7w,Nice review. keep on!,0,2023-06-21T08:07:10Z
Redmi Buds 4,YouTube,OQ_f9JItp7w,Compare with realme tech Life 100,0,2023-06-21T04:56:57Z
Redmi Buds 4,YouTube,OQ_f9JItp7w,Does iPhone support there app?,1,2023-06-21T02:12:19Z
Redmi Buds 4,YouTube,OQ_f9JItp7w,realme tech life buds ki trh lgre hai syd ye 🤔,0,2023-06-20T23:58:42Z
Redmi Buds 4,YouTube,OQ_f9JItp7w,Poor review. Who will check voice quality indoor and outdoor? I gave thumbs down. 👎👎👎,0,2023-06-20T17:11:00Z
Redmi Buds 4,YouTube,OQ_f9JItp7w,Dolby hai kya?,2,2023-06-20T16:26:16Z
Redmi Buds 4,YouTube,OQ_f9JItp7w,Compare with realme t100,0,2023-06-20T15:07:58Z
Redmi Buds 4,YouTube,OQ_f9JItp7w,Mic ??,0,2023-06-20T14:42:49Z
Redmi Buds 4,YouTube,OQ_f9JItp7w,Make a comparison video with best twses...,3,2023-06-20T13:16:38Z
Redmi Buds 4,YouTube,OQ_f9JItp7w,Bro realme techlife T100 or oppo Enco buds 2 seh comparison video banao redmi buds 4 active ke saath plss.,0,2023-06-20T08:30:25Z
Redmi Buds 4,YouTube,OQ_f9JItp7w,call quality missing hai,0,2023-06-20T07:58:16Z
Redmi Buds 4,YouTube,OQ_f9JItp7w,Kon sa best hai oppo encho buds ya redmi buds,4,2023-06-20T07:02:26Z
Redmi Buds 4,YouTube,OQ_f9JItp7w,Oppo encho buds se compare to bnta hai,1,2023-06-20T06:59:24Z
Redmi Buds 4,YouTube,OQ_f9JItp7w,Hello bhai Boat immortal 150 ki bhi unboxing kar do,0,2023-06-20T06:35:19Z
Redmi Buds 4,YouTube,OQ_f9JItp7w,"Earphone chhodo, tshirt kaha se li bro Argentina wali, link plisss😭",0,2023-06-20T06:14:00Z
Redmi Buds 4,YouTube,OQ_f9JItp7w,Sponcer Nehi hain to apko earbuds kaha se mila,0,2023-06-19T18:47:20Z
Redmi Buds 4,YouTube,OQ_f9JItp7w,Bhai ye nonstop music kitna time rakhatahai only buds,0,2023-06-19T18:09:27Z
Redmi Buds 4,YouTube,OQ_f9JItp7w,Calling experience??,3,2023-06-19T07:57:31Z
Redmi Buds 4,YouTube,OQ_f9JItp7w,Bhai Yeh wala sahi hoga pr Noise Vs 404 ? Reply must,0,2023-06-19T07:33:41Z
Redmi Buds 4,YouTube,OQ_f9JItp7w,Compare it with oppo enco buds 2,72,2023-06-19T07:12:27Z
Redmi Buds 4,YouTube,OQ_f9JItp7w,What about call quality?,6,2023-06-18T23:31:51Z
Redmi Buds 4,YouTube,OQ_f9JItp7w,Bro fastrack fpods fz100 ka review kardo ❤,2,2023-06-18T16:01:04Z
Redmi Buds 4,YouTube,OQ_f9JItp7w,"This one or i go for Nord buds 2
Please advise",3,2023-06-18T09:53:23Z
Redmi Buds 4,YouTube,OQ_f9JItp7w,Sir redmi 4 active or realme t100 buds which one is best pls reply 🥺🥺🥺🥺🥺🥺,4,2023-06-18T08:59:05Z
Redmi Buds 4,YouTube,OQ_f9JItp7w,"Bhai isko mat lharido, mai bolraha hu, thora aur add karke oppo enco buds 2 kharido, usme orbhi syada features hai or sound quality is fire",3,2023-06-18T08:19:00Z
Redmi Buds 4,YouTube,OQ_f9JItp7w,Review kar raha hai yha promotion  😂😂😂,1,2023-06-18T07:07:46Z
Redmi Buds 4,YouTube,OQ_f9JItp7w,Mere friend ko buy karna hai this one or oppo enco buds 2 overall which one is better.,2,2023-06-18T05:58:59Z
Redmi Buds 4,YouTube,OQ_f9JItp7w,Which earbuds is best BOAT VS REDMI??,1,2023-06-17T20:15:01Z
Redmi Buds 4,YouTube,OQ_f9JItp7w,Boat Vs redmi which is besttt???,2,2023-06-17T20:14:41Z
Redmi Buds 4,YouTube,OQ_f9JItp7w,1:21 redmi buds to realme phone be like: gaddari karbe ?😅✌️,5,2023-06-17T16:22:28Z
Redmi Buds 4,YouTube,OQ_f9JItp7w,Bhai warranty hai ki nahin,0,2023-06-17T16:18:21Z
Redmi Buds 4,YouTube,OQ_f9JItp7w,2000 ke under best kon si h tws,1,2023-06-17T16:08:28Z
Redmi Buds 4,YouTube,OQ_f9JItp7w,Realme tech t100 or noise vs401 which is bes,2,2023-06-17T14:53:04Z
Redmi Buds 4,YouTube,OQ_f9JItp7w,Bro kya ye buds Redmi Note 10S mei Connect honge kya?,2,2023-06-17T14:47:07Z
Redmi Buds 4,YouTube,OQ_f9JItp7w,Ganduu ne calling feature bataya hi nahi... To kya banega re youtuber😂😂😂😂😂,1,2023-06-17T14:35:22Z
Redmi Buds 4,YouTube,OQ_f9JItp7w,Laptop se bhi connect hoga ya nahi via bluetooth?????❓❓❓❓❓❓❓❓❓❓❓,2,2023-06-17T13:00:50Z
Redmi Buds 4,YouTube,OQ_f9JItp7w,❤️,1,2023-06-17T12:58:03Z
Redmi Buds 4,YouTube,OQ_f9JItp7w,"Is buds ko hoppup airdoze S50 k saath compare karo
Jo 1.5k under best hai",5,2023-06-17T12:37:23Z
Redmi Buds 4,YouTube,OQ_f9JItp7w,Argentina ka jersey kaise kharide bataw ?,0,2023-06-17T12:28:40Z
Redmi Buds 4,YouTube,OQ_f9JItp7w,Iska review kariye Blaupunkt BTW100 KHROME,0,2023-06-17T11:41:43Z
Redmi Buds 4,YouTube,OQ_f9JItp7w,"I am a big follower of you. Can you please suggest.
I am a IT professional. Want to buy one tablet under 60k which One I pick.Ipad air 5th gen or Galaxy S8plus. Priority Display, battery, UI experience. I haven't use any apple products yet.",4,2023-06-17T10:50:31Z
Redmi Buds 4,YouTube,OQ_f9JItp7w,Redmi buds 4 vs realme buds kon best h,4,2023-06-17T10:08:32Z
Redmi Buds 4,YouTube,OQ_f9JItp7w,Call quality is better or not,3,2023-06-17T09:58:38Z
Redmi Buds 4,YouTube,OQ_f9JItp7w,Kitna pesa Mila he vi,0,2023-06-17T09:55:16Z
Redmi Buds 4,YouTube,OQ_f9JItp7w,bro i messaged on instagram about my watch problem i am from nepal !i bought the watch in india but within 3 months of the watch the touch of the watch stopped working !,6,2023-06-17T09:47:55Z
Redmi Buds 4,YouTube,OQ_f9JItp7w,But mujhe ye lena he pr me abhi ye le nhi sakta kiu ki mera abhi budget nhi he 😢 but koi nhi apka review achha tha ❤,3,2023-06-17T09:44:00Z
Redmi Buds 4,YouTube,OQ_f9JItp7w,Bahi mere YouTube channel Hai Mein bhi and unboxing ki video banata hu mujhe aap ki video bahut acchi lagti Hai Tech burner technical Guruji se bhi jyada,0,2023-06-17T09:42:33Z
Redmi Buds 4,YouTube,OQ_f9JItp7w,Very nice product apke review ka hi me wait kr rha tha ❤❤,9,2023-06-17T09:40:02Z
Redmi Buds 4,YouTube,OQ_f9JItp7w,Hi big fan ❤❤,7,2023-06-17T09:40:01Z
Redmi Buds 4,YouTube,BAQOlYb0bZg,Your cargo pant link please,0,2024-02-06T09:40:22Z
Redmi Buds 4,YouTube,BAQOlYb0bZg,Bro what's that watch you are wearing??,1,2023-10-16T15:29:54Z
Redmi Buds 4,YouTube,BAQOlYb0bZg,Does it connect to iphones,2,2023-06-30T10:40:09Z
Redmi Buds 4,YouTube,BAQOlYb0bZg,What about Dolby Atmos,6,2023-06-21T13:18:00Z
Redmi Buds 4,YouTube,BAQOlYb0bZg,Third class product,2,2023-06-21T08:10:58Z
Redmi Buds 4,YouTube,BAQOlYb0bZg,"Is it available on flipkart
If not, will it? & when?",4,2023-06-20T06:43:00Z
Redmi Buds 4,YouTube,BAQOlYb0bZg,For I phone not so much ??,1,2023-06-15T18:45:04Z
Redmi Buds 4,YouTube,BAQOlYb0bZg,Bro what about gaming?,5,2023-06-14T19:04:08Z
Redmi Buds 4,YouTube,BAQOlYb0bZg,there is app support,1,2023-06-14T18:39:25Z
Redmi Buds 4,YouTube,BAQOlYb0bZg,Bro which watch u wear,1,2023-06-14T17:00:13Z
Redmi Buds 4,YouTube,BAQOlYb0bZg,Bro under  2000 suggest me a best all-round tws buds,10,2023-06-14T08:21:17Z
Redmi Buds 4,YouTube,EqJgc1UVqh4,Me listening it while wearing redmi buds 4 active,0,2025-06-17T15:38:48Z
Redmi Buds 4,YouTube,EqJgc1UVqh4,"Box ke piche me kiya screch krne ka hai ,,use kaise kre bhai",0,2024-10-28T15:46:02Z
Redmi Buds 4,YouTube,EqJgc1UVqh4,"😂 bruh for real,  The eq are just opposite of what you said. The low end frequencies are boosted and the high are dumped. Good for 808 hiphop not best for metals, crisp sounds.",0,2024-10-04T12:53:30Z
Redmi Buds 4,YouTube,EqJgc1UVqh4,"Bhaiya Mera 1 problem,,,,esko reset kaese kare",0,2024-09-26T08:01:52Z
Redmi Buds 4,YouTube,EqJgc1UVqh4,App name,1,2024-09-23T14:16:02Z
Redmi Buds 4,YouTube,EqJgc1UVqh4,can we do NEXT songs by double tapping Right Buds Or Left Buds OR Both buds.,0,2024-08-28T17:09:40Z
Redmi Buds 4,YouTube,EqJgc1UVqh4,is lenovo LP5 better or this one??,0,2024-08-13T11:11:16Z
Redmi Buds 4,YouTube,EqJgc1UVqh4,"Bhai ka confidence 📈, bhai ki knowledge 📉",0,2024-07-20T20:11:21Z
Redmi Buds 4,YouTube,EqJgc1UVqh4,warranty period?,0,2024-07-10T17:02:01Z
Redmi Buds 4,YouTube,EqJgc1UVqh4,"Which is better redmi buds 4 lite or remi buds 4 active?

And one more question.

If i use redmi bud 4 active with remi ph,  do i have download the app also?",4,2024-06-23T01:19:21Z
Redmi Buds 4,YouTube,EqJgc1UVqh4,Kanhi goram hoke kan 👂 mai hi fat na jai 😂😂,0,2024-06-22T07:53:14Z
Redmi Buds 4,YouTube,EqJgc1UVqh4,no warranty card?,1,2024-06-14T06:53:02Z
Redmi Buds 4,YouTube,EqJgc1UVqh4,Iska touch sensor thk se kaam nhi kar rha,0,2024-05-05T04:30:48Z
Redmi Buds 4,YouTube,EqJgc1UVqh4,Main to bataya hi nahi ki aac codec support hai ki nahi,0,2024-04-10T10:26:12Z
Redmi Buds 4,YouTube,EqJgc1UVqh4,Learn from selling allooo laa looo,0,2024-04-08T03:46:24Z
Redmi Buds 4,YouTube,EqJgc1UVqh4,It DOESN'T HAVE powerful bass....other Brands are MUCH better..😂😂,1,2024-04-03T06:13:50Z
Redmi Buds 4,YouTube,EqJgc1UVqh4,Touch control hai kaya,0,2024-03-17T04:19:46Z
Redmi Buds 4,YouTube,EqJgc1UVqh4,👍👍👍,0,2024-03-15T10:14:21Z
Redmi Buds 4,YouTube,EqJgc1UVqh4,"Banda sahi bol rha hain be 
Ye gaming ke liye bna hi nhi hain 
Jo log music sunte he aur bass jyada nhi chaiye 
Ye bast hain 
Bass lover ke liye reyalme t1000 Lelo osm bass hain 
Gaming ke liye ye bhi nhi hain 
Mere pas dono hi hain",0,2024-02-22T16:49:13Z
Redmi Buds 4,YouTube,EqJgc1UVqh4,Me isi buds ko use krte hue video dekh raha hu😂,0,2024-02-08T14:34:59Z
Redmi Buds 4,YouTube,EqJgc1UVqh4,Bhai speaker grill ka quality btaya kro pls,0,2024-01-25T07:15:31Z
Redmi Buds 4,YouTube,EqJgc1UVqh4,Bahut jaldi battery 🔋 khtam ho jaata hai,0,2024-01-21T01:33:41Z
Redmi Buds 4,YouTube,EqJgc1UVqh4,Which app should I use for using redmi 4 active buds,0,2024-01-20T17:38:19Z
Redmi Buds 4,YouTube,EqJgc1UVqh4,Bhai 11mm aur 13mm driver kya hota hai? Best earbuds konsa hai kum budget sasta,1,2024-01-19T07:29:20Z
Redmi Buds 4,YouTube,EqJgc1UVqh4,Bhiya ye app ka kya name hai?,0,2024-01-17T12:00:23Z
Redmi Buds 4,YouTube,EqJgc1UVqh4,Redmi 4 active boult w40 which one is better,1,2024-01-10T03:33:51Z
Redmi Buds 4,YouTube,EqJgc1UVqh4,Voice calls Profamas,0,2024-01-02T16:46:28Z
Redmi Buds 4,YouTube,EqJgc1UVqh4,Bhai ye buds h mere pass bahut acchi h mera phone x I phone ye bahut jldi disconnect ho jati h kya krna chahiye wait for reply …..,0,2023-12-15T12:27:12Z
Redmi Buds 4,YouTube,EqJgc1UVqh4,I got free on buying note 12 4g for my dad❤,0,2023-12-13T16:10:18Z
Redmi Buds 4,YouTube,EqJgc1UVqh4,04:07 mic test,12,2023-12-13T09:04:26Z
Redmi Buds 4,YouTube,EqJgc1UVqh4,1 year warranty milta ha keya,0,2023-12-13T02:11:33Z
Redmi Buds 4,YouTube,EqJgc1UVqh4,Oppo buds 2🔥🔥🔥🔥,0,2023-11-21T09:57:23Z
Redmi Buds 4,YouTube,EqJgc1UVqh4,Noise cancellation kese start kren?,1,2023-11-20T11:59:36Z
Redmi Buds 4,YouTube,EqJgc1UVqh4,Google assistant active nhi hota,0,2023-11-15T07:02:25Z
Redmi Buds 4,YouTube,EqJgc1UVqh4,Bro indore mai khaa de hoo ap,0,2023-11-11T04:02:09Z
Redmi Buds 4,YouTube,EqJgc1UVqh4,which one best sir Mi buds 4 active vs Noise Buds VS104 which one better?❤,9,2023-11-09T16:14:06Z
Redmi Buds 4,YouTube,EqJgc1UVqh4,This one or boat or noise vs102 neo,0,2023-11-07T07:09:05Z
Redmi Buds 4,YouTube,EqJgc1UVqh4,Ram Ram ji 🧡🚩,0,2023-11-06T00:17:37Z
Redmi Buds 4,YouTube,EqJgc1UVqh4,Buds charging time,0,2023-10-29T15:33:18Z
Redmi Buds 4,YouTube,EqJgc1UVqh4,Do they work good with iphone,6,2023-10-28T11:02:44Z
Redmi Buds 4,YouTube,EqJgc1UVqh4,Mujhe cable diya hai c type,0,2023-10-23T05:43:53Z
Redmi Buds 4,YouTube,EqJgc1UVqh4,Maine liya hai kitne ghante charge karna hai aur Kitna Der chalta hai koi batayega,0,2023-10-23T05:41:34Z
Redmi Buds 4,YouTube,EqJgc1UVqh4,Bass lover ke lia ye nahi hai ye only for Music lover and Melody in vocals like sony ❤❤❤,1,2023-10-22T08:00:26Z
Redmi Buds 4,YouTube,EqJgc1UVqh4,Calling mein performance kesi hai like bhar open area mein Bhoht noise rehta hai usme kbhi kbhar voice break hone lgti hai generally,0,2023-10-21T11:57:18Z
Redmi Buds 4,YouTube,EqJgc1UVqh4,"Wrost ear buds don't purchase it
It is very delicated ,I used only 8 days only",2,2023-10-19T09:50:23Z
Redmi Buds 4,YouTube,EqJgc1UVqh4,sound kesa h or  fiting kesi h,1,2023-10-18T12:32:42Z
Redmi Buds 4,YouTube,EqJgc1UVqh4,Equlaiger se bass badh jata hai,0,2023-10-15T16:39:35Z
Redmi Buds 4,YouTube,EqJgc1UVqh4,what about calls?,0,2023-10-15T04:14:05Z
Redmi Buds 4,YouTube,EqJgc1UVqh4,राम राम 🙏,0,2023-10-12T00:17:40Z
Redmi Buds 4,YouTube,EqJgc1UVqh4,How can I charge this item with my Android phone chargers as it does not provide charger?,2,2023-10-08T14:41:00Z
Redmi Buds 4,YouTube,EqJgc1UVqh4,App support?,1,2023-10-08T13:04:23Z
Redmi Buds 4,YouTube,EqJgc1UVqh4,Dual pair?,3,2023-10-08T13:02:14Z
Redmi Buds 4,YouTube,EqJgc1UVqh4,Very good service sir 😍 amazing,2,2023-10-07T05:09:48Z
Redmi Buds 4,YouTube,EqJgc1UVqh4,Kraken x2 ya isme se kaun sa le bhai,0,2023-10-05T09:41:15Z
Redmi Buds 4,YouTube,EqJgc1UVqh4,Mere pass he behtar he sab lekin calling me microvoice me dikat samne vale ko hoti he baki overall thik he,1,2023-09-26T20:16:27Z
Redmi Buds 4,YouTube,EqJgc1UVqh4,Boat 141 vs redmi 4 active,1,2023-09-24T05:03:27Z
Redmi Buds 4,YouTube,EqJgc1UVqh4,"Bhai apple is apple, thats when i closed the video😂.",1,2023-09-15T03:22:39Z
Redmi Buds 4,YouTube,EqJgc1UVqh4,Bahut karab hai product,0,2023-09-11T04:22:47Z
Redmi Buds 4,YouTube,EqJgc1UVqh4,Bhai base h he nhi bc kuch bhi kyu bolte ho,0,2023-09-04T11:07:39Z
Redmi Buds 4,YouTube,EqJgc1UVqh4,Bha isme sensor hai ya nahi,0,2023-08-29T03:25:16Z
Redmi Buds 4,YouTube,EqJgc1UVqh4,Noise vs 104 aur redmi active 4 me konsa achcha h,0,2023-08-29T02:04:42Z
Redmi Buds 4,YouTube,EqJgc1UVqh4,Is there a better earbud by boat or any other brand for a little more money?,12,2023-08-27T05:35:47Z
Redmi Buds 4,YouTube,EqJgc1UVqh4,Canada mei $60 ke hai ye 🙂,4,2023-08-25T00:32:07Z
Redmi Buds 4,YouTube,EqJgc1UVqh4,Bekar call quality,0,2023-08-20T10:23:47Z
Redmi Buds 4,YouTube,EqJgc1UVqh4,10mm driver hai brother,0,2023-08-07T17:18:10Z
Redmi Buds 4,YouTube,EqJgc1UVqh4,does this have double-click playback stop/play or single-click,1,2023-08-07T06:06:51Z
Redmi Buds 4,YouTube,EqJgc1UVqh4,Which is best redmi buds 4 or boat earpods max,16,2023-08-03T15:42:20Z
Redmi Buds 4,YouTube,EqJgc1UVqh4,Bhai logo kio mujhe bata do ki koi 1500 ke under me koi ache tws bata do ❤,0,2023-07-26T16:17:51Z
Redmi Buds 4,YouTube,EqJgc1UVqh4,"Sir ye automatic redmi mobile se connect hogatey hey ya nahi ? 

Matlab popup window",0,2023-07-24T12:37:49Z
Redmi Buds 4,YouTube,EqJgc1UVqh4,bro is talking at 2x speed,104,2023-07-24T02:02:26Z
Redmi Buds 4,YouTube,EqJgc1UVqh4,Sir aapka t shirt Amazon pe 399 me mil raha hain meine bhi ek khareeda hai same to same 😂,0,2023-07-22T09:56:03Z
Redmi Buds 4,YouTube,EqJgc1UVqh4,@endoriexplorer In this earbuds Acc feature support?,0,2023-07-16T12:59:11Z
Redmi Buds 4,YouTube,EqJgc1UVqh4,oppo enco 2 se better h ya usse kam???,2,2023-07-14T13:16:18Z
Redmi Buds 4,YouTube,EqJgc1UVqh4,What should I buy This one or Noise Vs401?,2,2023-07-11T08:58:33Z
Redmi Buds 4,YouTube,EqJgc1UVqh4,don't buy this f****** tws....,0,2023-07-07T05:52:53Z
Redmi Buds 4,YouTube,EqJgc1UVqh4,don't bye this product waste of money. haveing the pairing problume & sound problume,1,2023-07-06T13:21:21Z
Redmi Buds 4,YouTube,EqJgc1UVqh4,Is this better than boat 141 and noise aero??,1,2023-07-06T11:32:59Z
Redmi Buds 4,YouTube,EqJgc1UVqh4,What about OnePlus Buds 2R?,3,2023-07-05T18:31:40Z
Redmi Buds 4,YouTube,EqJgc1UVqh4,1400 ka ho gaya😢,1,2023-07-03T11:46:27Z
Redmi Buds 4,YouTube,EqJgc1UVqh4,"Bhai mere pass hai , Maine earbuds mi store se liya hoon , No Return policy hai, Itne Ghatiya quality ke Earbuds koi kaise bana skta hai bhai , it's Not Acceptable from Redmi , plz Guys Bilkul bhi mat Lena ....Bilkul bhi 🙏🙏🙏🙏🙏🙏🙏🙏🙏🙏",0,2023-07-03T09:25:25Z
Redmi Buds 4,YouTube,EqJgc1UVqh4,App se kese connect kare,0,2023-07-02T16:46:11Z
Redmi Buds 4,YouTube,EqJgc1UVqh4,Do a review for beats buds,1,2023-06-30T06:12:52Z
Redmi Buds 4,YouTube,EqJgc1UVqh4,Sir outdoor calling ke liye best buds kon sa hoga,2,2023-06-29T14:58:54Z
Redmi Buds 4,YouTube,EqJgc1UVqh4,Is it better than oppo enco buds 2?,4,2023-06-29T04:21:13Z
Redmi Buds 4,YouTube,EqJgc1UVqh4,Bhai TRUKE NEO ki sound quality pe video banao na 🗿,0,2023-06-27T12:08:57Z
Redmi Buds 4,YouTube,EqJgc1UVqh4,Can we connect this on laptop/pc,2,2023-06-27T03:59:34Z
Redmi Buds 4,YouTube,EqJgc1UVqh4,Ram Ram ji bhaiya... Boat 170 vs ye..... Konsa achha rhega price ko agr hum include na kre to... Only features k mamle me konsa achha h?,3,2023-06-27T03:55:05Z
Redmi Buds 4,YouTube,EqJgc1UVqh4,Can you also review portronics Twin S6 or S7 earbuds please,8,2023-06-26T18:12:23Z
Redmi Buds 4,YouTube,EqJgc1UVqh4,Redmi buds 4 active Case changing time???,17,2023-06-26T17:03:30Z
Redmi Buds 4,YouTube,EqJgc1UVqh4,Itne bhi bdhia nhi h ye buds aaj hi delivery hui h mujhe bss emergency ke liye hi thik h  volume bhi kam h aur bass bhi bhot kam h inme🙄🙄,2,2023-06-26T14:38:41Z
Redmi Buds 4,YouTube,EqJgc1UVqh4,sir mne ye purchase kiya h jabh m dono ears m pehanta hu voice bus ek m hi atii h😕,0,2023-06-26T10:29:57Z
Redmi Buds 4,YouTube,EqJgc1UVqh4,boat nirvana ion or oppo enco buds 2 which one to buy??,2,2023-06-26T08:32:58Z
Redmi Buds 4,YouTube,EqJgc1UVqh4,Bhai wo light leak wala effect kha se download kru plz reply mil nhi rha ?,1,2023-06-26T06:07:45Z
Redmi Buds 4,YouTube,EqJgc1UVqh4,Sir Fire boltt Ring 3 1499 mai best h kya Ninja pro plus..... Please suggest me,1,2023-06-26T03:06:20Z
Redmi Buds 4,YouTube,EqJgc1UVqh4,Bhai mtlb music quality ap ko personally kase lage ess price pa ?,0,2023-06-25T20:11:47Z
Redmi Buds 4,YouTube,EqJgc1UVqh4,राम राम भाई ...🚩,1,2023-06-25T19:43:44Z
Redmi Buds 4,YouTube,EqJgc1UVqh4,Sir Fire boltt Ring 3 1499 mai Best h ya koi or lu please reply,0,2023-06-25T19:42:20Z
Redmi Buds 4,YouTube,EqJgc1UVqh4,Waste product please don't buys voice is lagging too much,2,2023-06-25T17:39:39Z
Redmi Buds 4,YouTube,EqJgc1UVqh4,Or we have to use it in pair,3,2023-06-25T16:47:52Z
Redmi Buds 4,YouTube,EqJgc1UVqh4,Can we use single right side bud,2,2023-06-25T16:47:34Z
Redmi Buds 4,YouTube,EqJgc1UVqh4,raam raam,1,2023-06-25T16:39:02Z
Redmi Buds 4,YouTube,EqJgc1UVqh4,Ram Ram vai🙏,3,2023-06-25T16:02:27Z
Redmi Buds 4,YouTube,EqJgc1UVqh4,Bro i buyed ptron playbuds 1 pro are they good,2,2023-06-25T15:42:34Z
Redmi Buds 4,YouTube,EqJgc1UVqh4,"I have a question 
Does it sound like oppo enco buds 2",0,2023-06-25T15:36:36Z
Redmi Buds 4,YouTube,EqJgc1UVqh4,First comment💬,0,2023-06-25T15:33:18Z
Redmi Buds 4,YouTube,n-PhtLn4kR4,"You can watch the full review video of the Xiaomi Redmi Buds 4 Active: https://youtu.be/ceL1hIoWJbs

➨ Buy Xiaomi Redmi Buds 4 Active: https://ali.ski/pTzYg - Aliexpress",18,2023-07-06T10:41:52Z
Redmi Buds 4,YouTube,n-PhtLn4kR4,"Por acaso comprei uns em promençao agora da Black fraiday ,disseram que era exelentes ,e as primeiras impressoes a joga pubg Mobile .É que são mesmo.",0,2025-11-28T19:31:31Z
Redmi Buds 4,YouTube,n-PhtLn4kR4,"Which do you recommend for gaming, the Buds 6 Play or the Buds 6 Lite?",0,2025-11-25T00:08:45Z
Redmi Buds 4,YouTube,n-PhtLn4kR4,Bad ms bro,0,2025-10-30T17:43:01Z
Redmi Buds 4,YouTube,n-PhtLn4kR4,Bro one problem i use neckband and while using it and wifi even 5ghz it pings high what to do,0,2025-09-11T14:11:20Z
Redmi Buds 4,YouTube,n-PhtLn4kR4,Bro i need only charging case please help me😭🙏,3,2025-05-08T14:52:12Z
Redmi Buds 4,YouTube,n-PhtLn4kR4,How about redmi buds 6 active. There's no features like low latency just have rename on Xiaomi earbuds app. My device is Xiaomi 12. How I can turn on the low latency or gaming mode,0,2025-03-29T11:44:57Z
Redmi Buds 4,YouTube,n-PhtLn4kR4,1-10 how good they are,3,2025-01-13T17:15:59Z
Redmi Buds 4,YouTube,n-PhtLn4kR4,Sahi hai bolo to kharid le btao bhai,0,2024-12-31T10:00:47Z
Redmi Buds 4,YouTube,n-PhtLn4kR4,I am there but it only says rename earbuds what do i do?,5,2024-12-27T22:44:30Z
Redmi Buds 4,YouTube,n-PhtLn4kR4,"Xiaomi buds 5 
No low latency mode??",9,2024-12-08T15:42:18Z
Redmi Buds 4,YouTube,n-PhtLn4kR4,Problematic earbud . 2 earbud from redmi having suck issue … left hand side is not working after 7 month .. super suck brand,0,2024-11-19T16:06:18Z
Redmi Buds 4,YouTube,n-PhtLn4kR4,How to low latency mode on sir ?,0,2024-08-30T11:35:15Z
Redmi Buds 4,YouTube,n-PhtLn4kR4,"I want to ask something that, will there be any problem if I m using this earbuds for like 6-8 hr for lectures at full volume!?...",4,2024-08-03T15:48:26Z
Redmi Buds 4,YouTube,n-PhtLn4kR4,What is bass and latency!?,2,2024-08-03T15:37:46Z
Redmi Buds 4,YouTube,n-PhtLn4kR4,Tq bro,1,2024-04-16T11:18:42Z
Redmi Buds 4,YouTube,n-PhtLn4kR4,This or Edifier x3 lite??,10,2024-03-01T19:01:12Z
Redmi Buds 4,YouTube,n-PhtLn4kR4,"Without the application, how do I know if I activated/inactivated the low latency mode after I hold both buds? Or it is automatically turned off after I disconnected the buds and put it in the pod?",10,2024-03-01T05:36:38Z
Redmi Buds 4,YouTube,n-PhtLn4kR4,"which one for gaming, redmi buds 4 lite or active?",1,2024-02-20T11:36:03Z
Redmi Buds 4,YouTube,n-PhtLn4kR4,Do i need to download the app to enable this?,6,2024-02-19T07:57:53Z
Redmi Buds 4,YouTube,n-PhtLn4kR4,Is it available on poco phones?,0,2024-02-07T04:42:47Z
Redmi Buds 4,YouTube,n-PhtLn4kR4,Game name please? ⬇️,2,2023-12-22T14:24:06Z
Redmi Buds 4,YouTube,n-PhtLn4kR4,لدي النسخة البرو وهي (Redmi buds 4 Pro) ولم أجد هذة الميزة أبدا فالإعدادات,0,2023-09-12T00:10:04Z
Redmi Buds 4,YouTube,8rfNVQadQgQ,"Ничего не понятно,0 информации",0,2025-12-07T22:30:49Z
Redmi Buds 4,YouTube,8rfNVQadQgQ,I own this but everytime i play pugb mobile my friends cant hear me 😢,0,2025-11-04T02:51:49Z
Redmi Buds 4,YouTube,8rfNVQadQgQ,"App for airbud 2 not suport.
What app suport for xiaomi airbud 2",0,2025-08-28T14:19:14Z
Redmi Buds 4,YouTube,8rfNVQadQgQ,How to pair Xiaomi watch with Eber 6 earphones ?,0,2025-06-05T11:51:40Z
Redmi Buds 4,YouTube,8rfNVQadQgQ,Poco Buds x1 app se chalta hai dusre mobile mein kaise connect Karen,2,2025-06-03T01:25:14Z
Redmi Buds 4,YouTube,8rfNVQadQgQ,O pior fone de ouvido do mundo !,0,2025-05-19T10:51:42Z
Redmi Buds 4,YouTube,8rfNVQadQgQ,Why is the custom for equalizer not showing out.,0,2025-05-11T03:03:54Z
Redmi Buds 4,YouTube,8rfNVQadQgQ,I lost one side of earbuds tell me what can i do,1,2025-03-28T14:36:48Z
Redmi Buds 4,YouTube,8rfNVQadQgQ,Qual é o nome do aplicativo?,0,2025-01-15T03:40:45Z
Redmi Buds 4,YouTube,8rfNVQadQgQ,Lo consiglieresti?,0,2024-09-01T08:16:37Z
Redmi Buds 4,YouTube,8rfNVQadQgQ,Listen the music left size is not hear is why???,0,2024-07-27T14:06:06Z
Redmi Buds 4,YouTube,8rfNVQadQgQ,What apps do you used,0,2024-07-25T10:13:43Z
Redmi Buds 4,YouTube,8rfNVQadQgQ,so the app is basically useless..havent see earbuds with app that cant change the settings of the button or the option to cancel noise etc etc through the application,10,2024-07-08T17:27:03Z
Redmi Buds 4,YouTube,8rfNVQadQgQ,Which app we use,0,2024-06-23T05:49:53Z
Redmi Buds 4,YouTube,8rfNVQadQgQ,Why isn't mine there? low latency How to make it go up?low latency,0,2024-05-04T14:39:22Z
Redmi Buds 4,YouTube,8rfNVQadQgQ,"Does this work for the Redmi Bud 3 Pro, too?",0,2024-04-21T13:24:20Z
Redmi Buds 4,YouTube,8rfNVQadQgQ,I owned a buds 4 active but in the app it doesnt show the case battery status. what should I do?,2,2024-03-26T08:10:29Z
Redmi Buds 4,YouTube,8rfNVQadQgQ,I can't connect my bus 4 active it shows it on my Bluetooth settings but not on the xiaomi app,0,2024-03-08T08:01:47Z
Redmi Buds 4,YouTube,8rfNVQadQgQ,I owned a Xiaomi Buds Pro 3 for more than 2 years now and I have only known this dedicated app for Xiaomi earphones exists just now because of this video 😅,8,2024-02-26T18:35:45Z
Redmi Buds 4,YouTube,8rfNVQadQgQ,I'm from Pakistan and I'm having Redmi Buds 4 but it is not connecting to Xiaomi earbuds application please tell me the solution,3,2024-02-25T05:31:34Z
Redmi Buds 4,YouTube,8rfNVQadQgQ,Bro the case is not showing for me any tips?,0,2024-02-13T12:33:42Z
Redmi Buds 4,YouTube,8rfNVQadQgQ,What about the Redmi Buds 4 Lite,7,2024-01-27T10:48:38Z
Redmi Buds 4,YouTube,8rfNVQadQgQ,How to connect redmi earbuds 4 active to that application?,0,2024-01-25T10:49:04Z
Redmi Buds 4,YouTube,8rfNVQadQgQ,Hi. Can you please tell me ' xiaomi air 3 se' can be connected through this app? I am struggling,0,2024-01-25T04:03:26Z
Redmi Buds 4,YouTube,8rfNVQadQgQ,it doesn't work on mi true wireless earbuds 2s,0,2024-01-20T15:28:43Z
Redmi Buds 4,YouTube,8rfNVQadQgQ,"It won't let me pair my redmi buds 5 in the app, I have a pixel 8 pro. any solution please?",0,2024-01-13T21:38:09Z
Redmi Buds 4,YouTube,8rfNVQadQgQ,There is no redmi buds 4 lite,0,2024-01-07T08:19:05Z
Redmi Buds 4,YouTube,8rfNVQadQgQ,redmi buds 4 active had ANC and transparanted mode?,0,2024-01-06T17:15:54Z
Redmi Buds 4,YouTube,8rfNVQadQgQ,Do Redmi buds 3 lite have noise cancelling? Can this be turned on n off in the app?,1,2024-01-03T12:54:10Z
Redmi Buds 4,YouTube,8rfNVQadQgQ,What is app called?,0,2023-12-31T18:04:11Z
Redmi Buds 4,YouTube,8rfNVQadQgQ,सबसे बेकार है कोई मत लेने मेने खरीदा था लेने के 2 महीने बाद right साइड बड ने काम करना बंद कर दिया,0,2023-12-27T13:00:52Z
Redmi Buds 4,YouTube,8rfNVQadQgQ,Bro Foes jt work with non redmi ohone liks Oneplus,1,2023-12-25T16:58:09Z
Redmi Buds 4,YouTube,8rfNVQadQgQ,App konsi hai bhai,0,2023-12-24T03:34:57Z
Redmi Buds 4,YouTube,8rfNVQadQgQ,Is it possible to connect redmi buds 4 lite there? I didn't figure it out somehow.,2,2023-12-22T08:52:34Z
Redmi Buds 4,YouTube,8rfNVQadQgQ,"Never buy redmi buds 4 active. You'll regret.
Go for soundpeats earbuds with ANC and much better  sound quality. Redmi buds 4 active sound feels like that of cheap earbuds",2,2023-12-07T19:25:15Z
Redmi Buds 4,YouTube,8rfNVQadQgQ,Can someone tell me why ONLY my right headphone os conecting??,0,2023-12-02T18:28:31Z
Redmi Buds 4,YouTube,8rfNVQadQgQ,Has anyone the same Problem as me if i change musik my musik is fcked up and i need to pull my right earpod out an put in in to get it work has somone an explanation fir it ?,0,2023-11-24T15:50:35Z
Redmi Buds 4,YouTube,8rfNVQadQgQ,Can i charge it whit 15 wat charger?,2,2023-11-16T05:19:50Z
Redmi Buds 4,YouTube,8rfNVQadQgQ,can i charge xiaomi buds 4 global version with 67 watts type c charger?,0,2023-10-24T09:17:06Z
Redmi Buds 4,YouTube,8rfNVQadQgQ,My buds right side always chargeing while remove from the case i count not connect to the right side any solution for this 😢😢😢,0,2023-10-15T05:26:58Z
Redmi Buds 4,YouTube,8rfNVQadQgQ,Is there redmi 3 lite in the app ?,0,2023-10-14T20:06:59Z
Redmi Buds 4,YouTube,8rfNVQadQgQ,Noise vs102 airbuds not connecting to the app which app to use,0,2023-10-13T11:11:41Z
Redmi Buds 4,YouTube,8rfNVQadQgQ,"I have a question please.
My Airpods are: Redmi Buds 4 Active.
The problem is that the right pod wouldn't charge or connect. What should i do?",3,2023-10-06T18:01:53Z
Redmi Buds 4,YouTube,8rfNVQadQgQ,How connect redmi buds lite 3 in mi buds m8???,0,2023-10-05T20:30:27Z
Redmi Buds 4,YouTube,8rfNVQadQgQ,"a question, what can you ask if they don't connect.  I already checked and they are original, I put them in the box and activate the pairing but they don't appear in the app, on the phone they do connect.",0,2023-10-02T17:14:11Z
Redmi Buds 4,YouTube,8rfNVQadQgQ,It says it's not available in my country,0,2023-09-22T11:06:20Z
Redmi Buds 4,YouTube,8rfNVQadQgQ,What is the name of this app!!,0,2023-09-09T18:36:39Z
Redmi Buds 4,YouTube,8rfNVQadQgQ,Why my redmi buds 4 pro don't have this?,0,2023-08-18T07:46:31Z
Redmi Buds 4,YouTube,ONyuQZ2Wd7U,Best! Thank you man,0,2023-11-26T04:12:46Z
Redmi Buds 4,YouTube,ONyuQZ2Wd7U,Your long hair also protecting outside noise 😅,1,2023-08-11T07:32:35Z
Redmi Buds 4,YouTube,ONyuQZ2Wd7U,It is best way to review. I like your way to test mic of tws . Review calling headset for meeting in cheap price with 100% noise reduction in background,0,2023-07-15T02:54:49Z
Redmi Buds 4,YouTube,TTfwSkk7Abo,App Name,1,2025-09-01T16:57:40Z
Redmi Buds 4,YouTube,TTfwSkk7Abo,Nice information🎉🎉,2,2023-07-26T15:51:22Z
Redmi Buds 4,YouTube,TTfwSkk7Abo,Really Interesting😃😃,1,2023-07-26T15:51:10Z
Redmi Buds 4,YouTube,TTfwSkk7Abo,Or ya app ka name kiya hay,1,2023-07-09T06:26:52Z
Redmi Buds 4,YouTube,TTfwSkk7Abo,Realme tachlife ka bola tha hamne ka iska test kijiya but apne nahi kiya ?😑,1,2023-07-09T06:25:09Z
Redmi Buds 4,YouTube,fTstLXdnB5M,"You can also watch our video with a comparison of Redmi Buds 4 Pro vs Redmi Buds 3 Pro: https://youtu.be/n0n0zqXoxOM
We have already made a hands-on review of Redmi Buds 4: https://youtu.be/th7fOh3rZuw
Buy Redmi Buds 4:
➨ https://ali.ski/6MwYf - Aliexpress - ONLY $33.38
Buy Redmi Buds 4 Pro:
➨ https://ali.ski/2te4j - Aliexpress - ONLY $62.29",1,2022-06-02T10:16:19Z
Redmi Buds 4,YouTube,fTstLXdnB5M,which are better? Buds 3 Pro or Buds 4?,0,2023-04-25T16:42:27Z
Redmi Buds 4,YouTube,fTstLXdnB5M,Which codec do redmi buds 4 pro support? Is it aptx if not how does the sound compare to any earphones having Aptx???,0,2022-12-10T08:14:43Z
Redmi Buds 4,YouTube,fTstLXdnB5M,how do you connect two devices without the app? I'm connecting a iPhone and a Windows laptop. Thanks man!,0,2022-08-29T11:33:28Z
Redmi Buds 4,YouTube,fTstLXdnB5M,Plz make comparisons b/w bud 3 pro and buds 4 Brother,0,2022-08-05T03:13:54Z
Redmi Buds 4,YouTube,fTstLXdnB5M,Bad review and difficult to understand...,1,2022-07-14T15:48:43Z
Redmi Buds 4,YouTube,fTstLXdnB5M,What will the difference between Global and CN versions?,2,2022-07-08T15:15:37Z
Redmi Buds 4,YouTube,fTstLXdnB5M,Does it support LDAC,0,2022-06-10T14:31:10Z
Redmi Buds 4,YouTube,fTstLXdnB5M,Do they have connectivity issues with multipoint similar to Buds 3 Pro,0,2022-06-08T04:58:50Z
Redmi Buds 4,YouTube,fTstLXdnB5M,Which smartphones support 360 audio of these redmi buds 4 pro ? Is this 360 audio available in any smartphone ?,5,2022-06-02T10:28:41Z
Redmi Buds 4,YouTube,p8gQUK1EWvk,Another to the point video comparing two of the budget earphones that ppl get confused so here is the video to clear all the confusion. Don't forget to LIKE :),1,2023-06-23T13:41:03Z
Redmi Buds 4,YouTube,p8gQUK1EWvk,What's the verdict?,0,2024-10-01T23:03:13Z
Redmi Buds 4,YouTube,p8gQUK1EWvk,Bro.. suggest a (best sound quality) neck band or TWS for iPhones budget under 5k.,1,2023-06-23T16:52:28Z
Redmi Buds 4,YouTube,QCDdDRuIcbE,"BHYA EK QUESTION - 
Sd Card Me Kon Best Hai For phone ?
SANDISK VS SAMSUNG ( Main chijo ko safely rakhta hu too kon sahi rhega for long term ? )",0,2024-02-14T19:34:27Z
Redmi Buds 4,YouTube,QCDdDRuIcbE,Realme air 5 compare with redmi buds 4 active please,1,2024-02-12T10:15:43Z
Redmi Buds 4,YouTube,QCDdDRuIcbE,"Hi Bro..I was gonna purchase the REDMI BUDD 4 Active ...in the Amazon festival , but viewing your Fab TECH Video on the comparison of the REDMI Vs Real mi..I would go in for the Real Mi...Thanks and Cheers for the great Tech info... Salud 👍",0,2023-10-14T14:39:04Z
Redmi Buds 4,YouTube,QCDdDRuIcbE,Realmi best,1,2023-10-09T11:14:22Z
Redmi Buds 4,YouTube,QCDdDRuIcbE,"Really helpful video. Was about to buy Redmi Buds 4 active as it's selling now for Rs899 but after watching your video shifting the buying preference to Realme Techlife 100 though it's priced higher.,",1,2023-10-08T09:50:27Z
Redmi Buds 4,YouTube,QCDdDRuIcbE,Redmi aj hi kharida ☺️,0,2023-08-15T19:25:22Z
Redmi Buds 4,YouTube,QCDdDRuIcbE,Watching on realme techlife t100❤️,3,2023-08-11T03:27:24Z
Redmi Buds 4,YouTube,QCDdDRuIcbE,Bhai found no equalizer setting in realme link app,0,2023-08-04T13:09:55Z
Redmi Buds 4,YouTube,QCDdDRuIcbE,Realme 100t ya boat 141 neo kaun sa lena sahi hai please reply urgent,0,2023-07-31T15:40:00Z
Redmi Buds 4,YouTube,QCDdDRuIcbE,Realme techlife is too much hurt on ear,3,2023-07-14T03:18:43Z
Redmi Buds 4,YouTube,QCDdDRuIcbE,"Redmi one is good and balanced
And work best with redmi phones
Also about equaliser if you have Dolby Atmos turned on you can customise it
Although music control is on the slight lower side 
Yet I do prefer Redmi one because what DIZO did",7,2023-07-09T10:41:17Z
Redmi Buds 4,YouTube,QCDdDRuIcbE,Don't buy redmi,2,2023-07-03T17:08:05Z
Redmi Buds 4,YouTube,QCDdDRuIcbE,Bhai noise verve ka review kab tak milegi?,0,2023-06-26T13:20:19Z
Redmi Buds 4,YouTube,QCDdDRuIcbE,Noise buds verve ka review kb aayega 😊,0,2023-06-25T03:43:39Z
Redmi Buds 4,YouTube,QCDdDRuIcbE,Noise buds verve or redmi buds 4 active?,0,2023-06-24T01:19:04Z
Redmi Buds 4,YouTube,QCDdDRuIcbE,Noise verve ka review kab ayega bhai?,0,2023-06-23T14:11:26Z
Redmi Buds 4,YouTube,QCDdDRuIcbE,I dont know hindi so please tell which is best for content watching and more battery life not need much more features bro please tell?,1,2023-06-23T12:07:11Z
Redmi Buds 4,YouTube,QCDdDRuIcbE,Best earbuds under 1500 please tell,1,2023-06-23T03:23:05Z
Redmi Buds 4,YouTube,QCDdDRuIcbE,Do unboxing of noise vs 103pro earbuds,0,2023-06-22T17:58:51Z
Redmi Buds 4,YouTube,QCDdDRuIcbE,Oppo enco buds 2 vs redmi buds 4 active??,4,2023-06-22T15:37:52Z
Redmi Buds 4,YouTube,QCDdDRuIcbE,Bro suggest me earbuds for running and gymming?,1,2023-06-22T13:57:32Z
Redmi Buds 4,YouTube,QCDdDRuIcbE,"I am using realme T100 
Sound 
Connecting
Battery
Calling all are best ❤",4,2023-06-22T10:34:50Z
Redmi Buds 4,YouTube,QCDdDRuIcbE,Relme ki calling mic bakwaas hai Gir se suno Chu chu awaz aari hai bolte time,0,2023-06-22T05:14:25Z
Redmi Buds 4,YouTube,QCDdDRuIcbE,Kiyon bhayya Redmi ke app ne update se nhi aayega kiya equalizer aur futures,0,2023-06-22T05:07:36Z
Redmi Buds 4,YouTube,QCDdDRuIcbE,Price 1199₹ v/s 1499₹ 😂😂😂😂,1,2023-06-22T05:05:16Z
Redmi Buds 4,YouTube,QCDdDRuIcbE,Bro what are the beat balanced sounding tws from boat please suggest,1,2023-06-22T04:59:11Z
Redmi Buds 4,YouTube,QCDdDRuIcbE,Thnx bro😊,0,2023-06-22T04:09:15Z
Redmi Buds 4,YouTube,QCDdDRuIcbE,Bro the exact video i wanted 🫡🫡,37,2023-06-22T04:09:02Z
Redmi Buds 4,YouTube,QCDdDRuIcbE,Redmi buds 4 active vs oppo enco buds 2?,1,2023-06-22T03:33:07Z
Redmi Buds 4,YouTube,QCDdDRuIcbE,"oppo enco earbuds 2 vs redmi
Boat 170 vs redmi",1,2023-06-22T03:07:56Z
Redmi Buds 4,YouTube,QCDdDRuIcbE,Nice review bhai...,2,2023-06-22T02:29:36Z
Redmi Buds 4 Pro,YouTube,7kBBiCtbRP0,Jizz trail is a fuckin excellent description!!! I use that word in so many different variations it's good to see I'm not alone.,0,2025-11-17T22:41:25Z
Redmi Buds 4 Pro,YouTube,7kBBiCtbRP0,You just need to do the six pros out of the series now,0,2025-02-19T05:08:01Z
Redmi Buds 4 Pro,YouTube,7kBBiCtbRP0,what u say very good sound for who model  soundcore anker  ...?,0,2025-02-10T21:29:04Z
Redmi Buds 4 Pro,YouTube,7kBBiCtbRP0,"Can you, please, also review the Redmi buds 5 pros, and compare them to the 4 pros?",0,2024-11-15T19:53:42Z
Redmi Buds 4 Pro,YouTube,7kBBiCtbRP0,"I throw them away, terrible.",0,2024-05-27T12:19:50Z
Redmi Buds 4 Pro,YouTube,7kBBiCtbRP0,Thanks!,0,2024-04-03T17:17:58Z
Redmi Buds 4 Pro,YouTube,7kBBiCtbRP0,pls do the new buds 5 pro plsss,1,2024-03-21T20:56:29Z
Redmi Buds 4 Pro,YouTube,7kBBiCtbRP0,"hi if anybody already bought these earbuds please share opinion with me about anc and anything else
thank you",0,2024-02-29T21:44:27Z
Redmi Buds 4 Pro,YouTube,7kBBiCtbRP0,"Please if you know..... which is the best???
xiaomi buds 4 pro vs redmi buds 5 pro.
The both of them are almost the same... but the price of the Xiaomi buds 4 Pro is very expensive.
Why,???",2,2024-02-26T16:15:05Z
Redmi Buds 4 Pro,YouTube,7kBBiCtbRP0,Redmi buds 5 pro vs huawei freebuds 5i?,0,2024-02-02T12:10:09Z
Redmi Buds 4 Pro,YouTube,7kBBiCtbRP0,"These VS Moondrop Space Travel?
Thanks",0,2024-01-17T21:51:45Z
Redmi Buds 4 Pro,YouTube,7kBBiCtbRP0,Wow so bad active cancellation noise 😮,0,2024-01-03T09:08:19Z
Redmi Buds 4 Pro,YouTube,7kBBiCtbRP0,The redmi 4 lite are awesome better than the xiaomo 3t pro,0,2023-11-30T23:38:17Z
Redmi Buds 4 Pro,YouTube,7kBBiCtbRP0,Came from Sony Linkbuds S. One of the best sounding I've experienced. Is the buds 4 recommended for temporary main buds while I'm saving up for xm5s? 😆,0,2023-11-16T23:22:31Z
Redmi Buds 4 Pro,YouTube,7kBBiCtbRP0,"wow with its specs, nice",0,2023-11-15T05:10:22Z
Redmi Buds 4 Pro,YouTube,7kBBiCtbRP0,congs 1m subs 🙏🙏❤,1,2023-11-10T10:27:00Z
Redmi Buds 4 Pro,YouTube,7kBBiCtbRP0,Uncle spurt which is a better value for money between the redmi buds 4 pro and soundcore liberty 4 nc,1,2023-11-03T09:39:30Z
Redmi Buds 4 Pro,YouTube,7kBBiCtbRP0,Do these work with Ms teams?,0,2023-10-28T10:29:55Z
Redmi Buds 4 Pro,YouTube,7kBBiCtbRP0,Please do review Realme buds air pro 5 pro,0,2023-10-25T05:48:31Z
Redmi Buds 4 Pro,YouTube,7kBBiCtbRP0,What is this phone that you are using in the vídeo?,0,2023-10-19T01:42:41Z
Redmi Buds 4 Pro,YouTube,7kBBiCtbRP0,ahihauhauha loved the test,0,2023-10-03T14:00:32Z
Redmi Buds 4 Pro,YouTube,7kBBiCtbRP0,How do these compare to galaxy bud pro?,0,2023-09-26T14:07:23Z
Redmi Buds 4 Pro,YouTube,7kBBiCtbRP0,Are these better than the Donner dobuds one tho?,0,2023-09-21T18:39:51Z
Redmi Buds 4 Pro,YouTube,7kBBiCtbRP0,The 3 Pro design is so much better- i dont know why they chose to have the stupid apple-like design. It looks so dumb in most people (me included),1,2023-09-16T09:51:32Z
Redmi Buds 4 Pro,YouTube,7kBBiCtbRP0,"I got this and i am a bit dissapointed. They have hi-fi sound and with that activated the earbuds drops connection all the time, audio starts to lagg and to fix it is to changeto transparent mode and then back, very annoying, Solved this by just disable hifi sound and the difference is not much. But now it stays connected,But my main issue is that the max volume is not high enough. ANC is great but I wish they had a bit more kick to the audio, I workout a lot and want that little extra. I got a pair of Lenovo Thinkplus gm2 pro and the volume is much higher. Or is it just my headphones that are low in volume?",0,2023-09-12T19:26:24Z
Redmi Buds 4 Pro,YouTube,7kBBiCtbRP0,"I like the chair, would you recommend it?",0,2023-09-07T06:36:22Z
Redmi Buds 4 Pro,YouTube,7kBBiCtbRP0,Woow. So cheap but high quality ❤❤❤🎉,1,2023-08-27T15:29:02Z
Redmi Buds 4 Pro,YouTube,7kBBiCtbRP0,How would you rate the sound quality from 1 to 10? 10 being the highest❤,2,2023-08-16T06:50:59Z
Redmi Buds 4 Pro,YouTube,7kBBiCtbRP0,Redmi buds 4 pro VS MI buds 4 pro?,0,2023-08-15T18:54:48Z
Redmi Buds 4 Pro,YouTube,7kBBiCtbRP0,Do these also work for iPhone?,0,2023-08-09T15:07:44Z
Redmi Buds 4 Pro,YouTube,7kBBiCtbRP0,Is it worth upgrading to these from my Redmi buds 3 pro?,0,2023-08-01T21:22:47Z
Redmi Buds 4 Pro,YouTube,7kBBiCtbRP0,How can I know they are turned off when they are in the case? I just bought them like 15 min ago and previous buds that I had I would just hold their touch screen for 3-4 sec and they would turn off but eith these... Anyone help😂?,1,2023-07-20T18:28:48Z
Redmi Buds 4 Pro,YouTube,7kBBiCtbRP0,How are they holding up now in 2023? 😊,0,2023-07-10T11:06:34Z
Redmi Buds 4 Pro,YouTube,7kBBiCtbRP0,Can't find the app on Google playstore 😢,0,2023-06-30T10:42:55Z
Redmi Buds 4 Pro,YouTube,7kBBiCtbRP0,"I was going to upgrade from the buds 3 pro, but I don't like the stem design",3,2023-05-05T04:46:14Z
Redmi Buds 4 Pro,YouTube,7kBBiCtbRP0,"Depending on the version uncle Spurt, I just got me the China version the voice control works in mandarin 😂lol.",1,2023-05-03T04:37:49Z
Redmi Buds 4 Pro,YouTube,7kBBiCtbRP0,Please can you review the Soundcore life p3,0,2023-05-01T20:33:26Z
Redmi Buds 4 Pro,YouTube,7kBBiCtbRP0,is spinfit cp360 fit on this tws?,0,2023-04-26T11:00:37Z
Redmi Buds 4 Pro,YouTube,7kBBiCtbRP0,Does it have wireless charging?,0,2023-04-25T16:43:21Z
Redmi Buds 4 Pro,YouTube,7kBBiCtbRP0,"I can't find the LDAC settings in the Xiaomi Earbuds app, help...?",0,2023-04-23T20:12:11Z
Redmi Buds 4 Pro,YouTube,7kBBiCtbRP0,how it works on ios,0,2023-04-16T11:16:57Z
Redmi Buds 4 Pro,YouTube,7kBBiCtbRP0,Good to hear an honest review. I'm getting sick of utube influencers pretending to be reviewers..,0,2023-04-12T11:42:58Z
Redmi Buds 4 Pro,YouTube,7kBBiCtbRP0,Is that compatible with apple phones as well?,0,2023-04-05T05:03:55Z
Redmi Buds 4 Pro,YouTube,7kBBiCtbRP0,"I love watching your reviews,  because of the honesty 😊",2,2023-03-31T13:38:18Z
Redmi Buds 4 Pro,YouTube,7kBBiCtbRP0,Have anyone test them on the gym I don't want them to start falling off,0,2023-03-21T17:02:21Z
Redmi Buds 4 Pro,YouTube,7kBBiCtbRP0,"which is better? 
Redmi Buds pro 4 or Huawei Freebud Pro 1?

both are similar in price now",1,2023-03-18T09:19:42Z
Redmi Buds 4 Pro,YouTube,7kBBiCtbRP0,Redmi buds 4 pro or earfun air pro 3,0,2023-03-14T17:32:29Z
Redmi Buds 4 Pro,YouTube,7kBBiCtbRP0,"Have you tested it with an iPhone? I know that the app is not on the apple store, so I am wondering how I would configure the ANC? can that future still be used without the app?",3,2023-03-14T17:31:10Z
Redmi Buds 4 Pro,YouTube,7kBBiCtbRP0,This or the Huawei freebuds 5i? Pls answer,1,2023-03-07T08:48:10Z
Redmi Buds 4 Pro,YouTube,7kBBiCtbRP0,My Pocophone F2 Pro finally gave up the ghost the other day. Been after a replacement for a while. Got a Redmi Note 11 Pro 5G 6/128 and a set of these headphones for £259 with the current discount they've got running. Bargain!,10,2023-02-21T11:49:54Z
Redmi Buds 4 Pro,YouTube,7kBBiCtbRP0,What do you recommend I buy  redmi buds 4 pro or Huawei free buds 5i ?,5,2023-02-15T22:05:16Z
Redmi Buds 4 Pro,YouTube,7kBBiCtbRP0,Does ANC and the Transparency modes also work with smartphones apart from the Xiaomi brand?,6,2023-02-11T09:08:48Z
Redmi Buds 4 Pro,YouTube,7kBBiCtbRP0,which one is better redmi buds 4 pro or jbl 230 nc ?,1,2023-01-19T20:00:14Z
Redmi Buds 4 Pro,YouTube,7kBBiCtbRP0,"I see that you’re not using iOS. I am, and these are so so quiet for some reason. Have you maybe experienced this problem? I can’t seem to figure it out…",0,2023-01-18T20:43:16Z
Redmi Buds 4 Pro,YouTube,7kBBiCtbRP0,Hi is there a app for IOS?,1,2023-01-13T00:43:56Z
Redmi Buds 4 Pro,YouTube,7kBBiCtbRP0,will it fit the airpods pro case?,1,2022-12-31T20:49:09Z
Redmi Buds 4 Pro,YouTube,7kBBiCtbRP0,I'll go for Airpods Pro 2,0,2022-12-28T21:36:01Z
Redmi Buds 4 Pro,YouTube,7kBBiCtbRP0,Can I used it with Redmi note 10 pro?,2,2022-12-28T20:02:29Z
Redmi Buds 4 Pro,YouTube,7kBBiCtbRP0,hello jabra elite 4 active or better redmi buds 4 pro?,1,2022-12-26T18:12:26Z
Redmi Buds 4 Pro,YouTube,7kBBiCtbRP0,This is £84.00 now,0,2022-12-16T00:04:18Z
Redmi Buds 4 Pro,YouTube,7kBBiCtbRP0,Someone know where to find this but with IP7 ?,0,2022-12-15T19:02:56Z
Redmi Buds 4 Pro,YouTube,7kBBiCtbRP0,"""jizz trail"" is killing me 😭😭😂",1,2022-12-02T21:38:41Z
Redmi Buds 4 Pro,YouTube,7kBBiCtbRP0,Sports friendly?,2,2022-11-30T22:58:52Z
Redmi Buds 4 Pro,YouTube,7kBBiCtbRP0,Spunk,0,2022-11-24T10:03:21Z
Redmi Buds 4 Pro,YouTube,7kBBiCtbRP0,how are mics on these such trash crackling + muffled lol unacceptable,0,2022-11-18T12:04:34Z
Redmi Buds 4 Pro,YouTube,7kBBiCtbRP0,"Went to look up some reviews for these, and unless I'm missing something, they're not £50.",1,2022-11-11T01:16:26Z
Redmi Buds 4 Pro,YouTube,7kBBiCtbRP0,hi man. is this good for gaming? like call of duty mobile? isn't not delayed???,0,2022-11-10T20:00:04Z
Redmi Buds 4 Pro,YouTube,7kBBiCtbRP0,"Have you tried the SoundPEATS Life buds? It's got ANC and a decent transparency mode with app support. But most importantly, they sound GREAT!",0,2022-11-09T00:12:21Z
Redmi Buds 4 Pro,YouTube,7kBBiCtbRP0,Which are better: Xiaomi buds 3T pro or Redmi buds 4 pro???,1,2022-11-03T17:35:49Z
Redmi Buds 4 Pro,YouTube,7kBBiCtbRP0,which is better soundpeats air 3 pro/deluxe or redmi buds 4 pro,7,2022-11-01T15:06:51Z
Redmi Buds 4 Pro,YouTube,7kBBiCtbRP0,What phone you have there? 😃,0,2022-10-23T08:37:54Z
Redmi Buds 4 Pro,YouTube,7kBBiCtbRP0,Just go for samsung buds 2.,3,2022-10-21T09:43:13Z
Redmi Buds 4 Pro,YouTube,7kBBiCtbRP0,Would you give me pro code or buying link please...,0,2022-10-21T09:26:34Z
Redmi Buds 4 Pro,YouTube,7kBBiCtbRP0,It isn't for 50 on Xiaomi website,3,2022-10-18T14:22:49Z
Redmi Buds 4 Pro,YouTube,7kBBiCtbRP0,It is amazing how Buds 3 pro are much better than these.,1,2022-10-18T01:19:07Z
Redmi Buds 4 Pro,YouTube,7kBBiCtbRP0,Gave away my 1st Xiaomi earbuds bc they were hard to remove from the case.,0,2022-10-17T19:43:23Z
Redmi Buds 4 Pro,YouTube,7kBBiCtbRP0,"Nice review, please my question here is, how does the redmi buds 4 pro compare to the mi 3t pro?",12,2022-10-16T21:21:47Z
Redmi Buds 4 Pro,YouTube,7kBBiCtbRP0,"Nice, it has multipoint connection feature? 6 mics ?",0,2022-10-16T07:15:52Z
Redmi Buds 4 Pro,YouTube,7kBBiCtbRP0,worth an upgrade from the 3t pro,3,2022-10-12T14:06:50Z
Redmi Buds 4 Pro,YouTube,7kBBiCtbRP0,You should try EarFun buds!,0,2022-10-10T14:52:19Z
Redmi Buds 4 Pro,YouTube,7kBBiCtbRP0,"these are not £50 they are £90!
the non pro version are £50 get your facts right",0,2022-10-07T14:06:03Z
Redmi Buds 4 Pro,YouTube,7kBBiCtbRP0,"Just in case you're not sure, yes...he does say ""jizz trail""",0,2022-10-04T19:52:04Z
Redmi Buds 4 Pro,YouTube,7kBBiCtbRP0,What watch are you wearing?,0,2022-10-01T08:36:23Z
Redmi Buds 4 Pro,YouTube,7kBBiCtbRP0,"hi, does this have gaming mode?",0,2022-10-01T06:19:56Z
Redmi Buds 4 Pro,YouTube,7kBBiCtbRP0,Audio ist great Natural Bass If you need more Rampe IT Up. More Like Sennheiser or boose.,0,2022-09-28T16:50:15Z
Redmi Buds 4 Pro,YouTube,7kBBiCtbRP0,"Wow, the mic quality is VERY awful! I don't think I can rely on these as Hearing Aids. It just gonna sound poor both my voice and my friends' while wearing them. Airpods Pro 2 have amazing mic quality and are very suitable to be used as Hearing Aids but unfortunately the price is just out of reach so I search these cheap alternatives instead but I guess these can't be relied upon ....",1,2022-09-28T13:38:44Z
Redmi Buds 4 Pro,YouTube,7kBBiCtbRP0,Whats the best vocal heavy earbuds under $120?,0,2022-09-28T12:25:59Z
Redmi Buds 4 Pro,YouTube,7kBBiCtbRP0,Is it worth the upgrade from the redmi buds 3 pro? The buds 3 pro even has wireless charging support compared to the buds 4 pro.,21,2022-09-27T12:08:28Z
Redmi Buds 4 Pro,YouTube,7kBBiCtbRP0,I almost fell off my chair when you refered to them as a Jizz trail. Bloody brilliant!!!! 😂😂😂,3,2022-09-27T08:40:13Z
Redmi Buds 4 Pro,YouTube,7kBBiCtbRP0,What no link?,0,2022-09-26T12:37:08Z
Redmi Buds 4 Pro,YouTube,7kBBiCtbRP0,"Good day Techspurt, I have always wanted to ask
Why dont you review Samsung and apple devices?",0,2022-09-25T22:56:10Z
Redmi Buds 4 Pro,YouTube,7kBBiCtbRP0,"Thanks for the great review! 
I'm looking for a budget wireless earbud with multipoint feature.
The price on Aliexpress has gone up to 80 Euros. Is this worth 80 Euros or would you suggest the Soundcore A40 for 100 Euros?",9,2022-09-25T15:14:06Z
Redmi Buds 4 Pro,YouTube,7kBBiCtbRP0,"finally, someone post an actual ""honest"" review of the Redmi buds. Getting my hand on those tomorrow.",72,2022-09-25T14:44:59Z
Redmi Buds 4 Pro,YouTube,7kBBiCtbRP0,"Jizz trail 🤣🤣🤣🤣 don't think there's one video you've done that hasn't made me chuckle, brilliant!",2,2022-09-25T13:53:31Z
Redmi Buds 4 Pro,YouTube,7kBBiCtbRP0,Still happy with my earfun free pro 2 purchase for £65,2,2022-09-25T10:44:44Z
Redmi Buds 4 Pro,YouTube,7kBBiCtbRP0,"There's the Sony, Cambridge Audio, JBL, not ANC but probably better audio quality.",0,2022-09-25T08:57:42Z
Redmi Buds 4 Pro,YouTube,7kBBiCtbRP0,How is call quality outside. Did anyone try?,1,2022-09-25T08:27:23Z
Redmi Buds 4 Pro,YouTube,7kBBiCtbRP0,Hey...I hope you are seeing this...Could you tell me where you get your phone wallpapers from. I really like them but couldn't find them anywhere,1,2022-09-25T05:42:12Z
Redmi Buds 4 Pro,YouTube,7kBBiCtbRP0,I have the buds 3 pro and they sound dar better if you use the app,0,2022-09-25T05:19:00Z
Redmi Buds 4 Pro,YouTube,7kBBiCtbRP0,ANC as in African National Congress 🤮🤮🤮,2,2022-09-25T02:43:44Z
Redmi Buds 4 Pro,YouTube,7kBBiCtbRP0,"Just ordered some Raycon's..... Now I'm going to see if you have reviewed them ...
I hope they are good... I ordered them while P!ssed 🤣😂🤣",1,2022-09-24T20:16:00Z
Redmi Buds 4 Pro,YouTube,7kBBiCtbRP0,"Sooo, another AirPods Pro ripoff, basically. Yaaaaawn",0,2022-09-24T19:37:33Z
Redmi Buds 4 Pro,YouTube,7kBBiCtbRP0,When will u get the iPhone 14 😊 ?,0,2022-09-24T19:04:40Z
Redmi Buds 4 Pro,YouTube,7kBBiCtbRP0,Are they better than the Xiaomi Buds 3 Pro or about the same?,0,2022-09-24T18:50:22Z
Redmi Buds 4 Pro,YouTube,7kBBiCtbRP0,"Haven't watched yet, but which would you recommend, redmi buds 4 pro or freebuds 4i?",3,2022-09-24T18:46:57Z
Redmi Buds 4 Pro,YouTube,7kBBiCtbRP0,Can you disable the battery low notification,1,2022-09-24T18:38:25Z
Redmi Buds 4 Pro,YouTube,7kBBiCtbRP0,Whats the ANC like compared to the cheap Soundpeats T2 which best any earbuds to date.,2,2022-09-24T17:59:40Z
Redmi Buds 4 Pro,YouTube,7kBBiCtbRP0,Mmmmm gooey wax in the buds 😂,0,2022-09-24T17:58:49Z
Redmi Buds 4 Pro,YouTube,7kBBiCtbRP0,I'll stick with my Huawei Free buds Pro. Currently £90 on Amazon,0,2022-09-24T17:38:19Z
Redmi Buds 4 Pro,YouTube,7kBBiCtbRP0,£50?. Looking on Amazon they are £89.99??,2,2022-09-24T15:20:27Z
Redmi Buds 4 Pro,YouTube,7kBBiCtbRP0,"I have it and it's good, more comfortable than galaxy buds pro and Less sound piercing (sound may differ, I'm using Poco f3).",14,2022-09-24T14:44:32Z
Redmi Buds 4 Pro,YouTube,7kBBiCtbRP0,Bro plzzz suggerisce bst anc nd twc ear buds plzzzz personal,0,2022-09-24T14:21:45Z
Redmi Buds 4 Pro,YouTube,7kBBiCtbRP0,"Nice review as always. Though i just got myself the JBL Tune 510 BT which are on ear but still im very happy and the battery-life is actually insane. Many brands brag about that but in this case i have to agree, i get even a bit over 40 hours with these, i was amazed to be honest. The sound is pretty good too and if you like bass then youll be happy for sure.",43,2022-09-24T14:16:12Z
Redmi Buds 4 Pro,YouTube,7kBBiCtbRP0,"Nice tech, i would love to buy these",0,2022-09-24T14:10:11Z
Redmi Buds 4 Pro,YouTube,7kBBiCtbRP0,When's the Motorola edge 30 ultra full review coming ?,1,2022-09-24T13:52:11Z
Redmi Buds 4 Pro,YouTube,7kBBiCtbRP0,Can’t grumble for £50,70,2022-09-24T13:45:48Z
Redmi Buds 4 Pro,YouTube,7kBBiCtbRP0,"Divent yae claim ta have a northern accent still mind. That died a long time agoa.

Interesting product and a good review, thank you.",0,2022-09-24T13:36:37Z
Redmi Buds 4 Pro,YouTube,7kBBiCtbRP0,Nice vid yippii,0,2022-09-24T13:09:47Z
Redmi Buds 4 Pro,YouTube,7kBBiCtbRP0,Uncle Spurt watch the Sidemen match in an hour !,0,2022-09-24T13:01:22Z
Redmi Buds 4 Pro,YouTube,7kBBiCtbRP0,bro I am subscribed please give an iPhone old one any or any phone with 4k recording,1,2022-09-24T13:01:21Z
Redmi Buds 4 Pro,YouTube,7kBBiCtbRP0,Perfect timing as I'm getting sick of my OnePlus buds Z!,9,2022-09-24T13:00:47Z
Redmi Buds 4 Pro,YouTube,AFVjx4FI44g,"I used around 1.5 years, but 1 side of buds can only used 10 min after full charged, dissapointed..",0,2026-01-11T16:39:03Z
Redmi Buds 4 Pro,YouTube,AFVjx4FI44g,No LDAC for my IPhone 13 is so depressive to me,0,2025-09-23T15:08:25Z
Redmi Buds 4 Pro,YouTube,AFVjx4FI44g,Do they support wireless charging???,0,2024-08-21T18:05:27Z
Redmi Buds 4 Pro,YouTube,AFVjx4FI44g,how about call quality ?,0,2024-04-02T05:23:05Z
Redmi Buds 4 Pro,YouTube,AFVjx4FI44g,"Two main issues I faced with these particular Redmi Earbuds:

1. Low bass in music.
2. Low volume on Netflix.

Good for podcast listening, news and taking calls. Battery life is sufficient.",0,2024-02-28T20:15:59Z
Redmi Buds 4 Pro,YouTube,AFVjx4FI44g,"Been using them a couple days, I'm one of those that has alergic reactions to some of the Galaxy buds Pro and these are great so far!",0,2024-02-13T21:14:12Z
Redmi Buds 4 Pro,YouTube,AFVjx4FI44g,These or Soundcore liberty 4 nc?,0,2024-01-16T15:34:54Z
Redmi Buds 4 Pro,YouTube,AFVjx4FI44g,Is it support Dolby Atmos,0,2023-12-28T11:14:54Z
Redmi Buds 4 Pro,YouTube,AFVjx4FI44g,No controls backwards is kinda a dealbreaker.,3,2023-12-13T04:21:50Z
Redmi Buds 4 Pro,YouTube,AFVjx4FI44g,"Which better 
Xiaomi 3t pro
Redmi buds 4 pro
Liberty 3 pro
????",0,2023-12-06T00:36:52Z
Redmi Buds 4 Pro,YouTube,AFVjx4FI44g,"Hi bro
Soundcore Liberty 4 NC
Soundcore Liberty 4
Soundcore Liberty 3 Pro 
Xiaomi Redmi Buds 4 Pro
Which one u choose for music ?",0,2023-10-28T10:15:37Z
Redmi Buds 4 Pro,YouTube,AFVjx4FI44g,"dude, don't ask me about the call quality. tha'ts why i am watching your video, for your opinion.",0,2023-10-24T04:07:02Z
Redmi Buds 4 Pro,YouTube,AFVjx4FI44g,"After like 3 months of use, one of the buds sound like something is bursted in it.",0,2023-10-02T15:16:53Z
Redmi Buds 4 Pro,YouTube,AFVjx4FI44g,Fair review,0,2023-09-21T06:57:09Z
Redmi Buds 4 Pro,YouTube,AFVjx4FI44g,"I bought them for 60€ trusting most of the reviews, which give very good reviews of these Redmi Buds 4 Pro.
They are very comfortable and I am very happy with the specifications but:

- Connected to my Xiaomi Redmi Note 8 pro phone, the sound that comes out of the headphones is very flat and the volume is not high, not even at maximum. The bass is very much in the background. Rockers/metalheads will miss these two shortcomings.
- The Xiaomi APP does not include an equalizer. Just an option to enhance bass that is barely noticeable (and that does not solve the problem of low volume).
- All this is solved by installing and playing your mobile music using wimAmp or another APP that equalizes the sound. They sound brutal through WimAmp.

The problem comes when we connect them to other devices such as the TV or PC. The equalization of third-party APPs installed on the mobile does not help us.
My Samsung SmartTv does not allow to equalize the sound of Bluetooth devices either... so you have to struggle with what the rickety Xiaomi APP offers you, which is basically NOTHING. That is, a flat sound with little bass.

GENTLEMEN OF XIAOMI, IS IT SO DIFFICULT TO IMPROVE YOUR APP WITH A DECENT EQUALIZER?",1,2023-09-18T10:34:05Z
Redmi Buds 4 Pro,YouTube,AFVjx4FI44g,Does this redmi buds 4 pro have Ldac?,0,2023-08-26T16:42:55Z
Redmi Buds 4 Pro,YouTube,AFVjx4FI44g,You can set the double and triple tap behaviour on Xiaomi phones or the app so yes it does support triple tap to go to previous track. I have been using this feature on my redmi buds 3 pro,3,2023-08-22T04:03:40Z
Redmi Buds 4 Pro,YouTube,AFVjx4FI44g,I'm having a hard time choosing betwen redmi buds 4 pro and xiaomi buds 3t pro. Which would you say is better? 🤔🤔,1,2023-08-21T10:08:28Z
Redmi Buds 4 Pro,YouTube,AFVjx4FI44g,"Redmi buds 4 pro or anker liberty 4 ??????? 
Music, Call, Anc are important to me .",0,2023-08-15T14:28:25Z
Redmi Buds 4 Pro,YouTube,AFVjx4FI44g,"i wonder, can you use airpods pro case on redmi buds 4 pro?",0,2023-07-11T14:28:17Z
Redmi Buds 4 Pro,YouTube,AFVjx4FI44g,I got mine yesterday and its really beautiful nice sounds,3,2023-07-04T07:56:23Z
Redmi Buds 4 Pro,YouTube,AFVjx4FI44g,Which one more better redmi buds 4 pro or Edifier neobuds pro.,0,2023-06-29T16:54:20Z
Redmi Buds 4 Pro,YouTube,AFVjx4FI44g,Hey so whats the music app that you are using,0,2023-06-21T19:52:07Z
Redmi Buds 4 Pro,YouTube,AFVjx4FI44g,"i have those and its gud. i like how ballanced the sound is, not too much lows not too much highs.",0,2023-05-27T12:12:31Z
Redmi Buds 4 Pro,YouTube,AFVjx4FI44g,If i would choose between this and freebuds 5i which one will win ?,0,2023-05-09T11:08:15Z
Redmi Buds 4 Pro,YouTube,AFVjx4FI44g,It's so good,1,2023-05-06T12:17:40Z
Redmi Buds 4 Pro,YouTube,AFVjx4FI44g,"Xiaomi Redmi controls are HORRIFIC. I don't know how anyone can daily drive earbuds made by either brand? When your product lacks fundamental functions, it's broken. Would you buy a car that can't back up?  Would you buy a TV remote that only had a Channel Up button but no Channel Down and no Number Pad?  These are basic necessities. If your product lacks this stuff, then it's defective.  Previous track, Volume, summoning the Assistant, and the ability to toggle OFF ANC completely are essential functions ALL earbuds must have.  Only allowing Play/Pause, Next track, and toggling between 3 ANC strengths is a joke!",0,2023-04-11T10:34:25Z
Redmi Buds 4 Pro,YouTube,AFVjx4FI44g,Does head tracking works on iphone with this buds?,0,2023-04-08T22:18:42Z
Redmi Buds 4 Pro,YouTube,AFVjx4FI44g,bro redmi buds 4 pro or soundpeats capsule 3 pro? i hope you answer my question,1,2023-04-06T17:08:39Z
Redmi Buds 4 Pro,YouTube,AFVjx4FI44g,This one or soundpeats capsule 3 pro or soundpeats mini pro hs please tell me someone,1,2023-04-05T15:04:27Z
Redmi Buds 4 Pro,YouTube,AFVjx4FI44g,can u do a conparison between xm ear buds pro 4 vs huawei freebuds 1 and 2,0,2023-03-18T07:32:15Z
Redmi Buds 4 Pro,YouTube,AFVjx4FI44g,Soundpeats capsule 3 pro vs Redmi buds 4 pro ? 🤔,1,2023-03-17T21:45:29Z
Redmi Buds 4 Pro,YouTube,AFVjx4FI44g,"What features are missing without the app? I know that the app is not on the apple store, so I am wondering how I would configure the ANC? can that future still be used without the app? Thank u Sean!",0,2023-03-15T15:45:34Z
Redmi Buds 4 Pro,YouTube,AFVjx4FI44g,you can change the controls on the xiaomi app!,1,2023-03-13T09:13:53Z
Redmi Buds 4 Pro,YouTube,AFVjx4FI44g,What name of the dap at 07:25?😗,0,2023-03-04T14:30:54Z
Redmi Buds 4 Pro,YouTube,AFVjx4FI44g,redmi buds 4 pro is a different line than the redmi buds 3 pro. the redmi buds 3 pro is actually the international name of the redmi airdots 3 pro. the new redmi buds 4 is actually the same lin as the redmi buds 3 pro because they have a similar design,1,2023-02-26T21:37:52Z
Redmi Buds 4 Pro,YouTube,AFVjx4FI44g,"This is my first experience with xiaomi buds ,so i think is is alright for me.",0,2023-02-14T03:41:54Z
Redmi Buds 4 Pro,YouTube,AFVjx4FI44g,Hey Sean i normally buy EarFun air pro 2 - and that ANC is WAY better than these ( i just bought them) is that your experience?,0,2023-02-03T10:53:19Z
Redmi Buds 4 Pro,YouTube,AFVjx4FI44g,"bought this and about a week of use, is it me or the volume output is not loud? using pixel 6a and my volume is maxed out, depends on what im listening too but most of the time is about 80-100%.",1,2023-01-21T13:46:30Z
Redmi Buds 4 Pro,YouTube,AFVjx4FI44g,"Redmi Buds 4 Pro or edifier tws nb2 pro?
which do you recommend",2,2023-01-21T12:22:36Z
Redmi Buds 4 Pro,YouTube,AFVjx4FI44g,"@SeanTalksTech, between this and Earfun Air S which is better n why?",0,2023-01-11T09:46:10Z
Redmi Buds 4 Pro,YouTube,AFVjx4FI44g,which one has the better anc ? this one or realme buds air 3 ?,1,2023-01-05T23:02:29Z
Redmi Buds 4 Pro,YouTube,AFVjx4FI44g,"this vs soundpeats mini pro, which one is better? kinda love booth of it",0,2023-01-02T11:34:05Z
Redmi Buds 4 Pro,YouTube,AFVjx4FI44g,"Hi Sean, i want to buy a hi-res earbuds but I'm confused.
Whether i should go for the Redmi buds 4 pro or edifier neobuds pro.
My phone supports both LDAC & LHDC.
I really need your feedback on this.",3,2022-12-21T10:23:36Z
Redmi Buds 4 Pro,YouTube,AFVjx4FI44g,what are your thoughts on these and the soundcore life p3?,0,2022-12-20T15:50:25Z
Redmi Buds 4 Pro,YouTube,AFVjx4FI44g,"Redmi buds 4 pro compare with Huawei free buds 5i, which one better?",0,2022-12-13T07:17:38Z
Redmi Buds 4 Pro,YouTube,AFVjx4FI44g,"Which ones are better? Xiaomi Buds 3 or Redmi Buds 4 Pro
Please do a comparison",0,2022-12-08T17:49:02Z
Redmi Buds 4 Pro,YouTube,AFVjx4FI44g,Thaaanks! But which do you prefer? Galaxy Buds 2 or Redmi Buds 4 pro? (not taking into account the price),4,2022-12-08T04:37:40Z
Redmi Buds 4 Pro,YouTube,AFVjx4FI44g,"7:18 Hey Sean, your ears and the Redmi buds 4 pro are a good match. It seems that your ears were made for that buds and vice versa! 😉

Mine are picky! 🤔",1,2022-12-05T12:01:44Z
Redmi Buds 4 Pro,YouTube,AFVjx4FI44g,"hi, are these better from the redmi buds 3 pro. overall? thanks",0,2022-12-02T13:55:19Z
Redmi Buds 4 Pro,YouTube,AFVjx4FI44g,"sports friendly? How is the feeling during jogging, working out and else",0,2022-12-02T11:47:58Z
Redmi Buds 4 Pro,YouTube,AFVjx4FI44g,so there's still no volume control gestures..... I think I skip it....,0,2022-11-30T06:19:36Z
Redmi Buds 4 Pro,YouTube,AFVjx4FI44g,"that almost 30 sec of no context intro triggered my impatient inner karen, except for that good review, hope intros are shortened in next videos",17,2022-11-13T05:50:14Z
Redmi Buds 4 Pro,YouTube,AFVjx4FI44g,"Hi,


Can you please tell me which one will be best  Redmi buds 4 pro and Soundpeats H1 for music/songs lover...


If you think some other will more better then these two please share your opinion about them too..


really appreciate  that

Thank you",0,2022-11-11T11:25:31Z
Redmi Buds 4 Pro,YouTube,AFVjx4FI44g,"Hi Sean, it seems many sellers here in Msia are selling the China and not global version (without LDAC) which you are reviewing. Do you know if Xiaomi authorised retailers are selling the global version?",2,2022-11-09T17:01:03Z
Redmi Buds 4 Pro,YouTube,AFVjx4FI44g,how is this tws in windows? with skype or discord calls? it changes profile to low quality hfp profile or you can have stereo sound and mic at same time without problem?,1,2022-11-06T00:08:40Z
Redmi Buds 4 Pro,YouTube,AFVjx4FI44g,"Hi Sean, if you only consider the sound quality which is better Redmi Buds 4 Pro or Soundcore Life P3? Thanks, great video",3,2022-11-04T02:28:49Z
Redmi Buds 4 Pro,YouTube,AFVjx4FI44g,how does it compare to the earfun Air S?,2,2022-10-26T12:45:27Z
Redmi Buds 4 Pro,YouTube,AFVjx4FI44g,"Hey, redmi buds 4 pro down battery fast, 1 minutes down 1%....i check 10 redmi buds 4 pro and result the same.",0,2022-10-19T11:47:10Z
Redmi Buds 4 Pro,YouTube,AFVjx4FI44g,I have the Redmi buds 3 Pro and I want to upgrade to Redmi buds 4 Pro. It is worth it???. And one last thing.... which is your opinion for Xiaomi buds 4 Pro??. I saw  that it's only for China for now but it's worth it?..... because it cost three times more than Redmi buds 4 Pro. Thanks,0,2022-10-18T17:35:42Z
Redmi Buds 4 Pro,YouTube,AFVjx4FI44g,"Nice, does it has multipoint connection feature? 6 mics ?",1,2022-10-16T07:12:54Z
Redmi Buds 4 Pro,YouTube,AFVjx4FI44g,"Hello!
I got this one today.
But idk how to use noise canceling in iphone.",1,2022-10-15T13:11:57Z
Redmi Buds 4 Pro,YouTube,AFVjx4FI44g,"Hello Sean. These earbuds are available in the Philippines under $70. But I would like to ask, based on your opinion and experience in reviewing tws earbuds, are these a better choice over Soundcore Life P3, and Soundpeats T2? Or are there any other alternatives? Btw, I prefer V-shaped sound signature and I am a bass head. But as long as I can tune them based on my preference, flat or balanced signature are not a big deal. I also prefer having an ANC. Thank you so much.",9,2022-10-11T08:54:10Z
Redmi Buds 4 Pro,YouTube,AFVjx4FI44g,redmi buds 4 pro or flipbuds pro better?,0,2022-10-10T00:39:07Z
Redmi Buds 4 Pro,YouTube,AFVjx4FI44g,Where can you find a hi res audio music?,1,2022-10-09T15:46:20Z
Redmi Buds 4 Pro,YouTube,AFVjx4FI44g,What do you think is better in terms of sound quality sabbat e16 or this? Tia!!,2,2022-10-09T15:25:41Z
Redmi Buds 4 Pro,YouTube,AFVjx4FI44g,This vs LP3?,0,2022-10-08T13:50:22Z
Redmi Buds 4 Pro,YouTube,AFVjx4FI44g,Great,0,2022-10-06T18:58:31Z
Redmi Buds 4 Pro,YouTube,AFVjx4FI44g,Do you guys think this is better than edifier neobuds pro?,0,2022-10-06T12:42:02Z
Redmi Buds 4 Pro,YouTube,AFVjx4FI44g,"Dude , I know it's stupid question but for sound quality alone, is it's better than haylou w1?",4,2022-10-06T07:44:27Z
Redmi Buds 4 Pro,YouTube,AFVjx4FI44g,Buds 4 pro supports sony Ldac?,1,2022-10-05T12:26:47Z
Redmi Buds 4 Pro,YouTube,AFVjx4FI44g,Theyre great and anc work fine! Coming an iphone user! Live my airpod 3 but the absence of anc is 😢,0,2022-10-05T11:44:34Z
Redmi Buds 4 Pro,YouTube,AFVjx4FI44g,"5:56 Are you saying that these are not suitable to be used as Hearing Aids as even with Enhanced Voice in the Transparency Mode turn on, your own voice and the opposite voice will sound radio-ish and poor? Please do Airpods Pro 2 next. Need to know about the quality of the Transparency Mode too. Thank you",2,2022-10-03T14:32:33Z
Redmi Buds 4 Pro,YouTube,AFVjx4FI44g,oneplus buds z2 vs redmi buds 4 pro?,1,2022-10-03T10:32:07Z
Redmi Buds 4 Pro,YouTube,AFVjx4FI44g,Realme buds air 3 vs redmi buds 4?,2,2022-10-03T06:18:17Z
Redmi Buds 4 Pro,YouTube,AFVjx4FI44g,damn man. 2 years ago we just hit 10k. 50k 2023!,3,2022-10-03T01:50:44Z
Redmi Buds 4 Pro,YouTube,AFVjx4FI44g,"the personal problem i encountered with mi tws it has low power ... and i cranked up volume until 80% to feel the music, it has only 3rd party app if u are samsung user (mine S21+)  because xiaomi only provide full compatibility for redmibuds only with their phones...
oh if you want cheaper alternative but it has anc, full support app, good build quality, power and great equalization just go for soundcore life note 3i",9,2022-10-02T21:28:35Z
Redmi Buds 4 Pro,YouTube,AFVjx4FI44g,"Hello, bro, one question, there would be no way to share the firmware of the global version, since I have the Chinese version and I'm dying to try the LDAC codec. if you can share it would be Very grateful, very good video bro keep it up 😎😎",0,2022-10-02T20:12:12Z
Redmi Buds 4 Pro,YouTube,AFVjx4FI44g,Sean Thanks Much !,3,2022-10-02T17:49:08Z
Redmi Buds 4 Pro,YouTube,AFVjx4FI44g,"Comparing this to  Realme buds 3 , which one is better?",1,2022-10-02T15:00:07Z
Redmi Buds 4 Pro,YouTube,AFVjx4FI44g,"This overall is definitely an upgrade I feel! Especially factoring tha6 great Anc performance at this point. Kudos to Xiaomi 👏👏!  If you can these at around 50 to 60 dollars with a discount, it would be awesome! 
Been waiting as well for this one myself my friend. 😊👍👍",16,2022-10-02T13:38:37Z
Redmi Buds 4 Pro,YouTube,AFVjx4FI44g,Been used 3pro. Might buy this and sell 3pro,2,2022-10-02T12:34:37Z
Redmi Buds 4 Pro,YouTube,AFVjx4FI44g,I liked buds3 pro so I ordered buds4 non pro 🤗,3,2022-10-02T12:30:51Z
Redmi Buds 4 Pro,YouTube,AFVjx4FI44g,nice,2,2022-10-02T11:30:53Z
Redmi Buds 4 Pro,YouTube,ietHsvH0V7Y,I need help coz the left headphon is lower sound . How can i fix the problem on samsung s8,0,2025-03-11T18:56:29Z
Redmi Buds 4 Pro,YouTube,ietHsvH0V7Y,"My right ear buds can last 2 or 3 hour if used alone, but only last 45minuite if used both. can you tell me what should i do to fix it?",0,2024-11-15T01:39:03Z
Redmi Buds 4 Pro,YouTube,ietHsvH0V7Y,These are really good ............been using them for a week now,0,2024-07-04T12:08:52Z
Redmi Buds 4 Pro,YouTube,ietHsvH0V7Y,Would you recommend this or should i go for the Buds 5 pro?,0,2024-04-05T02:59:02Z
Redmi Buds 4 Pro,YouTube,ietHsvH0V7Y,Is it possible to be connected to Samsung phone?,0,2024-03-02T16:21:23Z
Redmi Buds 4 Pro,YouTube,ietHsvH0V7Y,"Thanks for the informative vid Bro!
I am about to buy a redmi buds 4 pro or a 5 pro. What do you recommend?",0,2024-02-17T23:12:05Z
Redmi Buds 4 Pro,YouTube,ietHsvH0V7Y,Currently considering buying them because my redmi buds 4 active left ear bud failed and won't charge now,0,2024-02-11T21:57:34Z
Redmi Buds 4 Pro,YouTube,ietHsvH0V7Y,Subscribing bc of xiaomi,0,2024-01-03T04:00:56Z
Redmi Buds 4 Pro,YouTube,ietHsvH0V7Y,F3 GT  ✨,0,2023-11-25T03:28:02Z
Redmi Buds 4 Pro,YouTube,ietHsvH0V7Y,Is it worth to buy these please ????,0,2023-11-24T00:40:45Z
Redmi Buds 4 Pro,YouTube,ietHsvH0V7Y,high end talaga top 5 all time,0,2023-11-21T15:08:57Z
Redmi Buds 4 Pro,YouTube,ietHsvH0V7Y,"Horrible mic
Don't recommend",0,2023-11-10T22:47:18Z
Redmi Buds 4 Pro,YouTube,ietHsvH0V7Y,Walang mic test,0,2023-10-20T03:03:30Z
Redmi Buds 4 Pro,YouTube,ietHsvH0V7Y,Currently listening on mine lol,0,2023-10-03T21:55:53Z
Redmi Buds 4 Pro,YouTube,ietHsvH0V7Y,The case with earphones in it. No shit Sherlock,0,2023-08-25T06:14:03Z
Redmi Buds 4 Pro,YouTube,ietHsvH0V7Y,"Would you recommend the Xiaomi Redmi Buds 4 Pro or the Huawei Freebuds 5i? 
Thanks",2,2023-08-20T07:37:20Z
Redmi Buds 4 Pro,YouTube,ietHsvH0V7Y,"I have one and the volume its to low, even the airdots 2 Is more loud.",0,2023-08-17T20:33:34Z
Redmi Buds 4 Pro,YouTube,ietHsvH0V7Y,What is the difference with the xiaomi buds 3t pro,1,2023-07-14T15:10:28Z
Redmi Buds 4 Pro,YouTube,ietHsvH0V7Y,Redmi buds 4 Pro....or..... Xiaomi buds 4 Pro???,0,2023-07-07T15:16:52Z
Redmi Buds 4 Pro,YouTube,ietHsvH0V7Y,What brand and model is your usb-c cable that you were charging it please,0,2023-06-06T17:58:04Z
Redmi Buds 4 Pro,YouTube,ietHsvH0V7Y,iOS applications have arrived officially on the apple store. Tested and work with Buds 4 Pro (EU version),2,2023-04-27T10:14:24Z
Redmi Buds 4 Pro,YouTube,ietHsvH0V7Y,Can I refill the charging box even though it is not empty?,0,2023-04-10T10:22:54Z
Redmi Buds 4 Pro,YouTube,ietHsvH0V7Y,"Is the fitting in the ear good? if we move our head, does it drop?",1,2023-04-07T15:03:12Z
Redmi Buds 4 Pro,YouTube,ietHsvH0V7Y,3 minutes into the video before I realized this guy was my trainer in my first ever job! Hi sir Christian! :),4,2023-03-15T20:35:59Z
Redmi Buds 4 Pro,YouTube,ietHsvH0V7Y,"When the earbud is taken out it stops,but will it resume playing after it is put back in the ear",0,2023-03-11T19:41:30Z
Redmi Buds 4 Pro,YouTube,ietHsvH0V7Y,Bro if i lost my case with earbuds how do i find it,0,2023-03-04T04:09:45Z
Redmi Buds 4 Pro,YouTube,ietHsvH0V7Y,Can I use one bud and hear left and right from it ?,0,2023-02-03T14:28:54Z
Redmi Buds 4 Pro,YouTube,ietHsvH0V7Y,"for LHDC 4.0 bluetooth codec, the competitor is OPPO Enco X2 in the same price range.  The difference is Xiaomi Buds 3T Pro frequency range is 100Hz-10KHz, while X2 is 20Hz-40KHz, which means more low bass.  It really is up to the user's listening preference if he/she listens more vocal or bass heavy music.",5,2023-01-30T14:31:05Z
Redmi Buds 4 Pro,YouTube,ietHsvH0V7Y,"Looking at the audio quality, are these better or 3T Pro?",0,2023-01-20T15:00:17Z
Redmi Buds 4 Pro,YouTube,ietHsvH0V7Y,Can I use on iPhone 14 pro max? I like xiaomi ear plug sound quality. How about the wireless ear buds?,0,2023-01-17T15:30:35Z
Redmi Buds 4 Pro,YouTube,ietHsvH0V7Y,Is there a app for IOS?,1,2023-01-13T00:40:27Z
Redmi Buds 4 Pro,YouTube,ietHsvH0V7Y,Too bad that the app does not work with Apple devices,0,2022-12-27T06:34:24Z
Redmi Buds 4 Pro,YouTube,ietHsvH0V7Y,"Hi, is Jabra Elite 4 Active or better Redmi Buds 4 Pro?",2,2022-12-26T17:23:00Z
Redmi Buds 4 Pro,YouTube,ietHsvH0V7Y,How can you say it has no delay? It's delay as fuck when I'm using it and I can't find low latency setting on my phone or app itself.,0,2022-12-24T06:14:55Z
Redmi Buds 4 Pro,YouTube,ietHsvH0V7Y,between 4pro and 3T pro which one is worth it to buy?,0,2022-12-13T23:15:50Z
Redmi Buds 4 Pro,YouTube,ietHsvH0V7Y,"I have  redmi buds 4  but it seems it does not work well with Iphone, Im not able to get app , There is no setting available,  one side is not working. ...... very  bad product for iphone users",1,2022-12-09T20:01:07Z
Redmi Buds 4 Pro,YouTube,ietHsvH0V7Y,How to fix. My earbuds.  I can't play any video and sound only with calls,0,2022-12-06T14:57:56Z
Redmi Buds 4 Pro,YouTube,ietHsvH0V7Y,Hello what's better is this or the xiaomi buds 3t pro? planning to buy but can't decide between the two.,0,2022-11-28T17:42:08Z
Redmi Buds 4 Pro,YouTube,ietHsvH0V7Y,Can I use only one buds and another one inside box?,0,2022-11-26T13:17:48Z
Redmi Buds 4 Pro,YouTube,ietHsvH0V7Y,"hello, thanks for the review. you inspired me to buy these. Would you mind sharing with me the 90 degree type-C charger you're using here? I'm looking for one of these as well",3,2022-11-20T17:42:21Z
Redmi Buds 4 Pro,YouTube,ietHsvH0V7Y,my redmi buds is connected to a huawei phone … in can hear the music  but when i use it to call someone… the other person can hear but i cannot hear him…how i solve the problem … more power and thank you ….,0,2022-11-15T09:35:21Z
Redmi Buds 4 Pro,YouTube,ietHsvH0V7Y,got them for 48usd 😍,1,2022-11-12T13:25:32Z
Redmi Buds 4 Pro,YouTube,ietHsvH0V7Y,Who cares abt wireless charging,1,2022-11-05T21:24:01Z
Redmi Buds 4 Pro,YouTube,ietHsvH0V7Y,"Hi bro! I have the same phone with the same earbuds. But mine has a very low volume, like it's on 50%. When my friend use it with his Redmi phone and then i use it will have high volume until i restart my phone. I tried to On/Off absolute bluetooth volume, downloaded the app, re-pairing, hard reset, but nothing. You don't have any problem with the volume?",1,2022-11-04T07:26:06Z
Redmi Buds 4 Pro,YouTube,ietHsvH0V7Y,59ms low latency is too much delay for fps game.,0,2022-10-28T07:23:31Z
Redmi Buds 4 Pro,YouTube,ietHsvH0V7Y,I have the Redmi buds 3 Pro and I want to ask if is it worth to upgrade to Redmi buds 4 Pro. Also I saw that there is a other one buds.... the Xiaomi buds 4 Pro... but unfortunately it is more expensive for me. So I would like to ask if is it worth from Redmi buds 3 Pro to Redmi buds 4 Pro. Thanks,2,2022-10-12T23:45:27Z
Redmi Buds 4 Pro,YouTube,ietHsvH0V7Y,Tol new subscriber here. Eto ba o 3T pro? Helppp hahaha,0,2022-10-08T17:30:31Z
Redmi Buds 4 Pro,YouTube,ietHsvH0V7Y,"Why are you just saying the specs, why not use it for a while and tell us something we don't know..... Ughhh",80,2022-09-22T20:34:40Z
Redmi Buds 4 Pro,YouTube,ietHsvH0V7Y,Can I use them as Hearing Aids? I'm facing mild to moderate hearing loss issue. Does the transparency enhanced voice feature help hearing better? Do the mics sound very crisp and clear? I work in a semiconductor factory with extremely noisy SMT machines so much I can't hear a person's voice unless he/she speaks right beside my ear.,2,2022-09-21T14:50:41Z
Redmi Buds 4 Pro,YouTube,ietHsvH0V7Y,"When these earbuds launched in India bro
Nice channel 👌 these earbuds have LDAC",0,2022-09-19T12:42:24Z
Redmi Buds 4 Pro,YouTube,ietHsvH0V7Y,Which one is better 3T pro or 4 pro .?,4,2022-09-17T10:43:17Z
Redmi Buds 4 Pro,YouTube,ietHsvH0V7Y,can't wait to get mine next week,0,2022-09-15T06:18:02Z
Redmi Buds 4 Pro,YouTube,ietHsvH0V7Y,"Which is better, this one or xiaomi buds 3t pro in audio quality?",2,2022-09-09T21:17:59Z
Redmi Buds 4 Pro,YouTube,ietHsvH0V7Y,oneplus buds z2 vs redmi buds 4 pro (regarding call and sound),1,2022-09-09T10:48:58Z
Redmi Buds 4 Pro,YouTube,ietHsvH0V7Y,"Nice video thank you. Can you check mic quality with background noise like cars, loud music so on.. And provide samples? There is one bud called basues bowi m2 and some video is out there even with head next to car engines you can hear the call not engine noise.. Im split between this and  that..",6,2022-09-08T13:49:18Z
Redmi Buds 4 Pro,YouTube,ietHsvH0V7Y,Redmi buds 4pro vs realme buds air3 vs nothing ear 1 vs oppo enco air 2 pro which one is better,3,2022-09-07T07:38:03Z
Redmi Buds 4 Pro,YouTube,ietHsvH0V7Y,Mi M8 is pronounced mi mate.,3,2022-09-07T02:11:29Z
Redmi Buds 4 Pro,YouTube,ietHsvH0V7Y,"Bro, does it have LDAC ?",1,2022-09-06T18:15:35Z
Redmi Buds 4 Pro,YouTube,ietHsvH0V7Y,I have a problem with redmi bud4 pro.When I watch movie the soumd is normal but when I paly the game like pubg pes  CoD in game sound is too low. How can I fixed it???,4,2022-09-05T04:34:04Z
Redmi Buds 4 Pro,YouTube,ietHsvH0V7Y,How much is the international version?,3,2022-09-01T10:35:38Z
Redmi Buds 4 Pro,YouTube,ietHsvH0V7Y,"if i take one bud out of my ear, will the music stop on both buds or only on the one which I took out? On my current earphones, the music stops on both buds an that's annoying",1,2022-08-31T04:30:58Z
Redmi Buds 4 Pro,YouTube,ietHsvH0V7Y,There is no global version,2,2022-08-30T16:47:17Z
Redmi Buds 4 Pro,YouTube,ietHsvH0V7Y,"Nice review, I can't wait for mine to arrive next week.",3,2022-08-28T13:11:17Z
Redmi Buds 4 Pro,YouTube,ietHsvH0V7Y,How good is the noise cancellation compared to other earbuds in the same price range?,8,2022-08-27T19:33:55Z
Redmi Buds 4 Pro,YouTube,ietHsvH0V7Y,naa na sad sha o. hahaha,0,2022-08-26T17:29:37Z
Redmi Buds 4 Pro,YouTube,ietHsvH0V7Y,does it work well with apple devices?,2,2022-08-26T11:31:38Z
Redmi Buds 4 Pro,YouTube,mA2OmQY4WuE,"Buy Xiaomi Redmi Buds 4 Pro: 
➨ https://ali.ski/xqXPB - Aliexpress
➨ https://amzn.to/3VYwb3Y - Amazon",0,2022-10-25T12:53:04Z
Redmi Buds 4 Pro,YouTube,mA2OmQY4WuE,Ist compatible with android,0,2023-11-27T21:26:58Z
Redmi Buds 4 Pro,YouTube,mA2OmQY4WuE,This one or jabra Elite 7 pro?,0,2023-11-08T18:50:08Z
Redmi Buds 4 Pro,YouTube,mA2OmQY4WuE,Does a 12mm dynamic driver sounds better than this 10mm+6mm dual driver?,3,2023-07-15T08:47:38Z
Redmi Buds 4 Pro,YouTube,mA2OmQY4WuE,"Rubbish. I bought it and can tell you for free, shit is just bland",0,2023-06-21T15:10:32Z
Redmi Buds 4 Pro,YouTube,mA2OmQY4WuE,Brother can you please discuss the Xiaomi earbuds app. Because  some other user the app is not functioning properly.,0,2023-05-07T22:38:24Z
Redmi Buds 4 Pro,YouTube,mA2OmQY4WuE,How is anc compared to airpods pro 2?,0,2023-04-11T07:19:59Z
Redmi Buds 4 Pro,YouTube,mA2OmQY4WuE,Good review!!!i bought yesterday this buds for my little sister,0,2023-04-10T01:44:18Z
Redmi Buds 4 Pro,YouTube,mA2OmQY4WuE,Can it be simultaneously connected with 2 devices???,0,2023-02-09T14:52:11Z
Redmi Buds 4 Pro,YouTube,mA2OmQY4WuE,What does the button on the bottom of the case do??,0,2023-01-18T14:33:56Z
Redmi Buds 4 Pro,YouTube,mA2OmQY4WuE,"Спасибо за обзор! Белые ничего, мне нравится, но сам попал в дилемму, белые или чёрные.",0,2023-01-12T09:40:57Z
Redmi Buds 4 Pro,YouTube,mA2OmQY4WuE,Pretty detail than the others explanation. U mentioned bout the 3level sound 👍🏻 need to figure this out coz I only got 2level 🤔,0,2023-01-08T16:07:46Z
Redmi Buds 4 Pro,YouTube,mA2OmQY4WuE,"the microphone of my Redmi Buds pro 4 headphones is not as good, it captures everything around me.
Pls help",0,2022-12-18T07:26:32Z
Redmi Buds 4 Pro,YouTube,mA2OmQY4WuE,Is the Mic really that bad ? I was hopping to get them...,0,2022-11-28T23:57:59Z
Redmi Buds 4 Pro,YouTube,mA2OmQY4WuE,Is it possible to use one buds only for playing or i need to use 2 buds?,0,2022-11-26T11:41:18Z
Redmi Buds 4 Pro,YouTube,mA2OmQY4WuE,I like matt plastic more. Because it provides a more premium look,0,2022-11-17T11:21:06Z
Redmi Buds 4 Pro,YouTube,mA2OmQY4WuE,"how about 360 sound, is that the same like airpod pro?",1,2022-10-26T14:02:47Z
Redmi Buds 4 Pro,YouTube,mA2OmQY4WuE,have u tired Baseus Bowie E9?,0,2022-10-06T06:25:20Z
Redmi Buds 4 Pro,YouTube,mA2OmQY4WuE,I have from the last year the: Redmi buds 3 Pro and I was thinking to buy the buds 4 Pro. Is this the good choice for me??,3,2022-09-24T16:20:17Z
Redmi Buds 4 Pro,YouTube,mA2OmQY4WuE,Does it connect to the iPhone just like the AirPods?,0,2022-09-08T16:41:47Z
Redmi Buds 4 Pro,YouTube,mA2OmQY4WuE,Does the gaming sound appear to come from different directions?,1,2022-09-06T01:07:13Z
Redmi Buds 4 Pro,YouTube,mA2OmQY4WuE,I wish you could try the LC3,0,2022-08-30T20:48:20Z
Redmi Buds 4 Pro,YouTube,mA2OmQY4WuE,"The design, and quality is a big downgrade from the buds 3 pro. I have the buds 3 pro and I would buy them again if need be, not sure if I'm ever gonna buy the buds 4 pro though. As for sound quality, I have no doubt the buds 4 pro sounds fantastic just like the buds 3 pro.",5,2022-08-22T20:07:27Z
Redmi Buds 4 Pro,YouTube,mA2OmQY4WuE,How the fc is this not fake.There is no product in Xiaomi offcial site abouth these...,1,2022-08-20T00:18:19Z
Redmi Buds 4 Pro,YouTube,mA2OmQY4WuE,Where can i buy it?,0,2022-08-18T16:00:45Z
Redmi Buds 4 Pro,YouTube,mA2OmQY4WuE,redmi buds 4 pro or liberty air 2 pro? which one is better?,2,2022-08-16T09:02:10Z
Redmi Buds 4 Pro,YouTube,mA2OmQY4WuE,"does it have the same low volume as the Buds 3 Pro had? The only thing I hate about it was the max low volume, did the 4 Pro's solved this? thanks",10,2022-08-15T13:31:49Z
Redmi Buds 4 Pro,YouTube,mA2OmQY4WuE,Do they connect with two devices simultaneously?,3,2022-08-14T13:09:40Z
Redmi Buds 4 Pro,YouTube,mA2OmQY4WuE,ngl the mic sounds terrible,0,2022-08-10T17:46:26Z
Redmi Buds 4 Pro,YouTube,mA2OmQY4WuE,"Why do you say they do not have game mode? on the website it says it has some ""gaming mode"" with 59ms latency. Could you please confirm?",0,2022-07-30T02:49:07Z
Redmi Buds 4 Pro,YouTube,mA2OmQY4WuE,"Підкажіть який у вас основний канал на ютуб? Як я розумію, тут ви викладаєте лише англомовні версії оглядів.",0,2022-07-28T07:30:43Z
Redmi Buds 4 Pro,YouTube,mA2OmQY4WuE,When they will come in Canada,0,2022-07-16T12:26:40Z
Redmi Buds 4 Pro,YouTube,mA2OmQY4WuE,I brought yesterday and  in game volume is so low  why??. IS that any problem,0,2022-07-15T15:07:05Z
Redmi Buds 4 Pro,YouTube,mA2OmQY4WuE,Does the case of redmi buds 3 lite fit on redmi buds 4 pro?,1,2022-07-13T13:53:55Z
Redmi Buds 4 Pro,YouTube,mA2OmQY4WuE,"Hey, thanks for the video. When will the Redmi Buds 4 and 4 pro be compared? I am thinking of buying one of them and waiting for your subjective opinion :)",5,2022-07-11T20:56:48Z
Redmi Buds 4 Pro,YouTube,mA2OmQY4WuE,"I actually ordered the white version because I'm tired of my headphoes/earbuds being black lol
And white looks kinda cool",6,2022-07-11T09:59:59Z
Redmi Buds 4 Pro,YouTube,mA2OmQY4WuE,work well on iOS? (combine with a xiaomi phone for the app),3,2022-07-09T17:07:09Z
Redmi Buds 4 Pro,YouTube,mA2OmQY4WuE,"excelent :3 man, can you tell me, if you have a huawei free buds pro, can you use the eartips from free buds pro in the redmi buds 4? ty",2,2022-07-09T06:19:38Z
Redmi Buds 4 Pro,YouTube,mA2OmQY4WuE,I like mate finish!,1,2022-07-08T14:39:18Z
Redmi Buds 4 Pro,YouTube,MG7ueVaitpM,"these or the liberty 4 nc,s ?",1,2024-01-18T14:31:51Z
Redmi Buds 4 Pro,YouTube,MG7ueVaitpM,"I would like to buy them for my daugthers, who are using iPhone. Do you maybe recommend Anker Soundcore Liberty 4 NC more? Sound quality, call quallity and fit to ear are most important factors.",1,2023-11-17T09:02:46Z
Redmi Buds 4 Pro,YouTube,MG7ueVaitpM,they're the best for the price,0,2023-09-20T21:54:06Z
Redmi Buds 4 Pro,YouTube,MG7ueVaitpM,I have just acquired Xiaomi Redmi Buds4pro but aren't responding to a power charge. What can I do? Please give me technical solutions.,0,2023-09-07T20:29:48Z
Redmi Buds 4 Pro,YouTube,MG7ueVaitpM,60 dollars!? lol i got them for like 20 now,0,2023-07-15T01:25:55Z
Redmi Buds 4 Pro,YouTube,MG7ueVaitpM,thank you for this great video brother,0,2023-06-28T16:43:00Z
Redmi Buds 4 Pro,YouTube,MG7ueVaitpM,this redmi buds or sony linkbuds s?which is better,0,2023-05-21T13:46:14Z
Redmi Buds 4 Pro,YouTube,MG7ueVaitpM,Watching this video from my redmi buds 4 pro...,1,2023-03-20T14:45:13Z
Redmi Buds 4 Pro,YouTube,MG7ueVaitpM,Do they have a gaming mode that limits the lag?,2,2023-03-13T08:57:40Z
Redmi Buds 4 Pro,YouTube,MG7ueVaitpM,I watched other tutorials on how to add buds but not useful as yours. Thanks!,0,2023-02-21T23:27:26Z
Redmi Buds 4 Pro,YouTube,MG7ueVaitpM,I have them.  They are fantastic especially for the price.  I spent 60 euros!  Unbelievable.  And a Redmi Note 11 and a Redmi Watch 2 lite.  All 3 for 350 euros and that price includes a 22% VAT here in Italy.  All 3 are high quality.  Don't understand how they can sell them at such a low price (it was Black Friday sale time but still).,15,2023-01-15T19:44:09Z
Redmi Buds 4 Pro,YouTube,MG7ueVaitpM,I have thease non pros🤗,0,2022-12-23T23:41:29Z
Redmi Buds 4 Pro,YouTube,MG7ueVaitpM,If you had to choose between the sound quality of this vs galaxy buds pro /galaxy buds2 pro and Oneplus buds which would u pick ?,0,2022-12-15T19:49:01Z
Redmi Buds 4 Pro,YouTube,MG7ueVaitpM,"If Enhance Voice enabled, will I still be able to hear some background noise?",0,2022-12-07T15:02:55Z
Redmi Buds 4 Pro,YouTube,MG7ueVaitpM,"Svaka čast momci, ubedili ste me da ih kupim. Pregledao sam dosta recenzija za ove slušalice, ali vaša je najbolja. Namerno sam izabrao ovu na engleskom 😉",1,2022-12-04T14:57:18Z
Redmi Buds 4 Pro,YouTube,MG7ueVaitpM,Great review. Thanks a lot,0,2022-12-03T11:15:30Z
Redmi Buds 4 Pro,YouTube,MG7ueVaitpM,Whats your top 3?,0,2022-12-01T20:04:57Z
Redmi Buds 4 Pro,YouTube,MG7ueVaitpM,I love your review the most. Great stuff!,1,2022-11-16T18:17:07Z
Redmi Buds 4 Pro,YouTube,MG7ueVaitpM,Thanks for the video. Best passion Tech House out there. Keep it rolling Bench 👌🏻,0,2022-10-18T22:56:35Z
Redmi Buds 4 Pro,YouTube,MG7ueVaitpM,BACK~,0,2022-10-18T14:35:06Z
Redmi Buds 4 Pro,YouTube,MG7ueVaitpM,Glad to see you guys are back,2,2022-10-18T09:07:33Z
Redmi Buds 4 Pro,YouTube,7CkW19V2Xqc,The irony is that the audio through the microphones in the earbuds is better than the audio via his webcam.,0,2025-12-09T17:40:44Z
Redmi Buds 4 Pro,YouTube,7CkW19V2Xqc,broken after about 1 year. the battery just gives out in one of them. no warranty or anything. dont buy.,0,2025-11-29T01:50:19Z
Redmi Buds 4 Pro,YouTube,7CkW19V2Xqc,This is just QCY Melobuds Pro premium version,0,2024-11-28T19:41:59Z
Redmi Buds 4 Pro,YouTube,7CkW19V2Xqc,Update the app works now with iPhone (:,1,2024-08-17T21:16:48Z
Redmi Buds 4 Pro,YouTube,7CkW19V2Xqc,what do you mean no annoying sub bass? no sub bass? no thank you...,0,2024-08-08T09:38:31Z
Redmi Buds 4 Pro,YouTube,7CkW19V2Xqc,Or maybe I did lol,0,2024-06-02T16:15:13Z
Redmi Buds 4 Pro,YouTube,7CkW19V2Xqc,Does they come with volume control? like single tap for volume up and down ?,0,2024-04-15T10:59:43Z
Redmi Buds 4 Pro,YouTube,7CkW19V2Xqc,How does the ANC compare to the airpods pro 2?,0,2024-04-15T04:20:30Z
Redmi Buds 4 Pro,YouTube,7CkW19V2Xqc,"Almost double price (OnePlus buds 3); they worth it? Im between those two..

One thing this is no discussion; they look very nice!",0,2024-03-24T21:50:03Z
Redmi Buds 4 Pro,YouTube,7CkW19V2Xqc,"Please..... which is the best???
xiaomi buds 4 pro vs redmi buds 5 pro.
The both of them are almost the same... but the price of the Xiaomi buds 4 Pro is very expensive.
Why,???",1,2024-02-26T16:16:13Z
Redmi Buds 4 Pro,YouTube,7CkW19V2Xqc,Is there any difference between China and Global version?,0,2024-02-08T09:28:10Z
Redmi Buds 4 Pro,YouTube,7CkW19V2Xqc,Can you review the buds 5 pro?,0,2024-01-18T10:45:07Z
Redmi Buds 4 Pro,YouTube,7CkW19V2Xqc,"xiaomi buds 5 review, they have better anc than this, at 1/5 the price.",0,2023-11-09T10:57:48Z
Redmi Buds 4 Pro,YouTube,7CkW19V2Xqc,Can we up or down the volume without touching the phone?,0,2023-10-06T08:00:44Z
Redmi Buds 4 Pro,YouTube,7CkW19V2Xqc,Overpriced trash,0,2023-09-02T10:55:17Z
Redmi Buds 4 Pro,YouTube,7CkW19V2Xqc,"Don't buy it, just bought it and returned it, the worst Noise cancellation I ever tested, can hear wind and even talking through the buds",1,2023-08-13T10:25:57Z
Redmi Buds 4 Pro,YouTube,7CkW19V2Xqc,Worth to pick these when i have Flipbuds Pro?,0,2023-08-12T22:13:56Z
Redmi Buds 4 Pro,YouTube,7CkW19V2Xqc,your background music is annoying.,0,2023-08-06T11:20:22Z
Redmi Buds 4 Pro,YouTube,7CkW19V2Xqc,"In a Starbucks can only hear a small bit of the cafe, but Im using these for Online teaching in Starbucks so my students cant hear the people in Starbucks. So it works great, but voice needs to be improved",0,2023-08-04T11:07:56Z
Redmi Buds 4 Pro,YouTube,7CkW19V2Xqc,"Hi bro , did you receive software update to fix all software issues on this buds 4 pro? Please update.",0,2023-08-03T09:49:31Z
Redmi Buds 4 Pro,YouTube,7CkW19V2Xqc,are there any differences between Xiaomi Earbuds 4 and 4 Pro? i cant decide,0,2023-08-02T14:12:48Z
Redmi Buds 4 Pro,YouTube,7CkW19V2Xqc,I have an issue when you are on discord while playing music on YouTube or playing games. The audio quality is so bad,0,2023-06-27T04:40:42Z
Redmi Buds 4 Pro,YouTube,7CkW19V2Xqc,"Thanks for the Video Sean,
How do you think they are compared to the sony link buds s ?
Thanks",1,2023-06-21T08:51:44Z
Redmi Buds 4 Pro,YouTube,7CkW19V2Xqc,Can you flash the CN version to Global? ther's an annoying price gap between the versions.,0,2023-06-17T16:18:41Z
Redmi Buds 4 Pro,YouTube,7CkW19V2Xqc,Can you compare it with earfun air pro 3,0,2023-06-10T01:59:09Z
Redmi Buds 4 Pro,YouTube,7CkW19V2Xqc,Have you reviewed anker liberty pro 4? I would like to see its accuracy in HR monitoring,0,2023-05-27T16:24:40Z
Redmi Buds 4 Pro,YouTube,7CkW19V2Xqc,"How do they compare to the previous flagship from Xiaomi, the Buds 3T Pro? Currently using them and have been extremely pleased with the quality for in ear headphones. So I was wondering whether it would be worth it to upgrade, once they are a bit cheaper.",4,2023-05-06T20:02:08Z
Redmi Buds 4 Pro,YouTube,7CkW19V2Xqc,This or baseus bowie m2 ? Which do you think is better?,0,2023-04-14T21:13:14Z
Redmi Buds 4 Pro,YouTube,7CkW19V2Xqc,Picked these up recently and gotta say they are fantastic!,3,2023-04-14T15:38:32Z
Redmi Buds 4 Pro,YouTube,7CkW19V2Xqc,"What's the upgrade and difference of Xiaomi Buds 4 Pro if ompared with Redmi Buds 4 Pro, please answer me",3,2023-04-05T19:14:55Z
Redmi Buds 4 Pro,YouTube,7CkW19V2Xqc,"Ty. What about ANC, sound and Spatial sound comparing to Oneplus buds 2 Pro. Is OnePlus superior for non-OnePlus phone with LDAC and LHDC support?",0,2023-03-27T16:35:50Z
Redmi Buds 4 Pro,YouTube,7CkW19V2Xqc,"Hey folks, I just picked these up and everything is fine except when I try to update the firmware it keeps coming back as an error occurring while syncing resulting in a no-go. I've tried everything I can think of without success. Has anyone else run into this problem and if so how did you get by it? To be honest this is really bothering me. Thanks!",0,2023-03-26T22:48:34Z
Redmi Buds 4 Pro,YouTube,7CkW19V2Xqc,Which one is better in terms of overall sound quality oneplus buds pro 2 or xiaomi buds 4 pro,1,2023-03-21T06:25:56Z
Redmi Buds 4 Pro,YouTube,7CkW19V2Xqc,Does this better than Sony xm4 earbud?,0,2023-03-18T13:45:44Z
Redmi Buds 4 Pro,YouTube,7CkW19V2Xqc,"Im still using the redmi buds 3pro.Road noise,wind,people talking,no buzzing sound on anc..All in all i love it.control also never disappoint",4,2023-03-17T14:39:05Z
Redmi Buds 4 Pro,YouTube,7CkW19V2Xqc,which one is the best considering the anc buds 4 pro or airpods 2 pro ?,2,2023-03-17T05:52:01Z
Redmi Buds 4 Pro,YouTube,7CkW19V2Xqc,"Which is the best in sound quality?
Xiaomi buds 4 pro 
Xiaomi flipbuds pro 
Sennheiser Momentum true wireless 3",0,2023-03-10T14:08:05Z
Redmi Buds 4 Pro,YouTube,7CkW19V2Xqc,Sean Thanks Much!,1,2023-03-08T15:44:26Z
Redmi Buds 4 Pro,YouTube,7CkW19V2Xqc,I bought the One plus buds pro 2. How do you like the Oneplus buds compared to the xaomi,3,2023-03-08T00:48:40Z
Redmi Buds 4 Pro,YouTube,7CkW19V2Xqc,Not having an adjustable EQ and some presets is a big No-No at this price point. Thank you for the review I always enjoy them. 💯👍🇺🇸,19,2023-03-07T22:35:44Z
Redmi Buds 4 Pro,YouTube,7CkW19V2Xqc,"Cool review on the upgrade.  Price is a bit up there for no gaming mode, but definitely agree the ANC is top notch.",4,2023-03-07T19:57:11Z
Redmi Buds 4 Pro,YouTube,7CkW19V2Xqc,What about to compare with Freebuds pro 2? Which are better,5,2023-03-07T19:06:02Z
Redmi Buds 4 Pro,YouTube,7CkW19V2Xqc,"I personally use and love my pixel buds, but these look awesome.",3,2023-03-07T14:37:02Z
Redmi Buds 4 Pro,YouTube,7CkW19V2Xqc,My god sean i haven't seen your videos for a while and you look damn good now! Keep it up!,3,2023-03-07T14:18:19Z
Redmi Buds 4 Pro,YouTube,7CkW19V2Xqc,"There's zero, I mean zero chance of someone going to a physical store or online to put $300 in these earbuds.

It's just the Redmi Buds 4 Pro under another name and 5 times more expensive. 

Xiaomi put this price on these earbuds because they are part of the gifts offered when pre-ordering a Xiaomi 13 / 13 Pro (sold excessively expensive) to give customers the impression that they have made a good deal, since they receive ''gifts'' of $300 earbuds + a TV ''worth'' $300-$400.

People will therefore have the false impression of having paid €1300 - €700 therefore €600 for the smartphone, which is completely false.  

Sorry, but for the 1st time in years that I have followed you and subscribed to this channel, I will give you a  👎🏽, I do not admit that you can participate in this kind of campaign bordering on scam .

🙏🏽",6,2023-03-07T13:07:11Z
Redmi Buds 4 Pro,YouTube,7CkW19V2Xqc,😃👍,3,2023-03-07T13:02:55Z
Redmi Buds 4 Pro,YouTube,7CkW19V2Xqc,"Only missed the available controls for it, are they good? I have a Soundpeats today, bought after watching your videos, and I love what they bring",2,2023-03-07T12:43:29Z
Redmi Buds 4 Pro,YouTube,7CkW19V2Xqc,"It's great to see Xiaomi competing with the big boys, with this truly premium offering! It really checks all the boxes! The call quality  was superb! 
But 290 dollars is a bit of a stretch l think! Especially when the Redmi bud4 pro are like 60,and the Xiaomi buds 4 are a, 110 dollars! 
Thank you for the detailed review as always Bro Sean✌🙂",12,2023-03-07T12:35:19Z
Redmi Buds 4 Pro,YouTube,7CkW19V2Xqc,BRO DID U FORGET TO TURN ON THE BACKGROUND NOISE IN CALL QUALITY TEST??? BECAUSE WTFFFFFFFFFF SO GOOD,39,2023-03-07T11:35:35Z
Redmi Buds 4 Pro,YouTube,JYsldJlbjJ0,May review ka po?,0,2024-04-09T06:55:10Z
Redmi Buds 4 Pro,YouTube,JYsldJlbjJ0,How's the battery life?,0,2023-12-08T13:36:07Z
Redmi Buds 4 Pro,YouTube,JYsldJlbjJ0,I got this today,1,2023-06-23T16:26:57Z
Redmi Buds 4 Pro,YouTube,JYsldJlbjJ0,How can I order??,0,2023-06-13T14:39:19Z
Redmi Buds 4 Pro,YouTube,JYsldJlbjJ0,💗💗💗💗💗,0,2022-10-19T23:18:53Z
Redmi Buds 4 Pro,YouTube,JYsldJlbjJ0,Cool huh!,0,2022-09-28T15:13:20Z
Redmi Buds 4 Pro,YouTube,JYsldJlbjJ0,First❤️,0,2022-09-28T14:38:51Z
Redmi Buds 4 Pro,YouTube,I6bCrZDfp4o,Don't bye them. The sound quality is very cheap.,1,2024-03-14T05:45:00Z
Redmi Buds 4 Pro,YouTube,I6bCrZDfp4o,No son originales así no es la caja y no trae 2 logos importantes el de hi-res y el de xiaomi,1,2023-10-13T20:00:02Z
Redmi Buds 4 Pro,YouTube,I6bCrZDfp4o,Is it the Chinese version?,0,2023-08-31T17:25:56Z
Redmi Buds 4 Pro,YouTube,I6bCrZDfp4o,"Don't buy this, buy redmi buds 3 lite instead.... it costs like 2 dollars and has a lot deeper bass, nicer vocals",2,2023-07-19T18:53:56Z
Redmi Buds 4 Pro,YouTube,I6bCrZDfp4o,I have them on rn and they don't get loud no bass nothing SMH,10,2023-06-07T14:41:06Z
Redmi Buds 4 Pro,YouTube,I6bCrZDfp4o,Is that support ldac?,2,2023-04-13T00:52:04Z
Redmi Buds 4 Pro,YouTube,I6bCrZDfp4o,"what about noise cancelling? 
and mic?",3,2023-03-05T20:13:18Z
Redmi Buds 4 Pro,YouTube,I6bCrZDfp4o,"Price these.👍
Buds launched
in india bro 👌",3,2022-09-24T15:46:50Z
Redmi Buds 4 Pro,YouTube,I6bCrZDfp4o,Ugh we still haven't got this in romania i wanna order them...,4,2022-09-23T20:12:12Z
Redmi Buds 4 Pro,YouTube,I6bCrZDfp4o,Price??,2,2022-08-18T01:06:47Z
Redmi Buds 4 Pro,YouTube,I6bCrZDfp4o,good with iphone?,0,2022-07-04T07:42:11Z
Redmi Buds 4 Pro,YouTube,I6bCrZDfp4o,Wireless charging?,3,2022-06-16T02:20:27Z
Redmi Buds 4 Pro,YouTube,uaEmAOtgqzs,"Hello, I have a Redmi Buds 4 Pro, last night after charging, the white light turned off and the red light turned on, my AirPods won't connect to the phone anymore, and it won't even reset, do you have a solution?",0,2025-01-09T10:14:03Z
Redmi Buds 4 Pro,YouTube,uaEmAOtgqzs,"I bought them, liked them but I don't know why right side bud started to have battery issue, i mean its battery backup has fallen to hardly one hour suddenly, i called Xiaomi but they all say no way to fix it, just buy new ones, that's really disappointing.",0,2024-10-25T11:30:51Z
Redmi Buds 4 Pro,YouTube,uaEmAOtgqzs,Huawei Freebuds 5i 🤟,0,2023-06-09T18:18:25Z
Redmi Buds 4 Pro,YouTube,uaEmAOtgqzs,"funny how ""Xiaomi Buds"" app is not even detecting my buds 4 pro",0,2022-11-26T15:52:16Z
Redmi Buds 4 Pro,YouTube,uaEmAOtgqzs,Bring it to Indonesia 🔥🔥🔥,0,2022-10-29T11:09:18Z
Redmi Buds 4 Pro,YouTube,uaEmAOtgqzs,"It'd be full of foolishness, if Xiomi follows Apple's new feature 'Eyeliner' as you know Apple has done it bcz of hiding piece of notch🤣

I see no matter to add this feature in Android world, Xiomi stopped being fooled around, for god sake!",0,2022-09-13T04:29:54Z
Redmi Buds 4 Pro,YouTube,uaEmAOtgqzs,We're waiting for the global version!,5,2022-09-09T06:30:27Z
Redmi Buds 4 Pro,YouTube,uaEmAOtgqzs,Price in india?,0,2022-09-05T07:13:27Z
Redmi Buds 4 Pro,YouTube,uaEmAOtgqzs,I have an problem when I play the game in game sound too low for bud 4 oro. Can someone explain me??,1,2022-09-05T04:30:53Z
Redmi Buds 4 Pro,YouTube,uaEmAOtgqzs,what's the phone in the ad?,0,2022-09-02T19:19:58Z
Redmi Buds 4 Pro,YouTube,uaEmAOtgqzs,"Bring this product to Indonesia, Please that's awesome a new Design",1,2022-09-02T03:12:49Z
Redmi Buds 4 Pro,YouTube,uaEmAOtgqzs,"When it's going to lonch in India, we are waiting",2,2022-09-01T20:41:16Z
Redmi Buds 4 Pro,YouTube,uaEmAOtgqzs,Good.,0,2022-09-01T19:36:56Z
Redmi Buds 4 Pro,YouTube,uaEmAOtgqzs,these earbuds will be great with dolby atmos,6,2022-09-01T19:00:28Z
Redmi Buds 4 Pro,YouTube,uaEmAOtgqzs,"Xiaomi/Huami fix the Xiaomi Band 7 bug.
""The always-on heartbeat bug.""
Even when deactivating, the measurement continues.
Looks like they're releasing stuff at the last minute without planning!
It will lose ground to its rival Huawei!",0,2022-09-01T15:42:43Z
Redmi Buds 4 Pro,YouTube,uaEmAOtgqzs,🙏🙏🙏🙏🙏🙏❤️❤️❤️❤️❤️#️⃣#️⃣#️⃣,1,2022-09-01T15:22:53Z
Redmi Buds 4 Pro,YouTube,uaEmAOtgqzs,💜,0,2022-09-01T15:06:02Z
Redmi Buds 4 Pro,YouTube,uaEmAOtgqzs,Hopefully it launches in Indonesia 🙏🙏,2,2022-09-01T14:52:40Z
Redmi Buds 4 Pro,YouTube,uaEmAOtgqzs,👍,0,2022-09-01T14:28:10Z
Redmi Buds 4 Pro,YouTube,uaEmAOtgqzs,it's a fantastic sound quality with aac turn on,15,2022-09-01T14:15:38Z
Redmi Buds 4 Pro,YouTube,uaEmAOtgqzs,Hi,0,2022-09-01T13:55:34Z
Redmi Buds 4 Pro,YouTube,uaEmAOtgqzs,Yass please launch in Romania already...,0,2022-09-01T13:46:14Z
Redmi Buds 4 Pro,YouTube,uaEmAOtgqzs,F*** Samsung,0,2022-09-01T13:09:26Z
Redmi Buds 4 Pro,YouTube,uaEmAOtgqzs,"👍🏽
62",0,2022-09-01T13:06:34Z
Redmi Buds 4 Pro,YouTube,uaEmAOtgqzs,Fantastic,0,2022-09-01T13:02:26Z
Redmi Buds 4 Pro,YouTube,uaEmAOtgqzs,Woow,0,2022-09-01T13:02:13Z
Redmi Buds 4 Pro,YouTube,8Jh4ygsZ6Z8,that's the phone microphone,0,2025-05-14T00:21:03Z
Redmi Buds 4 Pro,YouTube,1eqePVr83oE,What is the app you are using?,0,2024-08-24T19:30:00Z
Redmi Buds 4 Pro,YouTube,1eqePVr83oE,I can't find the option Sound Effects in the app (Mi buds M8),2,2023-10-16T13:45:39Z
Redmi Buds 4 Pro,YouTube,1eqePVr83oE,How this app named?,0,2023-09-09T08:32:02Z
Redmi Buds 4 Pro,YouTube,ondocyoGZRo,Global or china version,0,2023-04-03T21:12:16Z
Redmi Buds 4 Pro,YouTube,ondocyoGZRo,Cool!,0,2023-03-13T12:44:09Z
Redmi Buds 4 Pro,YouTube,-CQUKjUO9uk,Watching this with Xiaomi Buds 4 Pro. 😄🙃 Please like and subscribe if you like! Thanks 💯✌,5,2023-02-26T16:10:50Z
Redmi Buds 4 Pro,YouTube,-CQUKjUO9uk,Je souhaiterais savoir en par contre un renseignement si je peux prendre ce modèle là chez Aliexpress que j'ai vu un prix intéressant avec toutes les fonctionnalités qu'on a parlé,0,2024-12-14T14:23:04Z
Redmi Buds 4 Pro,YouTube,-CQUKjUO9uk,Can u please tell me how do these earphones compare to samsung galaxy buds 2 pro,0,2024-11-02T15:35:14Z
Redmi Buds 4 Pro,YouTube,-CQUKjUO9uk,"Please help me. First day with my new Xiaomi buds 4 Pro. But I have problem because unfortunately they don't respond to my fingers commands, on either headset. On the first connection, it also did a software upgrade....but the problem remains. I don't know what could be wrong. can anyone help?",0,2024-01-20T23:59:51Z
Redmi Buds 4 Pro,YouTube,-CQUKjUO9uk,How are they compared to the sony link buds s and airpods pro 2 ?,0,2023-06-22T19:50:40Z
Redmi Buds 4 Pro,YouTube,-CQUKjUO9uk,What's the actual difference to the Chinese version?,0,2023-06-17T16:55:14Z
Redmi Buds 4 Pro,YouTube,-CQUKjUO9uk,Is it better that Airpods pro?,0,2023-04-26T13:05:12Z
Redmi Buds 4 Pro,YouTube,-CQUKjUO9uk,Where can we buy it?,0,2023-04-23T16:31:38Z
Redmi Buds 4 Pro,YouTube,-CQUKjUO9uk,Does it better than Sony xm4 earbud?,0,2023-03-18T13:49:41Z
Redmi Buds 4 Pro,YouTube,-CQUKjUO9uk,what is that phone you are using?,1,2023-03-02T06:41:26Z
Redmi Buds 4 Pro,YouTube,-CQUKjUO9uk,Too expensive not worth it,0,2023-02-27T18:36:38Z
Redmi Buds 4 Pro,YouTube,-CQUKjUO9uk,Design is very interesting finally something different. 👍,1,2023-02-27T05:47:47Z
Redmi Buds 4 Pro,YouTube,-CQUKjUO9uk,"Hi Nikolay , Perfect !",1,2023-02-26T18:32:03Z
Redmi Buds 4 Pro,YouTube,-CQUKjUO9uk,The buds are the exact replica of one plus buds pro,0,2023-02-26T17:45:51Z
Redmi Buds 4 Pro,YouTube,-CQUKjUO9uk,How is it compared to Oppo's and Sony's flagship TWS?,6,2023-02-26T16:12:38Z
Redmi Buds 4 Pro,YouTube,-CQUKjUO9uk,🤗,4,2023-02-26T16:10:47Z
Redmi Buds 4 Pro,YouTube,-haY35xNRIg,Watching this with Redmi Buds 4 PRO and YOU? 😄🙃 Please like and subscribe if you like! Thanks 💯✌,7,2022-09-11T11:41:07Z
Redmi Buds 4 Pro,YouTube,-haY35xNRIg,heyywhat's the difference of the china set and global set?,0,2023-07-31T10:50:54Z
Redmi Buds 4 Pro,YouTube,-haY35xNRIg,How to enable 3d sound it's not working for me,0,2023-03-09T15:47:59Z
Redmi Buds 4 Pro,YouTube,-haY35xNRIg,Hello..... I have the Redmi buds 3 Pro and I was thinking to upgrade with Redmi buds 4 Pro. It's worth it????,1,2022-10-17T08:00:13Z
Redmi Buds 4 Pro,YouTube,-haY35xNRIg,Is there any airpods pro 2 clones now in china?,1,2022-09-20T03:35:21Z
Redmi Buds 4 Pro,YouTube,-haY35xNRIg,Need video with new Iwo Apple watch ultra clone,0,2022-09-18T16:54:10Z
Redmi Buds 4 Pro,YouTube,-haY35xNRIg,I miss the fake apple watch videos☹️,1,2022-09-17T07:11:44Z
Redmi Buds 4 Pro,YouTube,-haY35xNRIg,We need video with the new apple watch bands! Thank you!,1,2022-09-16T19:02:45Z
Redmi Buds 4 Pro,YouTube,-haY35xNRIg,Waiting for iphone 14 pro max shopping from shenzen please explore the Shenzhen market early waiting no YouTuber has made video,1,2022-09-16T13:04:48Z
Redmi Buds 4 Pro,YouTube,-haY35xNRIg,is there a link for it?,0,2022-09-15T17:45:29Z
Redmi Buds 4 Pro,YouTube,-haY35xNRIg,How is the low latency mode in pubg game?,0,2022-09-11T20:32:28Z
Redmi Buds 4 Pro,YouTube,-haY35xNRIg,How about phone conversations in noisy place? Is the microphone can separate voice from outer noise?,1,2022-09-11T13:58:36Z
Redmi Buds 4 Pro,YouTube,-haY35xNRIg,"Hi Nikolay , Super !",1,2022-09-11T12:19:47Z
Redmi Buds 4 Pro,YouTube,-haY35xNRIg,Better and cheaper than Apple AirPods Pro ⭐🌟⭐🌟,3,2022-09-11T11:48:08Z
Redmi Buds 4 Pro,YouTube,-haY35xNRIg,"Nice Video
Love from Bangladesh ❤️❤️❤️",1,2022-09-11T11:41:03Z
Redmi Buds 4 Pro,YouTube,-haY35xNRIg,1st,1,2022-09-11T11:40:10Z
Redmi Buds 4 Pro,YouTube,wmc0vh555KI,which redmi buds are the best for the gym (factors are just loudness and it has a bean design),0,2024-09-16T13:13:01Z
Redmi Buds 4 Pro,YouTube,wmc0vh555KI,How they removing wear detection 💀,3,2024-06-02T17:42:28Z
Redmi Buds 4 Pro,YouTube,wmc0vh555KI,5pro aldım pişmanım,1,2024-04-21T10:59:19Z
Redmi Buds 4 Pro,YouTube,wmc0vh555KI,Whis the best ?,0,2024-02-29T20:01:17Z
Redmi Buds 4 Pro,YouTube,wmc0vh555KI,"Please...help me.... which is the best???
xiaomi buds 4 pro vs redmi buds 5 pro.
The both of them are almost the same... but the price of the Xiaomi buds 4 Pro is very expensive.
Why,???",1,2024-02-26T16:09:24Z
Redmi Buds 4 Pro,YouTube,wmc0vh555KI,i do not know what buds to buy i did not havy any to this time what shoud i pick? ( i do not understend half of the vide pls help),3,2024-01-30T10:10:14Z
Redmi Buds 4 Pro,YouTube,wmc0vh555KI,ios compatible?,1,2024-01-18T07:35:25Z
Redmi Buds 4 Pro,YouTube,wmc0vh555KI,using redmi buds 4 pro.. no reason to upgrade.. thanks for this comparison video,1,2024-01-15T07:34:12Z
Redmi Buds 4 Pro,YouTube,wmc0vh555KI,Redmi Buds 4 Pro the best!!!,14,2023-12-27T16:39:08Z
Redmi Buds 4 Pro,YouTube,wmc0vh555KI,"My last buds were the redmi buds 3 pro, if i buy the 5 buds pro, i can feel ghe difference?",5,2023-12-26T08:29:50Z
Redmi Buds 4 Pro,YouTube,wmc0vh555KI,So the 5 pro doesnt have ldac only lhdc ?!,9,2023-12-08T12:35:31Z
Redmi Buds 4 Pro,YouTube,wmc0vh555KI,thanks for video,2,2023-12-06T00:34:36Z
Redmi Buds 4 Pro,YouTube,xn06fdbbeXk,You have half of the things right And the other half you dont have right,0,2024-03-09T18:57:30Z
Redmi Buds 4 Pro,YouTube,xn06fdbbeXk,Name of sound track please?,1,2023-11-09T12:29:18Z
Redmi Buds 4 Pro,YouTube,xn06fdbbeXk,Наушники гавно,1,2023-05-19T05:26:22Z
Redmi Buds 4 Pro,YouTube,xn06fdbbeXk,"@3:34 redmi buds 4 pro has ""transfarency mode"" which is doing the same thing with ambient mode. RB4pro also has the all new immersive sound features which allows to simulate real life sounds like you're watching live concerts, etc...which is not on AAPpro. One more thing I like about RB4pro is the innovative wind noise reduction while you do jogging, running, cycling or riding vehicles. And with the 43dB ANC effectively reduces the unwanted noice around you. And one last thing I like about RB4pro is the ""find your earphones features""  with the bluetooth connection range, you can use the xiaomi earbuds app to locate your earbuds by playing a sound through either one.",11,2023-03-07T12:49:50Z
Redmi Buds 4 Pro,YouTube,2ObpIOQrZwU,Last one i like 😅😅😂😂,0,2025-12-21T03:04:02Z
Redmi Buds 4 Pro,YouTube,2ObpIOQrZwU,"STAY AWAY: boAt is a Total Scam and a Waste of Hard-Earned Money!

I am writing this to warn every single person out there: 
Do NOT fall for the marketing trap set by boAt. 

My experience with this company over the last four years has been nothing short of pathetic, and I’m done keeping quiet about this ""scumbag"" brand.

1) The ""3-Month"" Disposable Headphones
Four years ago, I fell for the hype and ordered a pair of their headphones(bassheads). They looked flashy in the ads, but the reality was a joke. Within 3 months, they were completely dead. One side stopped working, the plastic felt like it was made from recycled trash, and the ""premium sound"" they promise is just muddy, boosted bass to hide the terrible hardware. My 2000 rupees wasted instantly.

2) The Smartwatch That Software Killed
Thinking maybe it was a one-off issue, I made the mistake of buying the boAt Extend Smartwatch two years ago. It barely lasted 8 months.
Do you know how it died? A simple software update via their own app (boat wave) bricked the entire watch. It went from a working device to a useless piece of black glass overnight. When a company’s own ""update"" kills its product, you know their tech is absolute garbage. Again, 3000 rupees wasted instantly.

The Truth: Cheap Rebrands & Zero Value

Here is what boAt doesn't want you to know: They aren't ""making"" anything innovative. They are a white-labeling agency. They source the cheapest, ""cheapsteak"" electronics from local Chinese markets, slap a boAt logo on them, and sell them to Indian consumers at inflated prices under the guise of being a ""homegrown"" brand.

Quality: Laughable.
VFM (Value for Money): Zero. You are paying for their massive marketing budget, not the product.

After-Sales Service: Forget about it. If your product dies (and it will), their customer service will ghost you or give you the runaround until your warranty expires.

Final Verdict: Do yourself a favor and buy from a brand that actually invests in R&D and quality control instead of just ""cool"" advertisements. 

boAt is selling disposable e-waste, Don't be their next victim. Buy products that made of superior quality which lasts longer and help save  both your hard earned money and the environment.",0,2025-12-19T10:02:26Z
Redmi Buds 4 Pro,YouTube,2ObpIOQrZwU,Aktk 😂,0,2025-12-15T04:12:05Z
Redmi Buds 4 Pro,YouTube,2ObpIOQrZwU,"Your budget 10.000
My budget 260",0,2025-11-23T17:25:30Z
Redmi Buds 4 Pro,YouTube,2ObpIOQrZwU,Tu thoda sa _______ hai kya,0,2025-11-19T18:59:31Z
Redmi Buds 4 Pro,YouTube,2ObpIOQrZwU,7999😂😂😂😂,0,2025-11-19T18:59:13Z
Redmi Buds 4 Pro,YouTube,2ObpIOQrZwU,One plus buds 4 caused earpain,0,2025-11-13T02:35:56Z
Redmi Buds 4 Pro,YouTube,2ObpIOQrZwU,kab ayega offer ?,0,2025-11-11T19:53:35Z
Redmi Buds 4 Pro,YouTube,2ObpIOQrZwU,JBL is best,0,2025-10-24T19:53:49Z
Redmi Buds 4 Pro,YouTube,2ObpIOQrZwU,Any recommendations for half in ear (without silicone tips)?,0,2025-10-14T18:10:31Z
Redmi Buds 4 Pro,YouTube,2ObpIOQrZwU,New earbuds/headphones almost are coming with ANC just a change in dB numbers but don't you think this ANC does harm Ears.,0,2025-10-02T06:43:12Z
Redmi Buds 4 Pro,YouTube,2ObpIOQrZwU,"I got one plus buds 4 for 4400 in amazone sale with coupon, bank+ prime discount",0,2025-09-30T16:33:48Z
Redmi Buds 4 Pro,YouTube,2ObpIOQrZwU,Sir g mai aaj ye oneplus buds 4 liya hu pr 80% ke upar jate hi bass kam ho ja rha hai...!? Mere me kya karu mai😢 kya aapne v same ho rha hai ya mere me hi ho rha hai ye please 🙏🥺 comment me...!? Please,2,2025-09-30T11:04:59Z
Redmi Buds 4 Pro,YouTube,2ObpIOQrZwU,Only oneplus,0,2025-09-28T05:53:09Z
Redmi Buds 4 Pro,YouTube,2ObpIOQrZwU,Got airpods pro 2 for 15k,0,2025-09-26T20:04:34Z
Redmi Buds 4 Pro,YouTube,2ObpIOQrZwU,I bought the OnePlus buds 4. The sound quality is great also it's anc really surprised me.,0,2025-09-25T20:14:04Z
Redmi Buds 4 Pro,YouTube,2ObpIOQrZwU,Garibo ke liye kuch 😂,0,2025-09-25T10:48:25Z
Redmi Buds 4 Pro,YouTube,2ObpIOQrZwU,I got OnePlus buds 4 for 4379 only Offer Applied,0,2025-09-25T00:31:35Z
Redmi Buds 4 Pro,YouTube,2ObpIOQrZwU,Is flipkart an authorized seller of oneplus buds?,0,2025-09-24T12:17:24Z
Redmi Buds 4 Pro,YouTube,2ObpIOQrZwU,Got oneplus buds 4 for 4300 on Amazon,0,2025-09-24T06:38:00Z
Redmi Buds 4 Pro,YouTube,2ObpIOQrZwU,Aalu khaoge? 🥔,0,2025-09-23T12:47:44Z
Redmi Buds 4 Pro,YouTube,2ObpIOQrZwU,No galaxy buds core?,0,2025-09-23T10:04:33Z
Redmi Buds 4 Pro,YouTube,2ObpIOQrZwU,Realme Buds Air 7 pro is a good option ❓,0,2025-09-22T17:02:31Z
Redmi Buds 4 Pro,YouTube,2ObpIOQrZwU,Ordered buds4 ₹4.3k by sbi cc offer,0,2025-09-22T16:11:01Z
Redmi Buds 4 Pro,YouTube,2ObpIOQrZwU,"Nope... the World class deal is OnePlus Buds Pro 2 ! it's now all time lowest pricing, ~₹6000 , already OUT OF STOCK in Ajio, still few products left in Flipkart & Amazon ... Grab it asap !!",0,2025-09-22T14:58:58Z
Redmi Buds 4 Pro,YouTube,2ObpIOQrZwU,I had bought the nord buds prob3 at 2099 in August faltu ka ullu bna rhe hai,0,2025-09-22T13:35:13Z
Redmi Buds 4 Pro,YouTube,2ObpIOQrZwU,This is not at all a promotion.,0,2025-09-22T09:34:31Z
Redmi Buds 4 Pro,YouTube,2ObpIOQrZwU,"Buds 4 are not good, i am using them",0,2025-09-22T04:04:04Z
Redmi Buds 4 Pro,YouTube,2ObpIOQrZwU,Is it worth spending extra for buds 4 over nord buds 3 pro?,0,2025-09-22T02:14:43Z
Redmi Buds 4 Pro,YouTube,2ObpIOQrZwU,One plus nord buds 3 pro at 2000 really??,0,2025-09-21T18:28:03Z
Redmi Buds 4 Pro,YouTube,2ObpIOQrZwU,where can i find the ONEPLUS NORD BUDS 3 PRO for 2099rs please tell me i will buy them right away,0,2025-09-21T13:06:34Z
Redmi Buds 4 Pro,YouTube,2ObpIOQrZwU,What about Nord Buds 3 ?,0,2025-09-21T02:11:11Z
Redmi Buds 4 Pro,YouTube,2ObpIOQrZwU,Anything more than thousand is nope for me.,0,2025-09-20T22:42:58Z
Redmi Buds 4 Pro,YouTube,2ObpIOQrZwU,"If these OnePlus Nord Buds 3 Pro are actually available for ₹2099, I will definitely buy them in this sale.",0,2025-09-20T20:37:39Z
Redmi Buds 4 Pro,YouTube,2ObpIOQrZwU,Hey #Rupesh do make a video for headphones too?,0,2025-09-20T17:28:16Z
Redmi Buds 4 Pro,YouTube,2ObpIOQrZwU,Yep it is see on trakun tech english he has also posted same video 😂,0,2025-09-20T11:50:52Z
Redmi Buds 4 Pro,YouTube,2ObpIOQrZwU,This video is in collab with OnePlus India.,0,2025-09-20T10:18:15Z
Redmi Buds 4 Pro,YouTube,2ObpIOQrZwU,Oneplus buds pro 2 ka price 5k hai Tatacliq me...lena thik hoga kya...mera S23ultra hai...koi botao na vai...,0,2025-09-20T08:11:51Z
Redmi Buds 4 Pro,YouTube,2ObpIOQrZwU,"I cant find any offers
Mf..",0,2025-09-20T04:51:02Z
Redmi Buds 4 Pro,YouTube,2ObpIOQrZwU,Want this kinda tws sale offer price range between 7000 to 10000,1,2025-09-20T04:41:26Z
Redmi Buds 4 Pro,YouTube,2ObpIOQrZwU,couldn’t find the deal for one plus buds 4  anywhere. can anyone help me out?,0,2025-09-20T01:02:59Z
Redmi Buds 4 Pro,YouTube,2ObpIOQrZwU,"Nord 3 1599 on Amazon 
Nord 2r 1299",0,2025-09-19T20:27:58Z
Redmi Buds 4 Pro,YouTube,2ObpIOQrZwU,moto buds bass does not need offer it's only 2000 it's has 50db ANC LDAC Hi Res audio,0,2025-09-19T19:05:28Z
Redmi Buds 4 Pro,YouTube,2ObpIOQrZwU,"Can you suggest me a neckbud 
with both ANC and ENC.",0,2025-09-19T18:17:58Z
Redmi Buds 4 Pro,YouTube,2ObpIOQrZwU,Where is the deal😅😅,0,2025-09-19T17:59:46Z
Redmi Buds 4 Pro,YouTube,2ObpIOQrZwU,Itna kaam to nahi dikha raha he .,0,2025-09-19T09:18:42Z
Redmi Buds 4 Pro,YouTube,2ObpIOQrZwU,Buds3 can't play hi res because bluetooth cant transfer hi res,0,2025-09-19T03:51:05Z
Redmi Buds 4 Pro,YouTube,2ObpIOQrZwU,There are no deals on the oneplus buds 4??,0,2025-09-19T02:12:03Z
Redmi Buds 4 Pro,YouTube,2ObpIOQrZwU,Do one for overhead headphones,0,2025-09-18T18:53:43Z
Redmi Buds 4 Pro,YouTube,2ObpIOQrZwU,Any deals on sennheiser??,0,2025-09-18T14:25:57Z
Redmi Buds 4 Pro,YouTube,2ObpIOQrZwU,Buds 4 is really good. Personal experience.,0,2025-09-18T13:03:39Z
Redmi Buds 4 Pro,YouTube,2ObpIOQrZwU,"What did you go for, sire?",0,2025-09-18T12:48:17Z
Redmi Buds 4 Pro,YouTube,2ObpIOQrZwU,"5000 ke earbuds 😢, kuch jyada mehenge nahi ho gaye",0,2025-09-18T10:17:57Z
Redmi Buds 4 Pro,YouTube,2ObpIOQrZwU,There was a time when we used to buy 100/- earphones which worked like a charm. Now we have to spend 5000/- and still cannot get anywhere closer.,0,2025-09-18T09:20:22Z
Redmi Buds 4 Pro,YouTube,2ObpIOQrZwU,"I need to buy new headphones in this sale so can anyone tell me which one to buy 
My budget is between 1000-1500",0,2025-09-18T07:20:08Z
Redmi Buds 4 Pro,YouTube,2ObpIOQrZwU,Bud3 me koyi offer nahi he,0,2025-09-18T06:07:37Z
Redmi Buds 4 Pro,YouTube,2ObpIOQrZwU,Please make a similar type of video for headphones,0,2025-09-18T05:18:14Z
Redmi Buds 4 Pro,YouTube,2ObpIOQrZwU,Kitna paisa mila bhiya,0,2025-09-18T04:30:02Z
Redmi Buds 4 Pro,YouTube,2ObpIOQrZwU,Rupesh following tech wiser?,0,2025-09-18T04:03:16Z
Redmi Buds 4 Pro,YouTube,2ObpIOQrZwU,So buds 4 are gonna go for 4.8k what about realme air 7 pro,0,2025-09-18T03:44:55Z
Redmi Buds 4 Pro,YouTube,2ObpIOQrZwU,Sillycorns pls don't turn into techwiser,1,2025-09-18T03:26:52Z
Redmi Buds 4 Pro,YouTube,2ObpIOQrZwU,Which one is good for iPhone 13,0,2025-09-18T03:08:37Z
Redmi Buds 4 Pro,YouTube,2ObpIOQrZwU,"Bhaiya, kuch ₹2k ke niche true wireless wala bata dijeye",0,2025-09-18T01:42:19Z
Redmi Buds 4 Pro,YouTube,2ObpIOQrZwU,No thanks IEMs better,1,2025-09-17T22:56:20Z
Redmi Buds 4 Pro,YouTube,2ObpIOQrZwU,Real me air 7,0,2025-09-17T21:18:34Z
Redmi Buds 4 Pro,YouTube,2ObpIOQrZwU,Is it including bank discount,0,2025-09-17T20:39:40Z
Redmi Buds 4 Pro,YouTube,2ObpIOQrZwU,Are there any deals on sennheiser momentum tws 4 ??,0,2025-09-17T19:51:48Z
Redmi Buds 4 Pro,YouTube,2ObpIOQrZwU,Tum normally baat nahi kar sakte?,1,2025-09-17T19:18:51Z
Redmi Buds 4 Pro,YouTube,2ObpIOQrZwU,s24u aur bhut se premium smartphon4 LHDC 5.0 support ni krte ldac krte h lhdc krte h ....oneplus buds 4 ka kya krnge ? realme buds air 7 pro b lhdc 5.0 hai,0,2025-09-17T19:16:00Z
Redmi Buds 4 Pro,YouTube,2ObpIOQrZwU,Is that first one nord?,0,2025-09-17T19:13:07Z
Redmi Buds 4 Pro,YouTube,2ObpIOQrZwU,What do you think about samsung galaxy a55...in this sale!!!!,0,2025-09-17T18:57:40Z
Redmi Buds 4 Pro,YouTube,2ObpIOQrZwU,What about oneplus buds 3..?!,0,2025-09-17T18:44:19Z
Redmi Buds 4 Pro,YouTube,2ObpIOQrZwU,Recieved five zero zero rupees on paytm 😂😂,3,2025-09-17T18:40:21Z
Redmi Buds 4 Pro,YouTube,2ObpIOQrZwU,Tell me it's an ad promo without telling it's an ad promo 🤣,225,2025-09-17T18:28:15Z
Redmi Buds 4 Pro,YouTube,2ObpIOQrZwU,With card discounts?or without?,0,2025-09-17T18:24:09Z
Redmi Buds 4 Pro,YouTube,2ObpIOQrZwU,"What about OnePlus buds 2pro ,I guess you can get them at 6k now although they r old",0,2025-09-17T18:16:15Z
Redmi Buds 4 Pro,YouTube,2ObpIOQrZwU,What about on the ear ones,0,2025-09-17T18:05:51Z
Redmi Buds 4 Pro,YouTube,2ObpIOQrZwU,Forget all these and get the Sennheiser Accentum or the Sony Ult900 if you want to sit at some place and listen to good music.  Top tier headphones for the price.,0,2025-09-17T17:50:50Z
Redmi Buds 4 Pro,YouTube,2ObpIOQrZwU,"OnePlus is nailing with its tws, hands down the best in the market",0,2025-09-17T17:39:31Z
Redmi Buds 4 Pro,YouTube,2ObpIOQrZwU,Add for OnePlus,0,2025-09-17T17:12:33Z
Redmi Buds 4 Pro,YouTube,2ObpIOQrZwU,On which site oneplus nord 3pro buds are for 2099....???,21,2025-09-17T17:03:12Z
Redmi Buds 4 Pro,YouTube,2ObpIOQrZwU,Going for buds 4 😊 from realme bud air 5 pro,0,2025-09-17T16:27:51Z
Redmi Buds 4 Pro,YouTube,2ObpIOQrZwU,"Please tell me, 
How much discount on OnePlus Buds 3?",10,2025-09-17T16:15:11Z
Redmi Buds 4 Pro,YouTube,2ObpIOQrZwU,Wb buds 2 pro,0,2025-09-17T16:10:58Z
Redmi Buds 4 Pro,YouTube,2ObpIOQrZwU,"So with bank offers one+ buds 4 will be at around 4.5k....noice
But I'll wait and see the price of Fun ear 4 pro",0,2025-09-17T15:18:42Z
Redmi Buds 4 Pro,YouTube,2ObpIOQrZwU,What about SPACETRAVEL MOONDROP TWS?,3,2025-09-17T15:10:07Z
Redmi Buds 4 Pro,YouTube,2ObpIOQrZwU,"Don't buy OnePlus, I've purchased buds pro 2 and at first one side of earbud gone mad an then battery gone bad.😎",0,2025-09-17T14:50:23Z
Redmi Buds 4 Pro,YouTube,2ObpIOQrZwU,Make same video where offered price is under 1000,3,2025-09-17T14:47:55Z
Redmi Buds 4 Pro,YouTube,2ObpIOQrZwU,Make some budget buds,0,2025-09-17T14:17:36Z
Redmi Buds 4 Pro,YouTube,2ObpIOQrZwU,First one is oneplus nord buds 3 Pro,0,2025-09-17T14:11:36Z
Redmi Buds 4 Pro,YouTube,2ObpIOQrZwU,Is single brand manufacturing earbuds?,14,2025-09-17T14:02:42Z
Redmi Buds 4 Pro,YouTube,2ObpIOQrZwU,I think this Short is an add for oneplus,620,2025-09-17T13:52:21Z
Redmi Buds 4 Pro,YouTube,2ObpIOQrZwU,Oneplus buds 3 le sakte hai 4k me,2,2025-09-17T13:47:34Z
Redmi Buds 4 Pro,YouTube,2ObpIOQrZwU,will buy Oneplus buds 4 ❤ 🎉,0,2025-09-17T13:41:50Z
Redmi Buds 4 Pro,YouTube,2ObpIOQrZwU,DAMN! The nord buds 3 pro is literally a steal then...🤔,67,2025-09-17T13:35:22Z
Redmi Buds 4 Pro,YouTube,2ObpIOQrZwU,Realme buds air 5 is in sale ₹2299 is that good to buy ? Budget is tight so I can't go higher,3,2025-09-17T13:25:52Z
Redmi Buds 4 Pro,YouTube,2ObpIOQrZwU,What about galaxy buds 3 pro,0,2025-09-17T13:21:11Z
Redmi Buds 4 Pro,YouTube,2ObpIOQrZwU,What about deals on nord 3 and nord 3r buds,42,2025-09-17T13:20:00Z
Redmi Buds 4 Pro,YouTube,2ObpIOQrZwU,😮,1,2025-09-17T13:10:59Z
Redmi Buds 4 Pro,YouTube,qTtn8Qm62F4,Full review on channel?,0,2026-01-14T07:56:37Z
Redmi Buds 4 Pro,YouTube,qTtn8Qm62F4,"Did you know?

With ₹10,000, you could only afford a slow potato PC. But with the same amount of money you could also afford a flagship TWS like this one as shown in this video!",0,2026-01-12T11:03:24Z
Redmi Buds 4 Pro,YouTube,qTtn8Qm62F4,"Don't spread misinformation, if your Audio and video file supports LHDC, only then LHDC will work, in day to day life LHDC is just useless because youtube, instgram only supports OGC/AAC codecs not LHDC


LHDC Only works with apps like - Apple music, amazon music ( but only with wired earphones not bluetooth 😂)


So, AAC is enough (LHDC IN TWS IS JUST GIMMICK FEATURE😂)",0,2026-01-11T08:58:47Z
Redmi Buds 4 Pro,YouTube,qTtn8Qm62F4,"there is so much false information in this video I can't even comprehend; everything he said is either a gimmick or false 
1)DYNAMIC ANC USELESS
2) 2 DRIVERS NEARLY ALL UDS AROUND 3-5K NOWADAYS SUPPORT THIS, E.G., ONEPLUS BUDS 3, 3,4 REALME BUDS, AND OPPO BUDS
3) SOUND TUNED BY BOSS IS JUST A GIMMICK 
4) HI-RES LHDC FOUND IN ALL BBK ELECTRONICS BRANDS EARPHONES, FOR EXAMPLE, ONEPLUS, REALME, AND OPPO",1,2026-01-10T19:02:01Z
Redmi Buds 4 Pro,YouTube,qTtn8Qm62F4,Buds not comfortable,0,2026-01-07T07:20:14Z
Redmi Buds 4 Pro,YouTube,qTtn8Qm62F4,Advertiser,0,2026-01-05T09:00:25Z
Redmi Buds 4 Pro,YouTube,qTtn8Qm62F4,Twist is not all smartphones support LHDC😂,0,2026-01-05T03:17:56Z
Redmi Buds 4 Pro,YouTube,qTtn8Qm62F4,Dudu dudu💀,1,2026-01-02T13:43:16Z
Redmi Buds 4 Pro,YouTube,qTtn8Qm62F4,What about AnC.,0,2026-01-02T06:07:46Z
Redmi Buds 4 Pro,YouTube,qTtn8Qm62F4,What an ad for moto 🗿,0,2026-01-01T09:00:39Z
Redmi Buds 4 Pro,YouTube,qTtn8Qm62F4,Moto can suck my fat one 😂😂😂 not falling for these features again. Moto sucks,0,2026-01-01T07:13:59Z
Redmi Buds 4 Pro,YouTube,qTtn8Qm62F4,Are these better than airpods,0,2025-12-31T14:25:13Z
Redmi Buds 4 Pro,YouTube,qTtn8Qm62F4,same person once threw airpod pro 2 and said iem s are better than tws.,0,2025-12-31T01:36:27Z
Redmi Buds 4 Pro,YouTube,qTtn8Qm62F4,"They wouldn't tell you that most smartphones, except the BBK Electronic ones, don't support LHDC.",0,2025-12-28T10:35:53Z
Redmi Buds 4 Pro,YouTube,qTtn8Qm62F4,Bro is losing his own place value and face value,0,2025-12-26T15:34:00Z
Redmi Buds 4 Pro,YouTube,qTtn8Qm62F4,If is bust in ear then 😅😅👂💥,0,2025-12-25T05:03:56Z
Redmi Buds 4 Pro,YouTube,qTtn8Qm62F4,"I have used AdGuard, YouTube Vanced and now YouTube Premium subscription but still I am seeing AdWiser. Any ideas how to resolve the issue??😂",0,2025-12-24T11:32:23Z
Redmi Buds 4 Pro,YouTube,qTtn8Qm62F4,8000 ke buds 😮😲😧,1,2025-12-24T10:06:41Z
Redmi Buds 4 Pro,YouTube,qTtn8Qm62F4,Unliking for such a bad SOH,0,2025-12-22T07:33:59Z
Redmi Buds 4 Pro,YouTube,qTtn8Qm62F4,Is noise buds with bose integration better than this,0,2025-12-21T06:02:57Z
Redmi Buds 4 Pro,YouTube,qTtn8Qm62F4,I am currently using moto bud +,0,2025-12-20T16:30:10Z
Redmi Buds 4 Pro,YouTube,qTtn8Qm62F4,Soundpeats? Solid ngl for price. Wired and wireless,0,2025-12-19T04:47:11Z
Redmi Buds 4 Pro,YouTube,qTtn8Qm62F4,"Forget all other channels 
Just hate ad viser",0,2025-12-12T12:06:29Z
Redmi Buds 4 Pro,YouTube,qTtn8Qm62F4,"None of the music streaming eervice support LHDC, pagalworld se download krna hai kya?",0,2025-12-11T22:02:09Z
Redmi Buds 4 Pro,YouTube,qTtn8Qm62F4,Always ad on this channel,0,2025-12-09T14:07:09Z
Redmi Buds 4 Pro,YouTube,qTtn8Qm62F4,Ghar chala jayennnga😂😂 ishmee,0,2025-12-08T06:51:27Z
Redmi Buds 4 Pro,YouTube,qTtn8Qm62F4,Worst of all time,0,2025-12-05T06:36:04Z
Redmi Buds 4 Pro,YouTube,qTtn8Qm62F4,"You videos are helpful 
But this time Worst ever recommendation waste of every single penny",0,2025-12-03T17:45:20Z
Redmi Buds 4 Pro,YouTube,qTtn8Qm62F4,F*ck moto buds,1,2025-12-01T18:07:20Z
Redmi Buds 4 Pro,YouTube,qTtn8Qm62F4,"Only special is boss  tuning
But everyone has some collabs",0,2025-11-27T06:09:01Z
Redmi Buds 4 Pro,YouTube,qTtn8Qm62F4,Nothing is special,0,2025-11-27T06:08:00Z
Redmi Buds 4 Pro,YouTube,qTtn8Qm62F4,Which is best ANC,0,2025-11-26T15:29:30Z
Redmi Buds 4 Pro,YouTube,qTtn8Qm62F4,Abe sale hindi me nahi bol sakta hai kya 😂,0,2025-11-26T13:04:52Z
Redmi Buds 4 Pro,YouTube,qTtn8Qm62F4,"Tech wiser ❌
Tech advertiser ✅",0,2025-11-25T06:00:23Z
Redmi Buds 4 Pro,YouTube,qTtn8Qm62F4,सर्वांनी खूप छान अभिनय केला 👌🏻❤,0,2025-11-25T05:48:08Z
Redmi Buds 4 Pro,YouTube,qTtn8Qm62F4,bro u shoudl change ur channel name to TechMOTO or MotoWiser,1,2025-11-16T18:01:35Z
Redmi Buds 4 Pro,YouTube,qTtn8Qm62F4,"Mere ko ek frode ke bare me apse discuss karna he 
Me chahata hu ki ap us par koi video ya short jarur banaye taki log thode satark raha sake 😊😊  
Me bhi bana sakta hu but mere itane reach nahi or apse acha isko koi nahi samjha sakta he isliye apko please mere ko mere lose huva uski tenshan nahi he lekin age jo or logo ka hoga ya ho raha he isliye  vo apne pesa kho diye he unke liye bana do",0,2025-11-16T06:07:45Z
Redmi Buds 4 Pro,YouTube,qTtn8Qm62F4,Sir make a video for small ears,1,2025-11-16T05:50:22Z
Redmi Buds 4 Pro,YouTube,qTtn8Qm62F4,Exactly jail board,0,2025-11-15T20:02:36Z
Redmi Buds 4 Pro,YouTube,qTtn8Qm62F4,"When any good wired earphones can produce better quality sounds than these tws, why pay so much more?",0,2025-11-06T14:05:47Z
Redmi Buds 4 Pro,YouTube,qTtn8Qm62F4,😂😂,0,2025-11-06T07:00:55Z
Redmi Buds 4 Pro,YouTube,qTtn8Qm62F4,"Dude oppo enco x2 brought this 3 years ago 
I am using them since then 
They are better than airpods",0,2025-11-05T17:22:35Z
Redmi Buds 4 Pro,YouTube,qTtn8Qm62F4,"Are abhai metro like a phone is in a photo hai , the bluetooth kaise , fateh bachega",0,2025-11-05T05:00:54Z
Redmi Buds 4 Pro,YouTube,qTtn8Qm62F4,PLS REPLY IAM YOUR TOO OLD SUBSCRIBER...I watch all video can u tell me best buds under 2.5k like I order oneplus Nord 3 pro buds with coupon in 2.2k is it really worth pr I buy something else in this budget ? I love base but also I need good sound quality tell should I cancel order and buy something else? ....LOTS OF LOVE FROM MAHARASHTRA ❤,0,2025-11-03T06:21:17Z
Redmi Buds 4 Pro,YouTube,qTtn8Qm62F4,It's a good deal why is everyone mad,0,2025-10-27T14:31:45Z
Redmi Buds 4 Pro,YouTube,qTtn8Qm62F4,Dolby is worse tech ever. Can't hear dialogues while watching movies. There should be products without Dolby as well. Overrated as hell.,0,2025-10-22T16:57:03Z
Redmi Buds 4 Pro,YouTube,qTtn8Qm62F4,Bhai Mera sala 15 din m gir k kharab hogya 😢😢 abhi tk wait kr rha hoon k refund ka 😢lekin ye h k BGMi m bhi zbrdst h or songs me bawal h ❤❤dono,0,2025-10-18T20:27:50Z
Redmi Buds 4 Pro,YouTube,qTtn8Qm62F4,Baby shark song😂😂,0,2025-10-15T17:03:59Z
Redmi Buds 4 Pro,YouTube,qTtn8Qm62F4,Bro they sound worse than my enco buds 3,0,2025-10-14T15:47:35Z
Redmi Buds 4 Pro,YouTube,qTtn8Qm62F4,Bhai khi kan me ftt gye to😂,0,2025-10-13T17:00:17Z
Redmi Buds 4 Pro,YouTube,qTtn8Qm62F4,Me listening to this on Jabra elite 10 😅,0,2025-10-12T14:47:34Z
Redmi Buds 4 Pro,YouTube,qTtn8Qm62F4,Better than galaxy Buds 3 pro?,0,2025-10-12T04:15:07Z
Redmi Buds 4 Pro,YouTube,qTtn8Qm62F4,Bro no baby suck do do do 😂 baby Shark 🦈 do do do 😂,0,2025-10-11T09:02:43Z
Redmi Buds 4 Pro,YouTube,qTtn8Qm62F4,Even CMF has these features except wireless charging,0,2025-10-06T02:56:02Z
Redmi Buds 4 Pro,YouTube,qTtn8Qm62F4,Just report him as a spam 😂😂😂,0,2025-10-03T16:52:56Z
Redmi Buds 4 Pro,YouTube,qTtn8Qm62F4,Bhai Motorola ne pure YouTube ko kharid Rakha hai,0,2025-09-29T08:29:36Z
Redmi Buds 4 Pro,YouTube,qTtn8Qm62F4,Shameless laude always advertising 😢😮,0,2025-09-27T20:20:42Z
Redmi Buds 4 Pro,YouTube,qTtn8Qm62F4,I have both❤,0,2025-09-26T19:32:26Z
Redmi Buds 4 Pro,YouTube,qTtn8Qm62F4,Bhaiya 300 mein doge to batao 😂,1,2025-09-25T14:12:09Z
Redmi Buds 4 Pro,YouTube,qTtn8Qm62F4,aloo khalo,0,2025-09-23T12:33:04Z
Redmi Buds 4 Pro,YouTube,qTtn8Qm62F4,Best earbuds for office calls?,0,2025-09-22T07:36:20Z
Redmi Buds 4 Pro,YouTube,qTtn8Qm62F4,Love ur videos and swag bhai killer hai❤ following from the beginning,0,2025-09-21T14:56:57Z
Redmi Buds 4 Pro,YouTube,qTtn8Qm62F4,"Moto buds are not upto mark, stop fooling people 🤬
Admin got his 1000 rs payment 🖕",0,2025-09-20T16:22:21Z
Redmi Buds 4 Pro,YouTube,qTtn8Qm62F4,Only few phone support lhdc 5 or hi res like s25 or ultra or xiomi or some other flagship or it's wrost for us,1,2025-09-15T15:38:45Z
Redmi Buds 4 Pro,YouTube,qTtn8Qm62F4,Such a pathetic ad,0,2025-09-10T17:05:47Z
Redmi Buds 4 Pro,YouTube,qTtn8Qm62F4,"the real GOAT will always be wired earphones, bluetooth operating as close to your ear is really harmful",0,2025-09-09T07:04:31Z
Redmi Buds 4 Pro,YouTube,qTtn8Qm62F4,Bro just dudu (boob) dudu(boob),0,2025-09-07T19:16:58Z
Redmi Buds 4 Pro,YouTube,qTtn8Qm62F4,Don't waste your time and money on this. Buy Realme buds Air 7 has ALL these features just at 2800,0,2025-09-05T06:10:18Z
Redmi Buds 4 Pro,YouTube,qTtn8Qm62F4,Did he just say babyyy suck dododo💀,1,2025-09-04T02:54:53Z
Redmi Buds 4 Pro,YouTube,qTtn8Qm62F4,Techwiser❌ moto glazer✅,1,2025-09-01T13:39:50Z
Redmi Buds 4 Pro,YouTube,qTtn8Qm62F4,IEM laughing in corner.,0,2025-08-31T07:35:02Z
Redmi Buds 4 Pro,YouTube,qTtn8Qm62F4,Already mention like other youtuber only supported with moto phones,0,2025-08-29T17:12:04Z
Redmi Buds 4 Pro,YouTube,qTtn8Qm62F4,Does moto buds plus head tracking work with nothing phone 2?,0,2025-08-29T12:14:48Z
Redmi Buds 4 Pro,YouTube,qTtn8Qm62F4,he tells the  samething for every tws,1,2025-08-15T19:14:47Z
Redmi Buds 4 Pro,YouTube,qTtn8Qm62F4,Meanwhile boult mustang torq with high base,0,2025-08-13T15:32:21Z
Redmi Buds 4 Pro,YouTube,qTtn8Qm62F4,What are the moto buds plus latency?,0,2025-08-13T05:51:34Z
Redmi Buds 4 Pro,YouTube,qTtn8Qm62F4,Speak in flow and fast with transitions 🎯 viewers will stuck and fall in a trap .😀,0,2025-08-12T23:39:54Z
Redmi Buds 4 Pro,YouTube,qTtn8Qm62F4,They Mention Hi Res Audio????,1,2025-08-11T20:05:23Z
Redmi Buds 4 Pro,YouTube,qTtn8Qm62F4,Head tracking not working,0,2025-08-10T09:48:27Z
Redmi Buds 4 Pro,YouTube,qTtn8Qm62F4,Where can I listen hi res audio?😢,0,2025-08-09T06:01:55Z
Redmi Buds 4 Pro,YouTube,qTtn8Qm62F4,Blast in ear I'm sure😂😂,0,2025-08-06T18:30:54Z
Redmi Buds 4 Pro,YouTube,qTtn8Qm62F4,"Apart from max 2hour battery life, it's awesome 💯",0,2025-08-05T06:53:40Z
Redmi Buds 4 Pro,YouTube,qTtn8Qm62F4,Bhai mai fir bhi iem hi kharidunga 😂,0,2025-08-04T11:43:10Z
Redmi Buds 4 Pro,YouTube,qTtn8Qm62F4,Copied from airpods,0,2025-08-02T07:21:54Z
Redmi Buds 4 Pro,YouTube,qTtn8Qm62F4,My 32k phone doesn't have LDHC😂,2,2025-08-01T03:27:09Z
Redmi Buds 4 Pro,YouTube,qTtn8Qm62F4,Real me buds pro has all those along with LDAC better than LDHC,0,2025-08-01T01:07:12Z
Redmi Buds 4 Pro,YouTube,qTtn8Qm62F4,"There is no Companion App for iOS 
iPhone users can’t utilise all features",0,2025-07-30T20:08:17Z
Redmi Buds 4 Pro,YouTube,qTtn8Qm62F4,Buy iem's 😊,0,2025-07-30T03:55:34Z
Redmi Buds 4 Pro,YouTube,qTtn8Qm62F4,Bro you promote both tws and wired iem's  why do you want to confuse us just suggest one thing right and don't bring anything contradictory please this is a humble request 😢,0,2025-07-29T11:05:44Z
Redmi Buds 4 Pro,YouTube,qTtn8Qm62F4,"as an iphone user, shall i go with the oneplus buds 4 ? my priority is bass, anc and hi-res audio",1,2025-07-23T07:59:15Z
Redmi Buds 4 Pro,YouTube,qTtn8Qm62F4,Is it compatible with oneplus nord 5,0,2025-07-20T05:23:18Z
Redmi Buds 4 Pro,YouTube,qTtn8Qm62F4,The battery draining issue with these is a concern that I had and when I tested them there is a significant battery percentage drop,0,2025-07-19T16:47:39Z
Redmi Buds 4 Pro,YouTube,qTtn8Qm62F4,What about LDAC,0,2025-07-14T05:04:01Z
Redmi Buds 4 Pro,YouTube,qTtn8Qm62F4,"Why do we Indians have problems with almost everything? Prateek is doing a good job! Many people didn’t know about this product, it’s their job to review and put efforts and if they are earning money, so what? Anyone can do this but you won’t coz you like trolling. The problem would arise when these buds will come out as duds! Which is not the case. Moto as a company is doing pretty good given the competition!",0,2025-07-06T04:10:03Z
Redmi Buds 4 Pro,YouTube,qTtn8Qm62F4,Please review best over the ear headphones under 2k or around 2k,0,2025-06-23T17:34:26Z
Redmi Buds 4 Pro,YouTube,qTtn8Qm62F4,cringe,0,2025-06-22T18:37:31Z
Redmi Buds 4 Pro,YouTube,qTtn8Qm62F4,Don't buy buds as it has is very poor sound quality,0,2025-06-17T08:25:44Z
Redmi Buds 4 Pro,YouTube,qTtn8Qm62F4,Brother just buy AirPods is soo simple,0,2025-06-16T18:23:26Z
Redmi Buds 4 Pro,YouTube,qTtn8Qm62F4,"Hey brother I've  one question i.e, my phone support LDAC instead of LHDC . Can my Phone s21fe utilize LHDC Features.",0,2025-06-16T14:58:34Z
Redmi Buds 4 Pro,YouTube,qTtn8Qm62F4,Wired earphones usekerlenge lol 😂,1,2025-06-14T07:17:05Z
Redmi Buds 4 Pro,YouTube,qTtn8Qm62F4,What is Background sound name ?,0,2025-06-13T15:56:23Z
Redmi Buds 4 Pro,YouTube,qTtn8Qm62F4,Overacting,0,2025-06-13T11:28:40Z
Redmi Buds 4 Pro,YouTube,qTtn8Qm62F4,"Just One Question..??
English Me Review De Kar Sabit Kya Karna Chahate Ho...???",0,2025-06-12T16:57:38Z
Redmi Buds 4 Pro,YouTube,qTtn8Qm62F4,Advisor,0,2025-06-09T18:48:54Z
Redmi Buds 4 Pro,YouTube,qTtn8Qm62F4,"Bhai suck do do do nhi hai 


Baby shark do do hai 😂",0,2025-06-09T16:03:21Z
Redmi Buds 4 Pro,YouTube,qTtn8Qm62F4,I think Samsung buds have the same features,0,2025-06-09T03:32:47Z
Redmi Buds 4 Pro,YouTube,qTtn8Qm62F4,ad wiser,0,2025-06-04T20:42:29Z
Redmi Buds 4 Pro,YouTube,qTtn8Qm62F4,I don’t know about the moto buds+ but I have used the moto buds and those are horrible,0,2025-06-03T18:41:35Z
Redmi Buds 4 Pro,YouTube,qTtn8Qm62F4,Irrespective of brands headphones with Bluetooth will lost audio quality. Headphones can't play Hi-fi audio with Bluetooth technology because bluetooth cannot transfer that much data.,0,2025-05-30T15:24:11Z
Redmi Buds 4 Pro,YouTube,qTtn8Qm62F4,"Before buy these, check your phone that supports LHDC codec",0,2025-05-28T17:48:04Z
Redmi Buds 4 Pro,YouTube,qTtn8Qm62F4,ఒక్క ముక్క కూడా అర్థం కాలేదు bro,0,2025-05-25T02:02:21Z
Redmi Buds 4 Pro,YouTube,qTtn8Qm62F4,Video not understand clearly,0,2025-05-25T02:01:34Z
Redmi Buds 4 Pro,YouTube,qTtn8Qm62F4,I think he is high😂😂,0,2025-05-21T19:35:27Z
Redmi Buds 4 Pro,YouTube,qTtn8Qm62F4,Baby suck du du dudu!!💀,0,2025-05-20T16:46:33Z
Redmi Buds 4 Pro,YouTube,qTtn8Qm62F4,Please cover open ear headphones,0,2025-05-18T07:31:36Z
Redmi Buds 4 Pro,YouTube,qTtn8Qm62F4,This channel will be next unbox therapy.. all sponsered videos.. no more honesty,0,2025-05-17T14:07:50Z
Redmi Buds 4 Pro,YouTube,qTtn8Qm62F4,Moto buds (not Plus) support Dolby Atmos?,0,2025-05-16T17:40:26Z
Redmi Buds 4 Pro,YouTube,qTtn8Qm62F4,Dolby Atmos is only on moto buds+ or moto buds also ?,1,2025-05-16T07:05:46Z
Redmi Buds 4 Pro,YouTube,qTtn8Qm62F4,"bhai koi ise bachao, isse zabardasti kaam karwate hai ye,   dekho kaise bechare ko baby shark do do do do gawa rhe hai",0,2025-05-15T14:03:21Z
Redmi Buds 4 Pro,YouTube,qTtn8Qm62F4,Baby shark 🦈😊😂😊😂,1,2025-05-13T02:54:43Z
Redmi Buds 4 Pro,YouTube,qTtn8Qm62F4,A lot of software bugs are in the app of this earbuds,0,2025-05-09T04:42:45Z
Redmi Buds 4 Pro,YouTube,qTtn8Qm62F4,Jisko Kuch smagg nhi aaya voo like kare 😂😂😂😂,0,2025-05-04T04:49:59Z
Redmi Buds 4 Pro,YouTube,qTtn8Qm62F4,Bhai hindi bol 😂,0,2025-05-03T18:20:39Z
Redmi Buds 4 Pro,YouTube,qTtn8Qm62F4,Ya ya even those 😂😂😂😂😂,0,2025-05-02T17:52:47Z
Redmi Buds 4 Pro,YouTube,qTtn8Qm62F4,Cringe,0,2025-04-21T12:56:28Z
Redmi Buds 4 Pro,YouTube,qTtn8Qm62F4,Dont buy these buds it's a fake advertisement,0,2025-04-20T03:34:40Z
Redmi Buds 4 Pro,YouTube,qTtn8Qm62F4,2 drivers ? Realme ka naam suna h kuch bhi?,0,2025-04-20T03:33:32Z
Redmi Buds 4 Pro,YouTube,qTtn8Qm62F4,Out of stock,0,2025-04-19T15:15:49Z
Redmi Buds 4 Pro,YouTube,qTtn8Qm62F4,Are they better than IEMs?,0,2025-04-18T04:02:07Z
Redmi Buds 4 Pro,YouTube,qTtn8Qm62F4,"Great Bluetooth headset. Our company is a Bluetooth headset factory from China, do you want to know about it?🎉🎉",0,2025-04-12T23:34:01Z
Redmi Buds 4 Pro,YouTube,qTtn8Qm62F4,Tuned by bose is just a gimmick.. and dual drive not equal to better than single driver...,0,2025-04-10T15:46:45Z
Redmi Buds 4 Pro,YouTube,qTtn8Qm62F4,Unboxer +advertiser,0,2025-04-10T14:08:06Z
Redmi Buds 4 Pro,YouTube,qTtn8Qm62F4,Duduuuduuduuduu 👍,1,2025-04-09T08:25:30Z
Redmi Buds 4 Pro,YouTube,qTtn8Qm62F4,My new fav channel,0,2025-04-09T01:33:03Z
Redmi Buds 4 Pro,YouTube,qTtn8Qm62F4,Fake promotion at it's peak.,0,2025-04-05T19:35:18Z
Redmi Buds 4 Pro,YouTube,qTtn8Qm62F4,I'm using budget IEM which is sufficient for me,0,2025-03-30T17:48:13Z
Redmi Buds 4 Pro,YouTube,qTtn8Qm62F4,As always android copy cat. Be frank have you any android dumbs ever heard of ear odd before Apple innovated . These cheap ass stuffs only populate on low living standard country like India not Bharat,0,2025-03-30T16:08:32Z
Redmi Buds 4 Pro,YouTube,qTtn8Qm62F4,yeah they dont have any knowledge about LHDC and how it works. You need a hires audio paltform subscription for it to work and guess what spotify doesnt even have Hi-Res support so its kinda useless for spotify users,0,2025-03-30T16:08:13Z
Redmi Buds 4 Pro,YouTube,qTtn8Qm62F4,Nothing earbuds 2 laughing in corner 😅,0,2025-03-26T06:53:12Z
Redmi Buds 4 Pro,YouTube,qTtn8Qm62F4,"For those interested, the Oppo Enco X has had dual drivers since its first generation maybe 5 years ago, and made in collaboration with Dynaudio - not just tuned. It's also in the same price bracket. Apart from spatial audio which wasn't around at the time, it has had everything else.",9,2025-03-26T03:26:34Z
Redmi Buds 4 Pro,YouTube,qTtn8Qm62F4,baby tudududuuuu 😂,0,2025-03-21T02:39:43Z
Redmi Buds 4 Pro,YouTube,qTtn8Qm62F4,Parthiks moto,0,2025-03-17T16:49:21Z
Redmi Buds 4 Pro,YouTube,qTtn8Qm62F4,Oneplus buds 3 solos everything around 6000rs😂😂,1,2025-03-15T14:07:39Z
Redmi Buds 4 Pro,YouTube,qTtn8Qm62F4,noise also has a tws tuned by bose 2 drivers in tws is also in oneplus pro but the priice disparity is there,0,2025-03-09T09:33:59Z
Redmi Buds 4 Pro,YouTube,qTtn8Qm62F4,Just listen and say your review dude not what they sell,0,2025-03-08T18:28:11Z
Redmi Buds 4 Pro,YouTube,qTtn8Qm62F4,Add dekhleta isse accha kya paise khaya😅,0,2025-03-08T17:36:09Z
Redmi Buds 4 Pro,YouTube,qTtn8Qm62F4,"meanwhile cmf buds pro 2 at 3600rs having LDAC and all the other specs you mentioned plus a customizable rotating dial on case, best app support and updates",2,2025-03-05T08:01:16Z
Redmi Buds 4 Pro,YouTube,qTtn8Qm62F4,"He bark like a dog


Dog is better than him",0,2025-03-02T11:47:16Z
Redmi Buds 4 Pro,YouTube,qTtn8Qm62F4,Bro's slowly getting the same respect as Unbox Therapy 😂😂,14,2025-02-24T12:15:28Z
Redmi Buds 4 Pro,YouTube,qTtn8Qm62F4,Come on guys let him do his promotion🫠,0,2025-02-21T17:34:25Z
Redmi Buds 4 Pro,YouTube,qTtn8Qm62F4,Mujhe kuch bhi nahi samjha per video dekh ke maja aagaya 😅,0,2025-02-16T14:12:51Z
Redmi Buds 4 Pro,YouTube,qTtn8Qm62F4,English ka 14,0,2025-02-15T17:40:29Z
Redmi Buds 4 Pro,YouTube,qTtn8Qm62F4,Didnt knew Dell Curry had an Indian bastard,0,2025-02-15T17:35:17Z
Redmi Buds 4 Pro,YouTube,qTtn8Qm62F4,Kya fayda mere YouTube premium lene ka😂😂,0,2025-02-15T11:02:50Z
Redmi Buds 4 Pro,YouTube,qTtn8Qm62F4,Samsung buds2 pro 🔥🔥,0,2025-02-14T17:25:39Z
Redmi Buds 4 Pro,YouTube,qTtn8Qm62F4,Me watching with Sony xm4 buds 😎😎,0,2025-02-14T14:07:23Z
Redmi Buds 4 Pro,YouTube,qTtn8Qm62F4,Moto buds 1999 on flipkart 🤯,0,2025-02-13T17:47:37Z
Redmi Buds 4 Pro,YouTube,qTtn8Qm62F4,"Summary of the video😉

Always check descriptions. ☺️

Welcome 🤗",0,2025-02-09T09:51:48Z
Redmi Buds 4 Pro,YouTube,qTtn8Qm62F4,"Moto is making great products 
Nowadays",1,2025-02-09T03:27:41Z
Redmi Buds 4 Pro,YouTube,qTtn8Qm62F4,I'll never trust moto review by any youtuber.,1,2025-02-06T17:25:34Z
Redmi Buds 4 Pro,YouTube,qTtn8Qm62F4,"Abhi 1,999 ke hain, I think it's a crazy deal",3,2025-02-06T09:54:26Z
Redmi Buds 4 Pro,YouTube,qTtn8Qm62F4,Copy of oneplus buds 3😅😅😅,0,2025-02-05T15:03:47Z
Redmi Buds 4 Pro,YouTube,qTtn8Qm62F4,LDAC>>>>>LHDC,0,2025-02-04T16:39:44Z
Redmi Buds 4 Pro,YouTube,qTtn8Qm62F4,After seeing earbuds in his ears ...it feels like not fit or suits,0,2025-02-03T13:04:56Z
Redmi Buds 4 Pro,YouTube,qTtn8Qm62F4,But moto doesn't even support LHDC,0,2025-02-02T02:17:21Z
Redmi Buds 4 Pro,YouTube,qTtn8Qm62F4,"Big no bcoz of below two reasons

1) IMO Oppo enco Air3pro are best sounded earbuds now, only tunning matters not drivers. 

2) My Samsung Galaxy S23 doesn't support LHDC Codec.

It is extremely difficult to beat oppo in terms of sound quality.",1,2025-01-24T16:18:15Z
Redmi Buds 4 Pro,YouTube,qTtn8Qm62F4,"genuine review mere lavde pe, tech k naam pe bakchodi karni hai toh batao.",0,2025-01-24T10:15:49Z
Redmi Buds 4 Pro,YouTube,qTtn8Qm62F4,I am good with my 2000₹ IEM 😂😂😂,1,2025-01-24T07:04:54Z
Redmi Buds 4 Pro,YouTube,qTtn8Qm62F4,Realme can do this,2,2025-01-17T05:30:35Z
Redmi Buds 4 Pro,YouTube,qTtn8Qm62F4,Aaj to paneer bnega bhai k ghar m😂😂,0,2025-01-12T00:05:42Z
Redmi Buds 4 Pro,YouTube,qTtn8Qm62F4,as he said i forgootted the all tws as i seen the price i remebered all the buds,0,2025-01-09T21:21:12Z
Redmi Buds 4 Pro,YouTube,qTtn8Qm62F4,I have 100rs headphones 🎧,0,2025-01-09T14:50:09Z
Redmi Buds 4 Pro,YouTube,qTtn8Qm62F4,Moto buds plus ke liye konsa device best rehga,0,2025-01-09T14:12:28Z
Redmi Buds 4 Pro,YouTube,qTtn8Qm62F4,Make a video on headphones,1,2025-01-07T04:16:13Z
Redmi Buds 4 Pro,YouTube,qTtn8Qm62F4,Nothing also has 2 😂😂,0,2025-01-04T20:49:51Z
Redmi Buds 4 Pro,YouTube,qTtn8Qm62F4,"Chhapari log video bana raha h English me kyu bana raha h jb koi samjhe ga hi to kitane % janta h.....
Ek Airbuds lene ke soche iska dekhkar mood off ho gaya canceled karte h",0,2025-01-04T12:19:14Z
Redmi Buds 4 Pro,YouTube,qTtn8Qm62F4,Broo. I just need better audio in my ears,0,2025-01-04T11:33:51Z
Redmi Buds 4 Pro,YouTube,qTtn8Qm62F4,"All TWSs are not safe.
Go for wired.",0,2025-01-03T22:44:18Z
Redmi Buds 4 Pro,YouTube,qTtn8Qm62F4,Looks like paid promotion we have an impression on you don’t spoil that,0,2025-01-03T02:31:30Z
Redmi Buds 4 Pro,YouTube,qTtn8Qm62F4,No app support for iphone,0,2025-01-02T19:18:25Z
Redmi Buds 4 Pro,YouTube,qTtn8Qm62F4,"Bro not the first time, Sony is already providing these options",0,2024-12-31T14:55:16Z
Redmi Buds 4 Pro,YouTube,qTtn8Qm62F4,Why it is not mentioned in the video that it is sponsored rather than in the description,8,2024-12-27T12:34:25Z
Redmi Buds 4 Pro,YouTube,qTtn8Qm62F4,"LHDC only supports for music player's which provides it like Apple music...not work with YouTube music,wynk,jio, Spotify or other app which we use daily",0,2024-12-25T16:33:42Z
Redmi Buds 4 Pro,YouTube,qTtn8Qm62F4,"Buy realme air 5pro or air 6 pro instead, I'd suggest air 5 pro, cuz of it's build quality",0,2024-12-24T16:44:59Z
Redmi Buds 4 Pro,YouTube,qTtn8Qm62F4,"Vetrimaran forgot the saying ""Show don't tell""",1,2024-12-22T17:46:49Z
Redmi Buds 4 Pro,YouTube,qTtn8Qm62F4,Wat about ANC....i just realised i saw an add,0,2024-12-21T07:25:21Z
Redmi Buds 4 Pro,YouTube,qTtn8Qm62F4,Redmi note 10s phone hai toh yeh earbuds le toh chalega sir?,0,2024-12-17T18:01:45Z
Redmi Buds 4 Pro,YouTube,qTtn8Qm62F4,"Kisi ko kuch samaj me aaya kya, baby shadudududud",0,2024-12-15T08:28:23Z
Redmi Buds 4 Pro,YouTube,qTtn8Qm62F4,The first scene 🔥🔥🔥,0,2024-12-10T17:31:49Z
Redmi Buds 4 Pro,YouTube,qTtn8Qm62F4,Tum bhi phele ho jo bina paise liye first time first time bolke satyanaash kar rahe buds ki 😂,0,2024-12-09T08:34:06Z
Redmi Buds 4 Pro,YouTube,qTtn8Qm62F4,Moto Buds Pro Plus Ultra coming soon 😂,0,2024-12-06T03:24:35Z
Redmi Buds 4 Pro,YouTube,qTtn8Qm62F4,galaxy buds laughing in corner😂😂,0,2024-12-03T04:06:43Z
Redmi Buds 4 Pro,YouTube,qTtn8Qm62F4,"Only by unsubs, will you make a yter stop promoting, if one loses all his subs, only then one will wake up.",0,2024-12-01T20:27:46Z
Redmi Buds 4 Pro,YouTube,qTtn8Qm62F4,"Unsubscribing, tired of seeing ads on this channel 24/7",0,2024-11-27T11:23:40Z
Redmi Buds 4 Pro,YouTube,qTtn8Qm62F4,Do theyhave dual device connection and do they connect to iphone and have an app for them..?,0,2024-11-25T06:49:08Z
Redmi Buds 4 Pro,YouTube,qTtn8Qm62F4,UnSubscribe this fool,0,2024-11-19T05:36:19Z
Redmi Buds 4 Pro,YouTube,qTtn8Qm62F4,What is d soünd featüre ü r talking aboüt in this shorts..!?,1,2024-11-18T04:44:46Z
Redmi Buds 4 Pro,YouTube,qTtn8Qm62F4,Du du du du du...🤣,0,2024-11-14T04:30:20Z
Redmi Buds 4 Pro,YouTube,qTtn8Qm62F4,"I need a tws which has lowest latency , anc , enc , transparency , in ear detection upto 50-70 hrs of backup 6 mic , Bluetooth 5.4, Google fast pair , like every thing in one tws buds",0,2024-11-11T18:23:38Z
Redmi Buds 4 Pro,YouTube,qTtn8Qm62F4,Does it supports on an iphone,0,2024-11-11T06:38:41Z
Redmi Buds 4 Pro,YouTube,qTtn8Qm62F4,"these hit different..... pleural 
basic grammar typos🤮",0,2024-11-08T01:41:45Z
Redmi Buds 4 Pro,YouTube,qTtn8Qm62F4,But best audiophile earbuds are Samsung buds pro 1/2/3 tuned by akg and harman😊,0,2024-11-02T06:40:02Z
Redmi Buds 4 Pro,YouTube,qTtn8Qm62F4,Kya bola kuch samajh nahi aaya,0,2024-10-31T10:41:47Z
Redmi Buds 4 Pro,YouTube,qTtn8Qm62F4,There is only method to stop these add is unsubscribe and block !!,0,2024-10-30T08:33:30Z
Redmi Buds 4 Pro,YouTube,qTtn8Qm62F4,Another Jhumka.... Not suitable for local train,1,2024-10-28T15:09:57Z
Redmi Buds 4 Pro,YouTube,qTtn8Qm62F4,I have purchased moto bud in just 1999😅,0,2024-10-27T03:40:29Z
Redmi Buds 4 Pro,YouTube,qTtn8Qm62F4,Please send me one box 😅😅😅😅😅😅😅😅😅😅😅😅😅😅😅😅😅😅😅,0,2024-10-25T15:19:41Z
Redmi Buds 4 Pro,YouTube,qTtn8Qm62F4,"4th point 
Check that 4kn prices!!",0,2024-10-24T19:55:42Z
Redmi Buds 4 Pro,YouTube,qTtn8Qm62F4,Hello moto ❤,0,2024-10-24T17:30:51Z
Redmi Buds 4 Pro,YouTube,qTtn8Qm62F4,Time waste video,0,2024-10-20T21:49:41Z
Redmi Buds 4 Pro,YouTube,qTtn8Qm62F4,8000? 4000? Gr8 happy selling to motorola😏😕,1,2024-10-19T18:30:18Z
Redmi Buds 4 Pro,YouTube,qTtn8Qm62F4,"I used it personal not so impressive. Motorola just sucks 
Relame buds 5 pro was best Tws till date for me.",0,2024-10-18T19:39:58Z
Redmi Buds 4 Pro,YouTube,qTtn8Qm62F4,Adwiser,0,2024-10-18T17:00:17Z
Redmi Buds 4 Pro,YouTube,qTtn8Qm62F4,"LHDC⛔️
LDAC✅️

Typical samsung user 😂",0,2024-10-16T18:38:41Z
Redmi Buds 4 Pro,YouTube,qTtn8Qm62F4,Listening to the video in moto buds😂,0,2024-10-16T06:59:03Z
Redmi Buds 4 Pro,YouTube,qTtn8Qm62F4,The price of this tws is also difference,0,2024-10-15T14:19:34Z
Redmi Buds 4 Pro,YouTube,qTtn8Qm62F4,Realme t310 be like 😂,0,2024-10-14T07:26:51Z
Redmi Buds 4 Pro,YouTube,qTtn8Qm62F4,You didn't said this isn't a sponsor,0,2024-10-13T10:28:09Z
Redmi Buds 4 Pro,YouTube,qTtn8Qm62F4,Now its cost 6999 and 1999,0,2024-10-09T14:57:19Z
Redmi Buds 4 Pro,YouTube,qTtn8Qm62F4,Pls give latency of the tws.,0,2024-10-09T10:38:29Z
Redmi Buds 4 Pro,YouTube,qTtn8Qm62F4,"7,999 moto buds+

I would prefer galaxy buds2 pro at the same price",0,2024-10-09T09:07:13Z
Redmi Buds 4 Pro,YouTube,qTtn8Qm62F4,samsung m pta nhi kb s h,0,2024-10-09T08:06:29Z
Redmi Buds 4 Pro,YouTube,qTtn8Qm62F4,Moto got the right guy for  presenting the moto buds.,0,2024-10-09T05:42:07Z
Redmi Buds 4 Pro,YouTube,qTtn8Qm62F4,"Interms of price :- 
Moto buds + 🗿🗿🗿🗿(best under 10000)
Moto buds 🤡🤡🤡🤡🤡( worst under 5000)",0,2024-10-09T03:51:19Z
Redmi Buds 4 Pro,YouTube,qTtn8Qm62F4,Sony is the bluetooth headset king,0,2024-10-09T01:07:21Z
Redmi Buds 4 Pro,YouTube,qTtn8Qm62F4,Can the drivers drive the best in the years?😂,0,2024-10-08T07:09:10Z
Redmi Buds 4 Pro,YouTube,qTtn8Qm62F4,Boat Nirvana can provide batte,0,2024-10-07T02:05:44Z
Redmi Buds 4 Pro,YouTube,qTtn8Qm62F4,Guys this snitch rat 😂 was bought by Motorola since then all their products are sugared by this rat,0,2024-10-06T10:26:17Z
Redmi Buds 4 Pro,YouTube,qTtn8Qm62F4,I think dual drivers is only on buds +,0,2024-10-06T02:43:47Z
Redmi Buds 4 Pro,YouTube,qTtn8Qm62F4,Paneer reviewer 😂😂😂,0,2024-10-05T07:02:41Z
Redmi Buds 4 Pro,YouTube,qTtn8Qm62F4,Bhaiii Koi To Ldac Launch Kro.......,0,2024-10-03T17:30:23Z
Redmi Buds 4 Pro,YouTube,qTtn8Qm62F4,Baby suck du du 😅😅,0,2024-10-03T08:11:46Z
Redmi Buds 4 Pro,YouTube,qTtn8Qm62F4,Bro I have ios and I bought them now I can’t access the app,0,2024-10-02T17:45:12Z
Redmi Buds 4 Pro,YouTube,qTtn8Qm62F4,Buds 2pro is far better than this at same rate,0,2024-10-02T09:55:29Z
Redmi Buds 4 Pro,YouTube,qTtn8Qm62F4,Kitna uchal rhe ho bhai kam uchlo Thora....,0,2024-10-02T05:40:00Z
Redmi Buds 4 Pro,YouTube,qTtn8Qm62F4,"Realme air 6 with LHDC, 2999/-",0,2024-10-01T18:48:58Z
Redmi Buds 4 Pro,YouTube,qTtn8Qm62F4,One plus brought it in that price range best one provided by sound cote headsets expecially q20i not space ones experience se bol raha huu it's just the ads never blv in this case the 10 k one is fine but then for a pretty same range u have one plus and samsung akg,0,2024-09-29T20:12:40Z
Redmi Buds 4 Pro,YouTube,qTtn8Qm62F4,No not those of course,0,2024-09-29T11:26:17Z
Redmi Buds 4 Pro,YouTube,qTtn8Qm62F4,Du du du,0,2024-09-29T08:06:58Z
Redmi Buds 4 Pro,YouTube,qTtn8Qm62F4,Theory of wireless buds does not translate to actual experience.. speaking after using the 1000xm5 for 1 year,0,2024-09-29T07:29:30Z
Redmi Buds 4 Pro,YouTube,qTtn8Qm62F4,Can’t believe these guys. They wont tell on one sentence whether sound is good or bad,1,2024-09-28T20:17:41Z
Redmi Buds 4 Pro,YouTube,qTtn8Qm62F4,"Moto buds + cost 7,999 and moto buds cost 3,999 and my budget is 999😅",0,2024-09-28T14:09:30Z
Redmi Buds 4 Pro,YouTube,qTtn8Qm62F4,You always sing this song baby shut to do do........ every time I have noticed...which makes your video more interesting...,0,2024-09-27T11:19:03Z
Redmi Buds 4 Pro,YouTube,qTtn8Qm62F4,Baby suck dodododo,0,2024-09-27T09:09:58Z
Redmi Buds 4 Pro,YouTube,qTtn8Qm62F4,"To grow the channel u need sponsorship guys. Everyone wants to earn more, don't u. So, take any channel as a source of info only. Then, make a purchase according to our understanding.",0,2024-09-27T05:28:58Z
Redmi Buds 4 Pro,YouTube,qTtn8Qm62F4,"1-Boat airdrop supreme 
2-Boult Asta Neo 

Both are ₹999
Which one should I buy for calling & music purpose 🤔",1,2024-09-26T21:45:20Z
Redmi Buds 4 Pro,YouTube,qTtn8Qm62F4,"do do do du do do doo se 
DHU Dhoo dHUU Dhooo",1,2024-09-26T18:59:47Z
Redmi Buds 4 Pro,YouTube,qTtn8Qm62F4,😂 baby shdududud 😂,0,2024-09-24T19:12:37Z
Redmi Buds 4 Pro,YouTube,qTtn8Qm62F4,Which is best Realme buds 6 pro or this moto or oneplus bud,1,2024-09-20T13:30:19Z
Redmi Buds 4 Pro,YouTube,qTtn8Qm62F4,Paytm pr 150 rupaye prapt hue😂,0,2024-09-18T08:41:00Z
Redmi Buds 4 Pro,YouTube,qTtn8Qm62F4,Battery life🤡🤡,0,2024-09-15T14:05:02Z
Redmi Buds 4 Pro,YouTube,qTtn8Qm62F4,"The LHDC is not best 
SNAPDRAGON HI RES IS BEST 
DONT MISGUIDE PLEASE",0,2024-09-12T16:17:34Z
Redmi Buds 4 Pro,YouTube,qTtn8Qm62F4,"Wireless TWS -🤡
Wired earphone 🗿",1,2024-09-12T15:11:20Z
Redmi Buds 4 Pro,YouTube,qTtn8Qm62F4,Samsung doesn't support lhdc. You should mention it.,0,2024-09-08T17:52:09Z
Redmi Buds 4 Pro,YouTube,qTtn8Qm62F4,Oneplus already had them,0,2024-09-04T19:50:20Z
Redmi Buds 4 Pro,YouTube,qTtn8Qm62F4,Bc just liya h 3hafte pehle or ab ye ise anhi ana tha💀,1,2024-08-26T16:55:26Z
Redmi Buds 4 Pro,YouTube,qTtn8Qm62F4,"I absolutely despise Technical Guruji and this guy. Ye log bs naam ke tech channels h asal me ye ek advertisement channel h phone brands ke. Agr aapko shi me phone ka experience janna h to TechBar, Gyan Therapy dekha kro. Or specifications janne h to Trakin Tech.",1,2024-08-24T20:39:09Z
Redmi Buds 4 Pro,YouTube,qTtn8Qm62F4,First time in India? Does Oneplus buds 3 at Rs 5000 has all these pro features?,0,2024-08-22T09:08:16Z
Redmi Buds 4 Pro,YouTube,qTtn8Qm62F4,This tws only works with Motorola phones??,0,2024-08-19T13:06:41Z
Redmi Buds 4 Pro,YouTube,qTtn8Qm62F4,😂😂 good act,1,2024-08-18T16:22:37Z
Redmi Buds 4 Pro,YouTube,qTtn8Qm62F4,AD,0,2024-08-17T15:53:17Z
Redmi Buds 4 Pro,YouTube,qTtn8Qm62F4,Dududududu,0,2024-08-14T20:57:04Z
Redmi Buds 4 Pro,YouTube,qTtn8Qm62F4,Can i get it for free,0,2024-08-13T17:39:28Z
Redmi Buds 4 Pro,YouTube,qTtn8Qm62F4,Is it compatible with Samsung devices? I have S21fe and tab s8 plus.,0,2024-08-12T14:29:36Z
Redmi Buds 4 Pro,YouTube,qTtn8Qm62F4,Samsung already had these features in bud2 pro 2yrs back,0,2024-08-07T16:07:37Z
Redmi Buds 4 Pro,YouTube,qTtn8Qm62F4,Bro good editing,0,2024-08-07T08:47:25Z
Redmi Buds 4 Pro,YouTube,qTtn8Qm62F4,Bro paiso ki kuch dikkat chal raha hain kya? Looks like you have sold your soul to the brands for paid promotion.,0,2024-08-06T20:28:41Z
Redmi Buds 4 Pro,YouTube,qTtn8Qm62F4,They are hustling for money😂,0,2024-08-04T18:58:01Z
Redmi Buds 4 Pro,YouTube,qTtn8Qm62F4,Never buy techwiser's recommend product,2,2024-08-03T08:27:48Z
Redmi Buds 4 Pro,YouTube,qTtn8Qm62F4,Not iOS compatible,0,2024-08-02T11:21:17Z
Redmi Buds 4 Pro,YouTube,qTtn8Qm62F4,"Please save Bangladesh🇧🇩 and Bangladeshi students
#studentlifesmatters",0,2024-07-31T15:27:42Z
Redmi Buds 4 Pro,YouTube,qTtn8Qm62F4,Techwiser becoming ADviser,0,2024-07-29T14:00:53Z
Redmi Buds 4 Pro,YouTube,qTtn8Qm62F4,"I been using Boult audio Z40 pro, works pretty good.",0,2024-07-29T10:21:38Z
Redmi Buds 4 Pro,YouTube,qTtn8Qm62F4,"Sound quality sucks 🎉, trust me, they are the worst",1,2024-07-29T07:04:24Z
Redmi Buds 4 Pro,YouTube,qTtn8Qm62F4,AirPods Pro 2 like chote bachche ho kya 😂😂😂,1,2024-07-27T10:44:07Z
Redmi Buds 4 Pro,YouTube,qTtn8Qm62F4,Such a bad reel. So much unnecessary noise. Take feedback or we unsubscribe,0,2024-07-27T10:19:18Z
Redmi Buds 4 Pro,YouTube,qTtn8Qm62F4,Can u do JBL buds with screen one...? Requesting you..... :),1,2024-07-25T01:36:13Z
Redmi Buds 4 Pro,YouTube,qTtn8Qm62F4,Swipe the short like 👆🏼,0,2024-07-20T14:52:59Z
Redmi Buds 4 Pro,YouTube,qTtn8Qm62F4,Ever heard of iems? Try them and you will forget all the tws available in the market.,0,2024-07-20T11:48:34Z
Redmi Buds 4 Pro,YouTube,qTtn8Qm62F4,Bhai is short ko dahan sa suno ek bar 😱,0,2024-07-20T10:43:05Z
Redmi Buds 4 Pro,YouTube,qTtn8Qm62F4,Worst battery backup dont even think to buy,0,2024-07-20T10:07:17Z
Redmi Buds 4 Pro,YouTube,qTtn8Qm62F4,Samsung doing this is their 6k buds 😂,0,2024-07-19T07:28:54Z
Redmi Buds 4 Pro,YouTube,qTtn8Qm62F4,"Brother, you have many buds. give me a gift 😅😢",0,2024-07-18T15:37:12Z
Redmi Buds 4 Pro,YouTube,qTtn8Qm62F4,Baby suck do do do do do!!,0,2024-07-18T10:45:42Z
Redmi Buds 4 Pro,YouTube,qTtn8Qm62F4,Sponsorwiser,0,2024-07-18T09:31:34Z
Redmi Buds 4 Pro,YouTube,qTtn8Qm62F4,Lhdc is the highest ?!,0,2024-07-17T14:15:35Z
Redmi Buds 4 Pro,YouTube,qTtn8Qm62F4,Happy wedding anniversary both of you lot's of love 💝💝💝💝💝❤❤❤❤❤,0,2024-07-17T09:10:44Z
Redmi Buds 4 Pro,YouTube,qTtn8Qm62F4,The ads even ublock/revanced have no effect on:,0,2024-07-16T18:13:23Z
Redmi Buds 4 Pro,YouTube,qTtn8Qm62F4,"mivi with 2000 rupees, double driver. completely made in india",0,2024-07-16T13:20:11Z
Redmi Buds 4 Pro,YouTube,qTtn8Qm62F4,#comebacktechwiser,0,2024-07-14T17:27:30Z
Redmi Buds 4 Pro,YouTube,qTtn8Qm62F4,Baby suck dudu dudududu 💀,0,2024-07-14T13:54:16Z
Redmi Buds 4 Pro,YouTube,qTtn8Qm62F4,Why trolling him as advertiser he is just telling information about products 🙏🙏,0,2024-07-14T03:14:23Z
Redmi Buds 4 Pro,YouTube,qTtn8Qm62F4,Ismein Mera ghar jayega,0,2024-07-13T18:41:51Z
Redmi Buds 4 Pro,YouTube,qTtn8Qm62F4,BGM Name ?,0,2024-07-13T17:24:30Z
Redmi Buds 4 Pro,YouTube,qTtn8Qm62F4,Xm5 best tws,1,2024-07-13T13:28:52Z
Redmi Buds 4 Pro,YouTube,qTtn8Qm62F4,Ya Ya even those 💀😅 airpods are shocked 😂😂,0,2024-07-12T16:07:35Z
Redmi Buds 4 Pro,YouTube,qTtn8Qm62F4,Galaxy buds 2 is best for 5500,1,2024-07-11T12:30:35Z
Redmi Buds 4 Pro,YouTube,qTtn8Qm62F4,Although I will not buy thanks for knowledge,0,2024-07-11T02:52:58Z
Redmi Buds 4 Pro,YouTube,qTtn8Qm62F4,"Galaxy buds 2 pro, galaxy buds pro, oppo enco x2 are some of the others with dual drivers..",0,2024-07-10T18:36:27Z
Redmi Buds 4 Pro,YouTube,qTtn8Qm62F4,nice shirt,0,2024-07-10T13:51:16Z
Redmi Buds 4 Pro,YouTube,qTtn8Qm62F4,Oppo audio products are better,0,2024-07-10T12:56:58Z
Redmi Buds 4 Pro,YouTube,qTtn8Qm62F4,Only Collab i wouldn't have minded😅,0,2024-07-09T13:18:29Z
Redmi Buds 4 Pro,YouTube,qTtn8Qm62F4,Bhai buds Plus 9k k hai 😊,0,2024-07-09T06:23:56Z
Redmi Buds 4 Pro,YouTube,qTtn8Qm62F4,Mix breed h kya tu angrej?,0,2024-07-08T17:02:55Z
Redmi Buds 4 Pro,YouTube,qTtn8Qm62F4,Pahle 200 ka lead kharidne mein sochte the ab ye log 8000 earbuds sell kar rhai hai😂,0,2024-07-08T08:47:04Z
Redmi Buds 4 Pro,YouTube,qTtn8Qm62F4,And i understood literally nothing on the first watch😭😭,0,2024-07-07T17:23:11Z
Redmi Buds 4 Pro,YouTube,qTtn8Qm62F4,Last me jhatka kis kis ko laga😂😂,1,2024-07-06T16:50:59Z
Redmi Buds 4 Pro,YouTube,qTtn8Qm62F4,I forgot these two also 😂,0,2024-07-06T16:49:27Z
Redmi Buds 4 Pro,YouTube,qTtn8Qm62F4,You're so cute 😂❤,0,2024-07-06T04:47:03Z
Redmi Buds 4 Pro,YouTube,qTtn8Qm62F4,All is good until your ear drums give up,0,2024-07-05T07:22:01Z
Redmi Buds 4 Pro,YouTube,qTtn8Qm62F4,No highs no lows defenitely Bose 😂,0,2024-07-05T06:49:14Z
Redmi Buds 4 Pro,YouTube,qTtn8Qm62F4,Is it like spatial audio that comes in airpods?,0,2024-07-04T23:57:14Z
Redmi Buds 4 Pro,YouTube,qTtn8Qm62F4,10000 ka Erbuds😂😂😂😂😂😂😂,0,2024-07-04T22:40:50Z
Redmi Buds 4 Pro,YouTube,qTtn8Qm62F4,BUT WHAT IS THE BENIFIT HIRES AUDIO SONG PRICE IS 9K WHERE WE GET THAT,0,2024-07-04T16:07:54Z
Redmi Buds 4 Pro,YouTube,qTtn8Qm62F4,"He is just talking about the earphones and some new features for the first time in the Indian market. I don't understand why people keep on saying that it's an advertisement ? Just because he ain't talking about OnePlus or Xiaomi, that doesn't mean he is marketing every other brand. Relax and move on or maybe unsubscribe, if you have issues. Don't be vocal unnecessarily all the time.",0,2024-07-03T22:35:50Z
Redmi Buds 4 Pro,YouTube,qTtn8Qm62F4,Angrez ki aulaad,0,2024-07-03T17:20:59Z
Redmi Buds 4 Pro,YouTube,qTtn8Qm62F4,"This much efforts for an Ad 
Hats Off🙌",17,2024-07-03T13:55:50Z
Redmi Buds 4 Pro,YouTube,qTtn8Qm62F4,One of the worst headsets don't buy,0,2024-07-03T13:48:37Z
Redmi Buds 4 Pro,YouTube,qTtn8Qm62F4,Buds 2 pro also have this featuree,2,2024-07-03T07:45:28Z
Redmi Buds 4 Pro,YouTube,qTtn8Qm62F4,Get an IEM if you enjoy music at your home,0,2024-07-02T20:37:13Z
Redmi Buds 4 Pro,YouTube,qTtn8Qm62F4,Aaj Pratik paneer khayega,0,2024-07-02T17:23:31Z
Redmi Buds 4 Pro,YouTube,qTtn8Qm62F4,OnePlus buds 3 has these all too,3,2024-07-02T11:00:34Z
Redmi Buds 4 Pro,YouTube,qTtn8Qm62F4,noting introduced Hi-Ri first in india stop telling lies and show the truth,0,2024-07-02T03:44:58Z
Redmi Buds 4 Pro,YouTube,qTtn8Qm62F4,Kuch samjh hi nhi aaya... Khaali du du du samajh aaya.. Jo kya hai pataa nhi,0,2024-07-01T18:49:07Z
Redmi Buds 4 Pro,YouTube,qTtn8Qm62F4,"So, if I use this with IPhone, will Spatial Audio with head tracking work?",0,2024-07-01T04:03:07Z
Redmi Buds 4 Pro,YouTube,qTtn8Qm62F4,ADwiser = GAYwiser 🤡,0,2024-06-30T23:33:35Z
Redmi Buds 4 Pro,YouTube,qTtn8Qm62F4,I would still prefer plugging in my dac and 12 driver iems. No one can beat them.,0,2024-06-30T18:45:15Z
Redmi Buds 4 Pro,YouTube,qTtn8Qm62F4,Gay?,0,2024-06-30T01:11:50Z
Redmi Buds 4 Pro,YouTube,qTtn8Qm62F4,My oppo enco x2 has all these features bought 2 yrs back,0,2024-06-29T20:20:39Z
Redmi Buds 4 Pro,YouTube,qTtn8Qm62F4,Please make a video about good headphone under different price ranges,0,2024-06-29T12:17:32Z
Redmi Buds 4 Pro,YouTube,qTtn8Qm62F4,Am i watching a ad!!!? 😊,1,2024-06-29T11:27:57Z
Redmi Buds 4 Pro,YouTube,qTtn8Qm62F4,Is it Dolby head track is compatible with Motorola edge 30 ultra,0,2024-06-29T09:49:01Z
Redmi Buds 4 Pro,YouTube,qTtn8Qm62F4,What about nothing lhdc 5,0,2024-06-28T12:28:28Z
Redmi Buds 4 Pro,YouTube,qTtn8Qm62F4,Even realme and oppo had it for 3 years and added to cheaper buds now for 2599rs only 😂😂😂😂 I don't know about True Wireless buds but i know about True Adwiser now 😅,0,2024-06-28T11:12:36Z
Redmi Buds 4 Pro,YouTube,qTtn8Qm62F4,Why are we even subscribed to this advertisement channel 😡,0,2024-06-27T13:17:11Z
Redmi Buds 4 Pro,YouTube,qTtn8Qm62F4,This Channel has become unreliable to check tech reviews.. .i wouldn't recommend to see anything here,0,2024-06-27T11:29:06Z
Redmi Buds 4 Pro,YouTube,qTtn8Qm62F4,and my phone cost this ..6700 😂😂,2,2024-06-27T07:25:11Z
Redmi Buds 4 Pro,YouTube,qTtn8Qm62F4,"Features are good but, y do you over act dude….",0,2024-06-27T02:50:09Z
Redmi Buds 4 Pro,YouTube,qTtn8Qm62F4,"AirPods have all of these features since pro 1st gen, so how is it first in India btw?",0,2024-06-26T13:13:38Z
Redmi Buds 4 Pro,YouTube,qTtn8Qm62F4,"Paiso ke liye aur kitna niche giroge TW, YouTube revenue kaafi ni hai kya?
In this way you gonna loose your core audiences. Yeh shayad tumhare analytics nhi batayenge. But eventually you will. Phir hilaate rehna.

We Indians are corrupted on a whole another level.",0,2024-06-26T09:00:15Z
Redmi Buds 4 Pro,YouTube,qTtn8Qm62F4,"LDAC is superior to LHDC, 😢",0,2024-06-26T08:56:48Z
Redmi Buds 4 Pro,YouTube,qTtn8Qm62F4,Is these earbuds emits radiation?? Is it true or myth,0,2024-06-26T05:23:41Z
Redmi Buds 4 Pro,YouTube,qTtn8Qm62F4,So its has spatial audio,0,2024-06-25T18:09:43Z
Redmi Buds 4 Pro,YouTube,qTtn8Qm62F4,Sponsered by Motorola,0,2024-06-25T14:24:35Z
Redmi Buds 4 Pro,YouTube,qTtn8Qm62F4,And Realme air 6 pro kills the market,0,2024-06-25T08:37:27Z
Redmi Buds 4 Pro,YouTube,qTtn8Qm62F4,stop the the ad shit nibba,0,2024-06-24T16:50:13Z
Redmi Buds 4 Pro,YouTube,qTtn8Qm62F4,"Two drivers have been in Samsung pros for nearly 3 years now, so not something new😉",0,2024-06-24T14:43:45Z
Redmi Buds 4 Pro,YouTube,qTtn8Qm62F4,Paid wiser,0,2024-06-24T12:38:10Z
Redmi Buds 4 Pro,YouTube,qTtn8Qm62F4,don't recommend this channel with ads,0,2024-06-24T08:32:58Z
Redmi Buds 4 Pro,YouTube,qTtn8Qm62F4,Realme buds 5 pro laughing at corner,0,2024-06-24T01:37:37Z
Redmi Buds 4 Pro,YouTube,qTtn8Qm62F4,He used to be the most genuine tech guy once...,0,2024-06-22T16:16:30Z
Redmi Buds 4 Pro,YouTube,qTtn8Qm62F4,Collabwiser 😐,0,2024-06-22T14:51:58Z
Redmi Buds 4 Pro,YouTube,qTtn8Qm62F4,No app support for ios,0,2024-06-21T15:32:46Z
Redmi Buds 4 Pro,YouTube,qTtn8Qm62F4,Another Paid endorsement 👎,0,2024-06-18T16:01:14Z
Redmi Buds 4 Pro,YouTube,qTtn8Qm62F4,Wow some outstanding features in Moto buds. How good they sound? Are they better than Samsung Buds Pro?,1,2024-06-18T05:35:16Z
Redmi Buds 4 Pro,YouTube,qTtn8Qm62F4,"Moto buds and plus both look very cheap.. these companies have no sense of design... They just get components from different companies, assemble a product and start selling it mindlessly.",0,2024-06-17T20:38:00Z
Redmi Buds 4 Pro,YouTube,qTtn8Qm62F4,After seeing price my mood drops this 😍to this😭,0,2024-06-17T15:12:12Z
Redmi Buds 4 Pro,YouTube,qTtn8Qm62F4,Now it is a crime to earn money 😂😂 let him earn fools you guys who are doing negative comments do something good then you guys will also get sponsors,0,2024-06-16T12:44:22Z
Redmi Buds 4 Pro,YouTube,qTtn8Qm62F4,please review boat supreme airdopes and boat nirvana anc,0,2024-06-15T15:25:18Z
Redmi Buds 4 Pro,YouTube,qTtn8Qm62F4,Why I buy this and not samsung buds 2,0,2024-06-14T05:51:36Z
Redmi Buds 4 Pro,YouTube,qTtn8Qm62F4,I declear you  brother  there are no doubt you are the best tech youtuber right now💯,0,2024-06-12T15:59:10Z
Redmi Buds 4 Pro,YouTube,qTtn8Qm62F4,Thanks for the price vru I can’t afford it,0,2024-06-10T20:39:54Z
Redmi Buds 4 Pro,YouTube,qTtn8Qm62F4,I saw you today at the delhi visa center. Someone was complaining for not getting the visa in your team,0,2024-06-10T19:32:59Z
Redmi Buds 4 Pro,YouTube,qTtn8Qm62F4,Bose ka time ab gaya...,0,2024-06-09T15:55:49Z
Redmi Buds 4 Pro,YouTube,qTtn8Qm62F4,Nah LDAC is far better than LHDC,1,2024-06-08T16:21:47Z
Redmi Buds 4 Pro,YouTube,qTtn8Qm62F4,Bhai 7 hazar ka hai,0,2024-06-08T16:00:56Z
Redmi Buds 4 Pro,YouTube,qTtn8Qm62F4,Baby suck do dodooo💀💀💀💀,0,2024-06-08T08:26:04Z
Redmi Buds 4 Pro,YouTube,qTtn8Qm62F4,AdWiser,0,2024-06-07T19:16:29Z
Redmi Buds 4 Pro,YouTube,qTtn8Qm62F4,Ethics don't pay the bills,0,2024-06-07T17:11:45Z
Redmi Buds 4 Pro,YouTube,qTtn8Qm62F4,"Could you please suggest premium audio quality earbuds , Thank you",0,2024-06-07T08:30:06Z
Redmi Buds 4 Pro,YouTube,qTtn8Qm62F4,Rare combo of cute uncle,0,2024-06-07T04:15:20Z
Redmi Buds 4 Pro,YouTube,qTtn8Qm62F4,Somebody pull thig guy from under the stone he's living under for the past 3 yrs 😂😂😂,0,2024-06-06T16:07:39Z
Redmi Buds 4 Pro,YouTube,qTtn8Qm62F4,"I am fed up with their ""colab ""unsubscribing them.",0,2024-06-06T15:00:40Z
Redmi Buds 4 Pro,YouTube,qTtn8Qm62F4,How is it for calls?,0,2024-06-05T18:48:37Z
Redmi Buds 4 Pro,YouTube,qTtn8Qm62F4,Yall fcking dissappointing,0,2024-06-05T11:34:23Z
Redmi Buds 4 Pro,YouTube,qTtn8Qm62F4,Galaxy buds 2 pro laugh in corner 😂,0,2024-06-04T22:41:08Z
Redmi Buds 4 Pro,YouTube,qTtn8Qm62F4,"Realme Air 6 is the craziest deal in the segment. That also comes with hi-res v5 and only for Rs.3300 whereas Moto buds+ is Rs. 10,000 (Huge difference). 12.5 mm dynamic drivers with powerful yet clean bass, Dolby ATMOS and bla bla bla. Only, It's not designed by BOSE. 😂",7,2024-06-04T06:00:15Z
Redmi Buds 4 Pro,YouTube,qTtn8Qm62F4,"What the heck is this ad?

Dual driver design isnt an industry first, samsung galaxy buds have been having it for years. And LHDC is not a standard codec like AAC or LDAC, you need a phone that supports it - right now only a handful of chinese brands.
Dolby Atmos head tracking may sound new but 360° spatial audio was available in Galaxy buds for years and works exactly the same and its just a gimmick you easily get tired of.",0,2024-06-04T03:05:10Z
Redmi Buds 4 Pro,YouTube,qTtn8Qm62F4,Too too costly,0,2024-06-02T20:23:31Z
Redmi Buds 4 Pro,YouTube,qTtn8Qm62F4,Adv.,0,2024-06-02T16:00:58Z
Redmi Buds 4 Pro,YouTube,qTtn8Qm62F4,LHDC are not supported on majority of the phones.,0,2024-06-01T16:49:28Z
Redmi Buds 4 Pro,YouTube,qTtn8Qm62F4,why does it look like One+ buds pro. Same design with Same HiRes Chinese Codec LHDC instead of Standard sony's LDAC codec,0,2024-06-01T10:12:20Z
Redmi Buds 4 Pro,YouTube,qTtn8Qm62F4,Does these works with iPhone ??,0,2024-05-31T16:24:57Z
Redmi Buds 4 Pro,YouTube,qTtn8Qm62F4,What about moto buds,0,2024-05-31T15:54:35Z
Redmi Buds 4 Pro,YouTube,qTtn8Qm62F4,Techwiser ❎ AdDumber ✅,0,2024-05-30T20:13:23Z
Redmi Buds 4 Pro,YouTube,qTtn8Qm62F4,most boring design of the year goes to moto😂,0,2024-05-30T13:49:07Z
Redmi Buds 4 Pro,YouTube,qTtn8Qm62F4,Bro is obsessed with moto😂,2,2024-05-30T12:53:13Z
Redmi Buds 4 Pro,YouTube,qTtn8Qm62F4,I see lots of people realising advertiser... Yet this video have 20k likes??,0,2024-05-30T06:55:35Z
Redmi Buds 4 Pro,YouTube,qTtn8Qm62F4,Oppo Enco air 2 pro enters the chat 🗿💀,2,2024-05-29T18:59:58Z
Redmi Buds 4 Pro,YouTube,qTtn8Qm62F4,"My friend bought these, at best they are average, anc is below avg, bass is avg, battery is less than what others provide",0,2024-05-29T16:03:45Z
Redmi Buds 4 Pro,YouTube,qTtn8Qm62F4,How to get techwiser ad free subscription,0,2024-05-29T15:35:58Z
Redmi Buds 4 Pro,YouTube,qTtn8Qm62F4,Forget earbuds! These guys cooking at edits😳,3,2024-05-29T07:46:21Z
Redmi Buds 4 Pro,YouTube,qTtn8Qm62F4,Bro we get it u need money.. but this much .. nah man u r losing all credibility at this stage... stop fucking advertising,0,2024-05-28T15:48:57Z
Redmi Buds 4 Pro,YouTube,qTtn8Qm62F4,LDAC is a better codec for hi res music,0,2024-05-28T00:09:55Z
Redmi Buds 4 Pro,YouTube,qTtn8Qm62F4,"What about Smartwatches, no innovation???",0,2024-05-27T16:50:18Z
Redmi Buds 4 Pro,YouTube,qTtn8Qm62F4,Thoda pehle bnadete Ye video pichle mahine ho liye hai new TWS Maine 🥲,0,2024-05-27T16:31:37Z
Redmi Buds 4 Pro,YouTube,qTtn8Qm62F4,Absased with baby shark,0,2024-05-27T13:57:19Z
Redmi Buds 4 Pro,YouTube,qTtn8Qm62F4,They are definitely not the first ones and at that price any realme 5/6 pro beats it out of the market. Stop these shitty ads pls,0,2024-05-27T13:40:25Z
Redmi Buds 4 Pro,YouTube,qTtn8Qm62F4,My Samsung Buds 2 Pro can do the same,0,2024-05-26T18:50:39Z
Redmi Buds 4 Pro,YouTube,qTtn8Qm62F4,"Samsung buds 2 pro 11,000 price maine 9000 mai leh liya mast 3 year chal jaayenge i used buds pro for 2.5 years. Samsung wale apne buds ka promotion hih nhi karta, pata nhi kyu. For a common user best hai aur haan 10k tak ki range mai best hai.",0,2024-05-26T17:52:06Z
Redmi Buds 4 Pro,YouTube,qTtn8Qm62F4,review needed for moto buds guys,0,2024-05-26T13:14:41Z
Redmi Buds 4 Pro,YouTube,qTtn8Qm62F4,"the 2 drivers inside feature in not new, oneplus buds pro 2 has this",0,2024-05-25T18:41:18Z
Redmi Buds 4 Pro,YouTube,qTtn8Qm62F4,"Techwiser ❌
Advertiser ✅",411,2024-05-25T14:59:25Z
Redmi Buds 4 Pro,YouTube,qTtn8Qm62F4,Moto wiser,2,2024-05-25T13:20:24Z
Redmi Buds 4 Pro,YouTube,qTtn8Qm62F4,Do these work with iPhones on the same level as Android?,6,2024-05-25T08:25:18Z
Redmi Buds 4 Pro,YouTube,qTtn8Qm62F4,"Baby shark do do do do do do
And I'm convinced 🙂",1,2024-05-24T18:26:52Z
Redmi Buds 4 Pro,YouTube,qTtn8Qm62F4,This app is not available on ios😢,1,2024-05-24T17:41:27Z
Redmi Buds 4 Pro,YouTube,qTtn8Qm62F4,"Tws = ewaste in 2-3 year , buy IEM instead",4,2024-05-24T15:58:24Z
Redmi Buds 4 Pro,YouTube,qTtn8Qm62F4,Aaye haaye Collabwiser😅,48,2024-05-24T07:00:27Z
Redmi Buds 4 Pro,YouTube,qTtn8Qm62F4,"AirPods Pro 2, Sony Headphones and Galaxy Buds Pro 2 left the chat 😂😂",6,2024-05-22T14:15:36Z
Redmi Buds 4 Pro,YouTube,qTtn8Qm62F4,Is moto buds better to buy please can anyone tell me i have 2a,0,2024-05-22T04:15:36Z
Redmi Buds 4 Pro,YouTube,qTtn8Qm62F4,"Most important thing is you need to have hires audio source first to listen in hires....
Simply having tws with hires support changes nothing bro.....
It is of no use for normal people when they don't know how to use it in the 1st place...",0,2024-05-21T16:39:30Z
Redmi Buds 4 Pro,YouTube,qTtn8Qm62F4,Only a very few smartphones support LHDC,1,2024-05-21T05:12:12Z
Redmi Buds 4 Pro,YouTube,qTtn8Qm62F4,After getting good amount of money from Motorola best UI best TWS 😂😂,0,2024-05-20T04:28:44Z
Redmi Buds 4 Pro,YouTube,qTtn8Qm62F4,But is it better than oppo enco buds 2?,0,2024-05-19T16:36:29Z
Redmi Buds 4 Pro,YouTube,qTtn8Qm62F4,"Bas bohot hogaya. Waise I love Techwiser but ab bohot horaha hai. Paid review alag cheez hai but too many fake reviews now. Might come back few months later but good bye for now. Subbed since when Mrinal was the only one on screen. Very sad, current state of videos.",0,2024-05-19T12:18:41Z
Redmi Buds 4 Pro,YouTube,qTtn8Qm62F4,Kitna Paisa diya moto ne ye video banane ke liye?,0,2024-05-19T10:25:52Z
Redmi Buds 4 Pro,YouTube,qTtn8Qm62F4,After firmware update in moto buds+ buds are not connecting to pair,0,2024-05-19T04:57:10Z
Redmi Buds 4 Pro,YouTube,qTtn8Qm62F4,"Moto buds or oppo enco air 3 pro for 4000 ?
My phone doesn't support lhdc but supports ldac",0,2024-05-18T18:45:30Z
Redmi Buds 4 Pro,YouTube,qTtn8Qm62F4,Ad-viser,0,2024-05-18T04:52:01Z
Redmi Buds 4 Pro,YouTube,qTtn8Qm62F4,"Guys we should report this channel for false advertising i don't say don't do advertisements but keep the includes paid promotion tab. 

You guys need to learn from scrath again",0,2024-05-17T20:03:03Z
Redmi Buds 4 Pro,YouTube,qTtn8Qm62F4,Eh channel bika hua,0,2024-05-17T18:34:42Z
Redmi Buds 4 Pro,YouTube,qTtn8Qm62F4,Is this video advertised? If it is Shame on you and Motorola for not informing,0,2024-05-17T09:58:31Z
Redmi Buds 4 Pro,YouTube,qTtn8Qm62F4,Adwiser!,0,2024-05-17T08:31:54Z
Redmi Buds 4 Pro,YouTube,qTtn8Qm62F4,Why the hell everyone is advertising these buds.,0,2024-05-17T04:56:04Z
Redmi Buds 4 Pro,YouTube,qTtn8Qm62F4,🔥Prateek🔥,0,2024-05-17T01:05:38Z
Redmi Buds 4 Pro,YouTube,qTtn8Qm62F4,I think Moto pays these guys more than any other brand. All youtubers are recommending their products.,2,2024-05-16T20:19:36Z
Redmi Buds 4 Pro,YouTube,qTtn8Qm62F4,There was a time when these guys use to review tech.,0,2024-05-16T20:09:12Z
Redmi Buds 4 Pro,YouTube,qTtn8Qm62F4,More creative than moto ad,0,2024-05-16T17:36:53Z
Redmi Buds 4 Pro,YouTube,qTtn8Qm62F4,"Where have I seen these before? Oh yeah, OnePlus Buds Pro 2💀",0,2024-05-16T17:01:16Z
Redmi Buds 4 Pro,YouTube,qTtn8Qm62F4,realme buds air 5 also has hi res ?,1,2024-05-16T15:41:37Z
Redmi Buds 4 Pro,YouTube,qTtn8Qm62F4,Just buy a fucking usb with a tangzu wan'er and it will sound better than this shit,0,2024-05-16T10:48:31Z
Redmi Buds 4 Pro,YouTube,qTtn8Qm62F4,"For those who are saying ads, adwiser etc read this!
They mentioned directly in the description right!

If you're a product maker you give money to youtubers and make your product spread wide across people for purchasing so how can you think like paid kind of stuff. TW is just promoting the tws by showing its abilities. He didn't force you to buy! I see tonnes of comments the same as you Please change your thinking.

You will only understand a brand struggle to Market their product to the public only when you do a product business.

Or if you are working for a product company talk to your marketing executives and sales executives how they are struggling to market that product.",1,2024-05-16T10:31:05Z
Redmi Buds 4 Pro,YouTube,qTtn8Qm62F4,Aaj paneer banega pratik bhai 😅,0,2024-05-16T07:15:51Z
Redmi Buds 4 Pro,YouTube,qTtn8Qm62F4,Shark dodododdodo,1,2024-05-16T07:12:39Z
Redmi Buds 4 Pro,YouTube,qTtn8Qm62F4,Successfully unsubscribed.. It is just ads in this channel now.. disappointed!!!,0,2024-05-15T21:02:06Z
Redmi Buds 4 Pro,YouTube,qTtn8Qm62F4,Trend ke saath editor chalta hua😂❤,2,2024-05-15T20:58:14Z
Redmi Buds 4 Pro,YouTube,qTtn8Qm62F4,Hit*,0,2024-05-15T19:59:54Z
Redmi Buds 4 Pro,YouTube,qTtn8Qm62F4,Bhai aek bhejwa de mra one month se kharab ho gya h 😊,0,2024-05-15T19:39:35Z
Redmi Buds 4 Pro,YouTube,qTtn8Qm62F4,Bhai ko lagta hai ki iski video America Wale dekhte hai ya to Hindi nahi aati😅,0,2024-05-15T17:59:21Z
Redmi Buds 4 Pro,YouTube,qTtn8Qm62F4,Compare it with oppo enco,1,2024-05-15T16:12:05Z
Redmi Buds 4 Pro,YouTube,qTtn8Qm62F4,Moto products and the ads both are extremely annoying,0,2024-05-15T14:53:14Z
Redmi Buds 4 Pro,YouTube,qTtn8Qm62F4,Promotion karne ka tarika thoda caused hai bahut bekar,0,2024-05-15T14:20:45Z
Redmi Buds 4 Pro,YouTube,qTtn8Qm62F4,I have YouTube premium then why I am I getting ads?,0,2024-05-15T12:19:49Z
Redmi Buds 4 Pro,YouTube,qTtn8Qm62F4,U can easily know this is psid promotion when he dont complain much about them,2,2024-05-15T08:21:08Z
Redmi Buds 4 Pro,YouTube,qTtn8Qm62F4,#ADWISER,0,2024-05-15T07:42:36Z
Redmi Buds 4 Pro,YouTube,qTtn8Qm62F4,That LHDC explanation was 👍🏻,51,2024-05-15T05:51:18Z
Redmi Buds 4 Pro,YouTube,qTtn8Qm62F4,Adwiser always on time,3,2024-05-15T02:22:55Z
Redmi Buds 4 Pro,YouTube,qTtn8Qm62F4,Baby suck dudu dudu....💀💀,1,2024-05-14T21:33:56Z
Redmi Buds 4 Pro,YouTube,qTtn8Qm62F4,Even YT premium can't block these types of cheap 3rd class Ads,0,2024-05-14T18:21:40Z
Redmi Buds 4 Pro,YouTube,qTtn8Qm62F4,Ads ?,0,2024-05-14T12:59:24Z
Redmi Buds 4 Pro,YouTube,qTtn8Qm62F4,I am your old subscriber. Please put a disclaimer for the ad on the video and not in the hidden description on YouTube. Enough is enough now.,1,2024-05-14T12:49:52Z
Redmi Buds 4 Pro,YouTube,qTtn8Qm62F4,Selloutwiser is here,0,2024-05-14T10:38:52Z
Redmi Buds 4 Pro,YouTube,qTtn8Qm62F4,If this is a ad... I love it😂,0,2024-05-14T10:36:55Z
Redmi Buds 4 Pro,YouTube,qTtn8Qm62F4,Any giveaway,0,2024-05-14T07:22:49Z
Redmi Buds 4 Pro,YouTube,qTtn8Qm62F4,"@techwiser, are you guys going to review all buds? Like jabra, Sony, Bose, etc? Pls tell. I'm waiting for that video",2,2024-05-14T07:18:14Z
Redmi Buds 4 Pro,YouTube,qTtn8Qm62F4,"Buds+ 🤔, can I use it for ios , is it better…😬to use",0,2024-05-14T06:43:20Z
Redmi Buds 4 Pro,YouTube,qTtn8Qm62F4,Techwiser ❌ Advertiser ✅,4,2024-05-14T04:30:55Z
Redmi Buds 4 Pro,YouTube,qTtn8Qm62F4,I see a realme buds q2 box I lost my charging case of it and realme doesn't have these in stock if you have any extra case  can you sell it to me 😂😂,0,2024-05-14T03:16:20Z
Redmi Buds 4 Pro,YouTube,qTtn8Qm62F4,Wire user now and ever,0,2024-05-14T03:07:59Z
Redmi Buds 4 Pro,YouTube,qTtn8Qm62F4,Kya bakchodi kr ra h,0,2024-05-13T20:48:22Z
Redmi Buds 4 Pro,YouTube,qTtn8Qm62F4,Lhdc v5 for the regular buds works only if your phone supports it. Sillycorns already made it clear. Don't post anything without testing.,327,2024-05-13T19:12:42Z
Redmi Buds 4 Pro,YouTube,qTtn8Qm62F4,Adviser,0,2024-05-13T18:58:44Z
Redmi Buds 4 Pro,YouTube,qTtn8Qm62F4,Yup !! Forgot my AirPods 🖕🏻,0,2024-05-13T18:58:22Z
Redmi Buds 4 Pro,YouTube,qTtn8Qm62F4,Lhdc my foot 🦶..LDAC in my WH1000XM4 NO buds can beat them...,1,2024-05-13T18:55:55Z
Redmi Buds 4 Pro,YouTube,qTtn8Qm62F4,"Please help I can find where my tws are. What tws did I owned, wtf. I can't remember",0,2024-05-13T18:42:40Z
Redmi Buds 4 Pro,YouTube,qTtn8Qm62F4,Hey Sir can You Send The Link Of Your T shirt  you wear in this video,0,2024-05-13T18:40:02Z
Redmi Buds 4 Pro,YouTube,qTtn8Qm62F4,"I m listening this video from 1200 INR blaupankt, also able to differentiate baby Shak do do do. 😂",3,2024-05-13T18:35:21Z
Redmi Buds 4 Pro,YouTube,qTtn8Qm62F4,"Bhai i followed you because you were a good tech you tuber, i know you need to do ads in order to earn money, but do the ads moderately and subtly, please bring back old content back.",0,2024-05-13T18:12:34Z
Redmi Buds 4 Pro,YouTube,qTtn8Qm62F4,Adwiser hit different 😂 honest review left decade ago😢,0,2024-05-13T17:57:38Z
Redmi Buds 4 Pro,YouTube,qTtn8Qm62F4,Compare buds + with nothing ear 2 and OnePlus buds please,0,2024-05-13T17:53:11Z
Redmi Buds 4 Pro,YouTube,qTtn8Qm62F4,"I am planing to buy a laptop:

Is this good? 

Lenovo IdeaPad Gaming 3 AMD Ryzen 7 5800H 15.6"" (39.62cm) FHD IPS Gaming Laptop (16GB/512GB SSD/6GB NVIDIA RTX 3060/165Hz/Win 11/Office 2021/Backlit/3months Game Pass/Shadow Black/2.25Kg), 82K201UNIN


Please lmk",0,2024-05-13T17:47:56Z
Redmi Buds 4 Pro,YouTube,qTtn8Qm62F4,full review video.......?,0,2024-05-13T17:35:00Z
Redmi Buds 4 Pro,YouTube,qTtn8Qm62F4,Techwiser❌ Advertiser✅,3298,2024-05-13T17:33:25Z
Redmi Buds 4 Pro,YouTube,qTtn8Qm62F4,I have 800 rs earbuds 🥲 And l am happy 🥲,0,2024-05-13T17:09:00Z
Redmi Buds 4 Pro,YouTube,qTtn8Qm62F4,Is this techwiser channel? Can Anyone say?,0,2024-05-13T17:03:25Z
Redmi Buds 4 Pro,YouTube,qTtn8Qm62F4,Compare it with np ear 3,0,2024-05-13T16:55:24Z
Redmi Buds 4 Pro,YouTube,qTtn8Qm62F4,Do compare moto buds+ with Nothing Ear (2)...@Techwiser,1,2024-05-13T16:45:56Z
Redmi Buds 4 Pro,YouTube,qTtn8Qm62F4,Adwiser😮,0,2024-05-13T16:35:01Z
Redmi Buds 4 Pro,YouTube,qTtn8Qm62F4,And me with rs 1500 😬😬,1,2024-05-13T16:13:55Z
Redmi Buds 4 Pro,YouTube,qTtn8Qm62F4,Galaxy buds + has two drivers 4 years back then 1 bass and 1 tweeter it’s not the first time sound was tuned by akg.,137,2024-05-13T15:54:54Z
Redmi Buds 4 Pro,YouTube,qTtn8Qm62F4,Mujhe kya mere toh kaan hi kharab hain! 😙,1,2024-05-13T15:22:16Z
Redmi Buds 4 Pro,YouTube,qTtn8Qm62F4,everybody in the comment section wants him to just badmouth every product he comes across or else he's getting sponsored...well then in that case don't buy majority of the tech products...becoz according to you guys every tech product on earth is bad...idiots,0,2024-05-13T15:21:59Z
Redmi Buds 4 Pro,YouTube,qTtn8Qm62F4,"I have wings Tws in offer I got 15 months warrenty and now it is 13 months old I am facing sound problem on left side of earbuds when I tried to claim warrenty.
A mail came from wings says that it's out of warranty product can anyone tell me what to do....?",0,2024-05-13T15:15:22Z
Redmi Buds 4 Pro,YouTube,qTtn8Qm62F4,Once this channel was a genuine tech channel,2208,2024-05-13T14:50:18Z
Redmi Buds 4 Pro,YouTube,qTtn8Qm62F4,Is it better than Samsung Galaxy Bud 2?,0,2024-05-13T14:48:39Z
Redmi Buds 4 Pro,YouTube,qTtn8Qm62F4,Even my brave browser couldn't block ads from Techwiser🥲,0,2024-05-13T14:44:55Z
Redmi Buds 4 Pro,YouTube,qTtn8Qm62F4,I'm going to forget this channel exist 🙄.,0,2024-05-13T14:44:44Z
Redmi Buds 4 Pro,YouTube,qTtn8Qm62F4,Kuch toh Sharam karlo Adwiser,0,2024-05-13T14:34:47Z
Redmi Buds 4 Pro,YouTube,qTtn8Qm62F4,Baby do do do do....,0,2024-05-13T14:33:52Z
Redmi Buds 4 Pro,YouTube,qTtn8Qm62F4,Bro Baby Shark💀💀,0,2024-05-13T14:31:15Z
Redmi Buds 4 Pro,YouTube,qTtn8Qm62F4,Boat la Nirvana ion anc lelo 2700 ki range mein best hai ye faltu paisa kon lagaye,0,2024-05-13T14:29:19Z
Redmi Buds 4 Pro,YouTube,qTtn8Qm62F4,Even Ad Blocker and YouTube premium can't block this kind of Ads 😂😂,6932,2024-05-13T14:28:18Z
Redmi Buds 4 Pro,YouTube,qTtn8Qm62F4,Advisor is here boissss,39,2024-05-13T14:24:14Z
Redmi Buds 4 Pro,YouTube,qTtn8Qm62F4,Still wired >>wireless 🥱🥱,0,2024-05-13T14:23:04Z
Redmi Buds 4 Pro,YouTube,qTtn8Qm62F4,S 23 fe heats a lot even when it turns off. Gimme any solution.,0,2024-05-13T14:15:13Z
Redmi Buds 4 Pro,YouTube,qTtn8Qm62F4,Including paid promotion is missing collabwiser🤡,17,2024-05-13T14:07:25Z
Redmi Buds 4 Pro,YouTube,qTtn8Qm62F4,These features are available only in moto phones??,0,2024-05-13T14:06:54Z
Redmi Buds 4 Pro,YouTube,qTtn8Qm62F4,I bought realme buds air 5 pro satisfied,0,2024-05-13T13:58:44Z
Redmi Buds 4 Pro,YouTube,qTtn8Qm62F4,adwiser is back.,385,2024-05-13T13:55:05Z
Redmi Buds 4 Pro,YouTube,qTtn8Qm62F4,"Why is Includes paid promotion not there 
I totally understand brands dint want you to say that but not even mentioning paid is bad and illegal too ig
Edit: they have mentioned in the description but that is not enough please dont do this",1,2024-05-13T13:52:27Z
Redmi Buds 4 Pro,YouTube,qTtn8Qm62F4,Baby shark 🦈 dududu😂,3,2024-05-13T13:49:34Z
Redmi Buds 4 Pro,YouTube,qTtn8Qm62F4,#Adwiser,2,2024-05-13T13:49:34Z
Redmi Buds 4 Pro,YouTube,qTtn8Qm62F4,Can I get this for free 😂,0,2024-05-13T13:40:15Z
Redmi Buds 4 Pro,YouTube,qTtn8Qm62F4,going to listen baby shark😂,7,2024-05-13T13:39:15Z
Redmi Buds 4 Pro,YouTube,qTtn8Qm62F4,Indian baby shark hits different,13,2024-05-13T13:37:03Z
Redmi Buds 4 Pro,YouTube,qTtn8Qm62F4,"Eyy look collabwiser is back

400+ likes thanks guys (not that anyone cares tho lol)",523,2024-05-13T13:35:12Z
Redmi Buds 4 Pro,YouTube,qTtn8Qm62F4,Overpriced.,0,2024-05-13T13:33:21Z
Redmi Buds 4 Pro,YouTube,qTtn8Qm62F4,Moto buds price💀,5,2024-05-13T13:31:37Z
Redmi Buds 4 Pro,YouTube,qTtn8Qm62F4,Even this TWS TOO beg to my ''IEM'' kz zs 10 pro x,0,2024-05-13T13:27:14Z
Redmi Buds 4 Pro,YouTube,qTtn8Qm62F4,4th comment,0,2024-05-13T13:23:02Z
Redmi Buds 4 Pro,YouTube,qTtn8Qm62F4,Bro said also airpods. The apple fans be like 😅,0,2024-05-13T13:20:17Z
Redmi Buds 4 Pro,YouTube,qTtn8Qm62F4,1st to comment 🎉,0,2024-05-13T13:19:33Z
Redmi Buds 4 Pro,YouTube,qTtn8Qm62F4,First comment 😮,0,2024-05-13T13:19:23Z
Redmi Buds 4 Pro,YouTube,hH6Z65f6C30,All the links at sillycorns.shop 😇,96,2025-02-18T13:08:26Z
Redmi Buds 4 Pro,YouTube,hH6Z65f6C30,What about Moto buds bass? Are they good?,0,2026-01-13T18:06:30Z
Redmi Buds 4 Pro,YouTube,hH6Z65f6C30,"Nothing has a bad battery life after a few months of usage, complete waste of money",0,2026-01-10T10:45:55Z
Redmi Buds 4 Pro,YouTube,hH6Z65f6C30,I am using it from one year but now from last 1 month I am having microphone issue with it .,0,2025-12-25T15:19:04Z
Redmi Buds 4 Pro,YouTube,hH6Z65f6C30,"Epstein file bhi Hindenburg ki file ki trha hogi.
Sbhi ka reaction Kya tha yo😂😂😂",1,2025-12-18T12:34:05Z
Redmi Buds 4 Pro,YouTube,hH6Z65f6C30,Realme t310 or CMF buds pro 2 ? Which one should I choose,0,2025-12-14T11:15:23Z
Redmi Buds 4 Pro,YouTube,hH6Z65f6C30,incorrect prices,0,2025-12-10T16:50:32Z
Redmi Buds 4 Pro,YouTube,hH6Z65f6C30,Bro charger h t 310 ka,0,2025-12-04T10:27:31Z
Redmi Buds 4 Pro,YouTube,hH6Z65f6C30,bruh you got blue eyes....,0,2025-12-04T08:14:33Z
Redmi Buds 4 Pro,YouTube,hH6Z65f6C30,Got t310 for 1700 from blinkit 😂,1,2025-12-03T15:26:34Z
Redmi Buds 4 Pro,YouTube,hH6Z65f6C30,Use redmi buds 5 they are just sooo good ❤❤ them 😅😅😅,0,2025-11-17T10:13:13Z
Redmi Buds 4 Pro,YouTube,hH6Z65f6C30,"Never go for oneplus buds. These are not durable, although sound quality is good. I bought one and couldn't use it for more than 2 months. Sent it to service centre multiple times but they didn't fix it",0,2025-11-04T04:52:11Z
Redmi Buds 4 Pro,YouTube,hH6Z65f6C30,Realme buds t310 😍,1,2025-10-19T13:53:14Z
Redmi Buds 4 Pro,YouTube,hH6Z65f6C30,Don't believe him. He promote fake website and fake product. Like CMF earbuds form Yoatx website,0,2025-10-16T08:12:00Z
Redmi Buds 4 Pro,YouTube,hH6Z65f6C30,I got the t310 at 1700 last year before dussera 💀,0,2025-10-12T19:25:53Z
Redmi Buds 4 Pro,YouTube,hH6Z65f6C30,"what a shitty video, no tech specs no battery specs. Best in what catgory - blabbering?",0,2025-10-10T16:04:23Z
Redmi Buds 4 Pro,YouTube,hH6Z65f6C30,Cmf buds 2 pro or oneplus buds 3 ???,0,2025-10-09T13:05:58Z
Redmi Buds 4 Pro,YouTube,hH6Z65f6C30,T310  are amazing you can buy it value for money,0,2025-10-05T18:18:27Z
Redmi Buds 4 Pro,YouTube,hH6Z65f6C30,Bhai aap thode se kanaiya ho kya😅,0,2025-09-29T17:23:49Z
Redmi Buds 4 Pro,YouTube,hH6Z65f6C30,I got the oneplus nord buds 3 pro for 1999,0,2025-09-28T16:53:58Z
Redmi Buds 4 Pro,YouTube,hH6Z65f6C30,Oneplus buds 3 are the best earphone ever,0,2025-09-26T19:03:21Z
Redmi Buds 4 Pro,YouTube,hH6Z65f6C30,Lena vahi jiska service centre apke Sahar mei ho realme theek hai,0,2025-09-20T12:28:51Z
Redmi Buds 4 Pro,YouTube,hH6Z65f6C30,Bhai camere pe dekh ke baat kro na 😞,0,2025-09-19T22:41:34Z
Redmi Buds 4 Pro,YouTube,hH6Z65f6C30,"Can you please suggest me a good tws for iPhone under 2000? 
I have checked flipkart and amazon but read the reviews I was not satisfied.
My main purpose for music and better calling facility",1,2025-09-09T16:59:46Z
Redmi Buds 4 Pro,YouTube,hH6Z65f6C30,First non bot comment.,0,2025-08-17T21:02:00Z
Redmi Buds 4 Pro,YouTube,hH6Z65f6C30,OPPO enco buds 3 best hai 1800 mein 🔥,0,2025-08-10T15:15:41Z
Redmi Buds 4 Pro,YouTube,hH6Z65f6C30,"Iam watching this video because my cmf is not working after one year, worst product",0,2025-08-10T05:20:24Z
Redmi Buds 4 Pro,YouTube,hH6Z65f6C30,Oneplus nord buds 3 i  was using and they are amazing,0,2025-08-06T10:26:52Z
Redmi Buds 4 Pro,YouTube,hH6Z65f6C30,"Don't buy nothing.i got two models.two head phone battery drain speedy,case charge draineee speedy",0,2025-08-02T20:58:12Z
Redmi Buds 4 Pro,YouTube,hH6Z65f6C30,Make money,0,2025-08-01T07:13:16Z
Redmi Buds 4 Pro,YouTube,hH6Z65f6C30,earfuns THE BEST,0,2025-07-31T21:13:00Z
Redmi Buds 4 Pro,YouTube,hH6Z65f6C30,Are bhaiya budget bola tha apne😂😂😂 under 1k samajke click kardiya aukad dekh ke ja raha hu like deke,1,2025-07-31T20:38:28Z
Redmi Buds 4 Pro,YouTube,hH6Z65f6C30,I'm using oppo enco buds 2 almost 9 month it's one of the best Earbuds ♥️🔥,0,2025-07-31T16:08:52Z
Redmi Buds 4 Pro,YouTube,hH6Z65f6C30,"Guys, I own CMF Buds Pro and Pro 2. For the first six months, everything was working fine, but after that, the left earphone doesn't charge, and I need to repair Bluetooth again and again to use the left one. I found that the issue is with the app, so I am using Nothing X version 2.4.12, and everything is working fine now. Can anyone report this issue to Nothing?",0,2025-07-27T10:00:58Z
Redmi Buds 4 Pro,YouTube,hH6Z65f6C30,How much for your eyes,0,2025-07-26T04:06:45Z
Redmi Buds 4 Pro,YouTube,hH6Z65f6C30,"Shame there is and seems like there never will be a oppo enco buds 3
It seems the nord buds 3 takes its place",0,2025-07-22T16:47:59Z
Redmi Buds 4 Pro,YouTube,hH6Z65f6C30,Realme T310s are better then Nothing,0,2025-07-22T12:58:02Z
Redmi Buds 4 Pro,YouTube,hH6Z65f6C30,These are not the budget tws 😂,0,2025-07-22T11:26:06Z
Redmi Buds 4 Pro,YouTube,hH6Z65f6C30,why not SKULLCANDY RAIL ANC,0,2025-07-21T15:15:09Z
Redmi Buds 4 Pro,YouTube,hH6Z65f6C30,"Hey dude, just wanted to say I love your enthusiasm in your videos! I'll definitely be watching your videos again 😎👍",3,2025-07-21T08:06:51Z
Redmi Buds 4 Pro,YouTube,hH6Z65f6C30,You didn't mention realme air 7,0,2025-07-18T05:51:46Z
Redmi Buds 4 Pro,YouTube,hH6Z65f6C30,Bro cover IEM earphones 🙌,0,2025-07-15T13:39:27Z
Redmi Buds 4 Pro,YouTube,hH6Z65f6C30,Ashley look at me 👀,0,2025-07-15T12:26:38Z
Redmi Buds 4 Pro,YouTube,hH6Z65f6C30,Grand t310 in 1305₹❤😊,0,2025-07-12T16:27:37Z
Redmi Buds 4 Pro,YouTube,hH6Z65f6C30,Realme t310 are available for 1699 right now ... If some one want to buy.....I ordered 😁,6,2025-07-12T11:50:41Z
Redmi Buds 4 Pro,YouTube,hH6Z65f6C30,For movie and calling realme t3100 or oneplus nord 3,0,2025-07-12T05:37:41Z
Redmi Buds 4 Pro,YouTube,hH6Z65f6C30,310 realme,0,2025-07-12T03:27:14Z
Redmi Buds 4 Pro,YouTube,hH6Z65f6C30,"For audio devices like neckband, tws - OnePlus, Realme , oppo are best pick",7,2025-07-05T10:44:15Z
Redmi Buds 4 Pro,YouTube,hH6Z65f6C30,Ye toh andha h,0,2025-07-05T08:33:56Z
Redmi Buds 4 Pro,YouTube,hH6Z65f6C30,"Filpkart Is Biggest Fraudster, I Bought Oppo Enco Buds air 3 pro, Send Me Used ....",0,2025-07-05T05:44:06Z
Redmi Buds 4 Pro,YouTube,hH6Z65f6C30,realme buds are for the 1700₹ in there website rn,1,2025-07-05T01:43:38Z
Redmi Buds 4 Pro,YouTube,hH6Z65f6C30,"Cmf buds pro 2 is absolutely sh*t and bs piece of trash , i barely get 2 hours of battery backup without the anc mode on, what a waste of money , big disappointment from nothing.",0,2025-07-02T11:03:52Z
Redmi Buds 4 Pro,YouTube,hH6Z65f6C30,Don't purchase CMF..stops working after 1 year😂,0,2025-06-23T14:42:17Z
Redmi Buds 4 Pro,YouTube,hH6Z65f6C30,Isme sabse Best कोण  sa hai,0,2025-06-21T05:29:58Z
Redmi Buds 4 Pro,YouTube,hH6Z65f6C30,Isme budget kaha hai,0,2025-06-19T06:28:25Z
Redmi Buds 4 Pro,YouTube,hH6Z65f6C30,😂😂😂 where is BUDGET part???? All the way priced to 4000 Rs is not budget in any angle,0,2025-06-18T10:14:18Z
Redmi Buds 4 Pro,YouTube,hH6Z65f6C30,When did 2500+ become budget 😂,0,2025-06-18T05:53:52Z
Redmi Buds 4 Pro,YouTube,hH6Z65f6C30,using Realme techlife buds T100 on 3 years best one✌️,0,2025-06-17T19:05:51Z
Redmi Buds 4 Pro,YouTube,hH6Z65f6C30,CMF Buds 2 Plus online kyu nahi mil raha  hia?????,0,2025-06-15T09:21:23Z
Redmi Buds 4 Pro,YouTube,hH6Z65f6C30,"Relax guys 
Bhai ek aakh se script padh raha hai",0,2025-06-13T13:27:18Z
Redmi Buds 4 Pro,YouTube,hH6Z65f6C30,My favourite realme wireless 6,0,2025-06-13T12:53:24Z
Redmi Buds 4 Pro,YouTube,hH6Z65f6C30,This guy can sell 💩 also.,0,2025-06-13T01:41:15Z
Redmi Buds 4 Pro,YouTube,hH6Z65f6C30,JBL STILL,0,2025-06-12T16:58:16Z
Redmi Buds 4 Pro,YouTube,hH6Z65f6C30,👹,0,2025-06-11T06:30:10Z
Redmi Buds 4 Pro,YouTube,hH6Z65f6C30,I am using realme t310. Best in the segment. Good audio and calling. Decent ANC.,1,2025-06-06T18:18:22Z
Redmi Buds 4 Pro,YouTube,hH6Z65f6C30,Bhai aap ka left wala eye zada lefte hai,0,2025-06-05T13:28:34Z
Redmi Buds 4 Pro,YouTube,hH6Z65f6C30,Why people call them earbuds ? So they look like buds they are stem not buds,0,2025-06-05T13:06:30Z
Redmi Buds 4 Pro,YouTube,hH6Z65f6C30,Realme t310 bought today for 1500 is it good?,0,2025-06-04T18:53:23Z
Redmi Buds 4 Pro,YouTube,hH6Z65f6C30,Bhai aapko benghapan  hai kya,0,2025-05-25T07:53:14Z
Redmi Buds 4 Pro,YouTube,hH6Z65f6C30,Why are you so excited 😂,0,2025-05-24T11:26:24Z
Redmi Buds 4 Pro,YouTube,hH6Z65f6C30,Not redmi it realme,0,2025-05-24T05:32:04Z
Redmi Buds 4 Pro,YouTube,hH6Z65f6C30,Sony WC 510?,0,2025-05-24T04:56:08Z
Redmi Buds 4 Pro,YouTube,hH6Z65f6C30,"Bhai agar koi buds kharid rehi ho toh fir sach bat suno, kuch bhi mat lo plz only oneplus ka lena baki sab bakwas hai, mujhe pata hai mene use kya hu... Or please 40 hr plue battery backup lena nhi to bad me pachtawoge, or OPPO realme boat Yeh sab bakwas hai,  compare bhi mat karo oneplus ke sath or lena bhi mat, thora pesa lagaw but oneplus lo... Sale ke lia Thora wait karo 2000 me best deal mil jayega oneplus 3, itna lamba comment mere liya nhi kya, apke liya, mera 1 rupiya bhi profit nhi hoga, mujhe Yeh video mila to bol di....",3,2025-05-22T20:26:04Z
Redmi Buds 4 Pro,YouTube,hH6Z65f6C30,Anyone please tell which will be best anc earbuds below 2500,1,2025-05-22T13:55:59Z
Redmi Buds 4 Pro,YouTube,hH6Z65f6C30,Nothing is really unique with their products......Great to see that they are not trying to copy apple like other brands,2,2025-05-21T08:30:23Z
Redmi Buds 4 Pro,YouTube,hH6Z65f6C30,Tera,0,2025-05-13T08:24:51Z
Redmi Buds 4 Pro,YouTube,hH6Z65f6C30,Bought CMF buds and it's better than realme and oneplus 🤫,0,2025-05-08T07:18:47Z
Redmi Buds 4 Pro,YouTube,hH6Z65f6C30,One plus nord buds 3 has a FKIN 94MS LATENCY,1,2025-05-06T13:32:22Z
Redmi Buds 4 Pro,YouTube,hH6Z65f6C30,Which is better for call quality?,0,2025-05-06T12:03:09Z
Redmi Buds 4 Pro,YouTube,hH6Z65f6C30,Boult klarity 3 No problems till now have been using since last year,0,2025-05-04T13:27:18Z
Redmi Buds 4 Pro,YouTube,hH6Z65f6C30,"Can someone pls tell which one i should go for ? 
1) oneplus earbuds 2r
2) oneplus earbuds nord 3",5,2025-05-04T03:52:11Z
Redmi Buds 4 Pro,YouTube,hH6Z65f6C30,Cmf buds vs realme t310 which is better?,4,2025-05-03T12:52:17Z
Redmi Buds 4 Pro,YouTube,hH6Z65f6C30,Don't uiu rhink that realme buds air 7 is better than oneplus buds 3 ?,0,2025-05-01T02:22:01Z
Redmi Buds 4 Pro,YouTube,hH6Z65f6C30,Been using the oneplus buds 3....and loving it....❤❤,5,2025-04-29T03:11:21Z
Redmi Buds 4 Pro,YouTube,hH6Z65f6C30,Using Oppo enco buds 2 for the past 2 years. This is the beast in quality and audio❤,17,2025-04-24T02:26:47Z
Redmi Buds 4 Pro,YouTube,hH6Z65f6C30,When conference and knowledge beat bhengaban🎉🎉🎉🎉🎉🎉🎉,0,2025-04-23T08:21:12Z
Redmi Buds 4 Pro,YouTube,hH6Z65f6C30,Which one has the lowest latency,0,2025-04-23T07:59:38Z
Redmi Buds 4 Pro,YouTube,hH6Z65f6C30,I've been using realme tech life t100 for more than 2 years now. Solid TWS @1500. 🔥,16,2025-04-17T11:54:39Z
Redmi Buds 4 Pro,YouTube,hH6Z65f6C30,Which is the best,0,2025-04-17T10:20:41Z
Redmi Buds 4 Pro,YouTube,hH6Z65f6C30,Realme buds air 6 ?,0,2025-04-14T09:00:22Z
Redmi Buds 4 Pro,YouTube,hH6Z65f6C30,I love your background bass beats sound 👌,0,2025-04-11T07:30:37Z
Redmi Buds 4 Pro,YouTube,hH6Z65f6C30,"been using one plus buds 3 for a year, and can say it is the best sounding earbuds for the price",0,2025-04-09T12:26:23Z
Redmi Buds 4 Pro,YouTube,hH6Z65f6C30,Is one plus buds 3 compatible with iPhone?,1,2025-04-07T12:37:16Z
Redmi Buds 4 Pro,YouTube,hH6Z65f6C30,If you need the more sound quality go for iems,0,2025-04-06T14:03:38Z
Redmi Buds 4 Pro,YouTube,hH6Z65f6C30,"Don't get the cmf buds pro 2, after 6 months of use the battery lasts for barely 30 mins now",0,2025-04-06T07:00:45Z
Redmi Buds 4 Pro,YouTube,hH6Z65f6C30,Behnga,0,2025-04-06T03:15:00Z
Redmi Buds 4 Pro,YouTube,hH6Z65f6C30,Behnha,0,2025-04-06T03:14:52Z
Redmi Buds 4 Pro,YouTube,hH6Z65f6C30,The Realme T310 are $1.00 on AliExpress right now 🥰,0,2025-04-05T20:46:57Z
Redmi Buds 4 Pro,YouTube,hH6Z65f6C30,Best under 1000?,0,2025-04-05T12:48:13Z
Redmi Buds 4 Pro,YouTube,hH6Z65f6C30,"Nah, Oppo Air 3/2 Pro destroys all of them",0,2025-03-28T02:20:04Z
Redmi Buds 4 Pro,YouTube,hH6Z65f6C30,What about pixel buds pro at 8k currently? @sillycornsmedia,0,2025-03-26T03:07:05Z
Redmi Buds 4 Pro,YouTube,hH6Z65f6C30,🖐️✌️ye kitne hai 💀,0,2025-03-25T10:46:40Z
Redmi Buds 4 Pro,YouTube,hH6Z65f6C30,for 4000 we can get sony tws also..\,2,2025-03-25T06:08:20Z
Redmi Buds 4 Pro,YouTube,hH6Z65f6C30,"using the enco buds 1 for the last 3years . Sometimes i face connectivity issues but its not that much of a hassle and the sound quality is just on point , solid value",2,2025-03-19T20:04:30Z
Redmi Buds 4 Pro,YouTube,hH6Z65f6C30,Oppo enco air 3 pro,0,2025-03-19T05:25:55Z
Redmi Buds 4 Pro,YouTube,hH6Z65f6C30,@sillycornsMedia try moondrop space one,0,2025-03-10T03:33:33Z
Redmi Buds 4 Pro,YouTube,hH6Z65f6C30,"Got boat nirvana for 1399 😊
That 100 hr battery is really great, as I often forget to change",0,2025-03-02T15:10:39Z
Redmi Buds 4 Pro,YouTube,hH6Z65f6C30,I Purchased last year cmf buds @1900 soon after they launched and now cmf buds pro 2 @3000 as I like its anc & battery life☺️,0,2025-03-02T09:23:07Z
Redmi Buds 4 Pro,YouTube,hH6Z65f6C30,Boult mustang torq😌,0,2025-03-02T08:36:21Z
Redmi Buds 4 Pro,YouTube,hH6Z65f6C30,"What about realme 5 Pro ???
It come also in same price bracket.",1,2025-02-28T11:41:23Z
Redmi Buds 4 Pro,YouTube,hH6Z65f6C30,Bro forgot what budget is,2,2025-02-25T08:47:24Z
Redmi Buds 4 Pro,YouTube,hH6Z65f6C30,"i bought dizo gopods neo for 1800 (realme buds q2 similar or maybe exact same) 3 years ago, and it is still better than my parents' tws (boat and noise of 1500 rupees), from 1 2 months, its left earphone feels somewhat less louder than the right one and the left one has also lost its abolity to change normal mode to transparency mode and ANC but these are still so damn good, judt after 6 months of buying it they got out of stock and are still not available to buy, they are definetly worth it",0,2025-02-24T03:20:58Z
Redmi Buds 4 Pro,YouTube,hH6Z65f6C30,Someone look at his eyes 😅,0,2025-02-23T16:40:56Z
Redmi Buds 4 Pro,YouTube,hH6Z65f6C30,Redmi t310❌ realme t310 ✅,10,2025-02-22T15:10:36Z
Redmi Buds 4 Pro,YouTube,hH6Z65f6C30,Currently using t300,0,2025-02-21T15:31:00Z
Redmi Buds 4 Pro,YouTube,hH6Z65f6C30,You have literally missed Realme buds air 5 pro. Bought it for 4.5k. The best tws at this price.,0,2025-02-20T21:06:18Z
Redmi Buds 4 Pro,YouTube,hH6Z65f6C30,Am i only searching for tws around ₹999 😂,1,2025-02-20T13:16:28Z
Redmi Buds 4 Pro,YouTube,hH6Z65f6C30,What about skull candy? They are really good!,1,2025-02-20T09:42:24Z
Redmi Buds 4 Pro,YouTube,hH6Z65f6C30,"Moto Buds were launched for around 4,500 are now available for just 1,999, and I think that's a crazy good deal",16,2025-02-20T03:56:11Z
Redmi Buds 4 Pro,YouTube,hH6Z65f6C30,Oppp emco buds 2 are the most vfm,0,2025-02-19T20:28:54Z
Redmi Buds 4 Pro,YouTube,hH6Z65f6C30,"Oppo enco buds, 2 years now. Insaaane",0,2025-02-19T19:44:14Z
Redmi Buds 4 Pro,YouTube,hH6Z65f6C30,No *shame* ....only promoting products based on assumptions.,0,2025-02-19T19:27:38Z
Redmi Buds 4 Pro,YouTube,hH6Z65f6C30,Please make a video on wireless headphones too.,0,2025-02-19T16:59:01Z
Redmi Buds 4 Pro,YouTube,hH6Z65f6C30,Airdopes 141 any and every day❤❤,0,2025-02-18T20:08:46Z
Redmi Buds 4 Pro,YouTube,hH6Z65f6C30,Can you review boat nirvana ion anc,0,2025-02-18T13:38:16Z
Redmi Buds 4 Pro,YouTube,hH6Z65f6C30,"Nothing can beat the Realme t300 in the under 3000 budget as of now. Its sound quality, battery backup and app interface is amazing as well as reliable.",9,2025-02-18T13:17:41Z
Redmi Buds 4 Pro,YouTube,hH6Z65f6C30,Watching this reel using t310 it's really good. Go for it,1,2025-02-18T09:43:03Z
Redmi Buds 4 Pro,YouTube,hH6Z65f6C30,"what about anker soundcore r50i?
is it worth it under 1000rs?",0,2025-02-18T03:13:04Z
Redmi Buds 4 Pro,YouTube,hH6Z65f6C30,Budget ?,0,2025-02-17T17:45:44Z
Redmi Buds 4 Pro,YouTube,hH6Z65f6C30,Bro what abt oppo enco air 3 pro?,0,2025-02-17T16:59:16Z
Redmi Buds 4 Pro,YouTube,hH6Z65f6C30,"Disclaimer for OnePlus Buds 3: if you don't like shrill highs in your music, don't buy them. The high frequencies are boosted a lot in them. Took me a lot of time to get used to.",0,2025-02-17T16:17:42Z
Redmi Buds 4 Pro,YouTube,hH6Z65f6C30,Got Nothing CMF buds for Rs.1799 best at its price 😎🔥💯,0,2025-02-17T15:56:58Z
Redmi Buds 4 Pro,YouTube,hH6Z65f6C30,Rocking cmf buds 1 and are amazing,0,2025-02-17T14:53:43Z
Redmi Buds 4 Pro,YouTube,hH6Z65f6C30,What about realme buds 5 pro,0,2025-02-17T13:02:16Z
Redmi Buds 4 Pro,YouTube,hH6Z65f6C30,"Itna farzi kyu bta rh ho sab...1999 ka mil rha Realme T310 har jagah Flipkart, Amazon, Myntra 😂😂😂",0,2025-02-17T13:01:49Z
Redmi Buds 4 Pro,YouTube,hH6Z65f6C30,What about JBL ?,0,2025-02-17T10:52:02Z
Redmi Buds 4 Pro,YouTube,hH6Z65f6C30,I purchased cmf buds pro 2 at Rs 3303/-,0,2025-02-17T08:42:00Z
Redmi Buds 4 Pro,YouTube,hH6Z65f6C30,You mentioned as redmi t310 but is realme bro be cautious,0,2025-02-17T08:24:02Z
Redmi Buds 4 Pro,YouTube,hH6Z65f6C30,"OPPO Enco buds 2 is the best tried and tested product, has almost all required features and is selling for 1299 right now.",11,2025-02-17T08:22:00Z
Redmi Buds 4 Pro,YouTube,hH6Z65f6C30,got the op nord buds 3 for 99 xD,0,2025-02-17T08:07:08Z
Redmi Buds 4 Pro,YouTube,hH6Z65f6C30,oppo enco will eat all those buds alone. 🥱,0,2025-02-17T08:05:56Z
Redmi Buds 4 Pro,YouTube,hH6Z65f6C30,Nothing are really really good,0,2025-02-17T08:02:23Z
Redmi Buds 4 Pro,YouTube,hH6Z65f6C30,I have realme GT 6T and T310 also 🗿,0,2025-02-17T07:17:57Z
Redmi Buds 4 Pro,YouTube,hH6Z65f6C30,Go for realme air 5 under 2000 in myntra best deal 👌,3,2025-02-17T04:03:51Z
Redmi Buds 4 Pro,YouTube,hH6Z65f6C30,Oppo enco air 3 pro from 5k to 3.2k... Nothing can remotely beat it's sound quality and seperation,3,2025-02-17T03:59:44Z
Redmi Buds 4 Pro,YouTube,hH6Z65f6C30,"Stop using tws guys, get ur self wired and save your ears, speaking from experience 😢",0,2025-02-17T02:31:24Z
Redmi Buds 4 Pro,YouTube,hH6Z65f6C30,had purchased nothing cmf buds for 1600 in Flipkart few months ago,0,2025-02-17T02:12:49Z
Redmi Buds 4 Pro,YouTube,hH6Z65f6C30,I have washed my realme buds t310 2 times now and they are still working fine,2,2025-02-17T00:35:32Z
Redmi Buds 4 Pro,YouTube,hH6Z65f6C30,My oppo enco buds 2 is working amazing after 1.5 years,1,2025-02-16T23:35:10Z
Redmi Buds 4 Pro,YouTube,hH6Z65f6C30,"Recommend me earbuds which have no sound leaks, I bought realme t300 buds and their sound even leaks at 50% volume, I noticed it when some uncle said to me in metro that your earbuds are hearable.",4,2025-02-16T19:54:01Z
Redmi Buds 4 Pro,YouTube,hH6Z65f6C30,"Thank you for not suggesting JBL, JBL  want to sale it's scrap in india. I have received OTA and my earbuds f.c.kd",0,2025-02-16T19:24:09Z
Redmi Buds 4 Pro,YouTube,hH6Z65f6C30,Why not one discusses realme air 5?,0,2025-02-16T18:43:52Z
Redmi Buds 4 Pro,YouTube,hH6Z65f6C30,Any recommendations for people with small ears? Using the T300 right now and they seem to fall down every now and then!,0,2025-02-16T18:32:05Z
Redmi Buds 4 Pro,YouTube,hH6Z65f6C30,"I got Realme buds air 6 pro 
For only 3380 rupees
From flipkart 
Was it a good deal ?",0,2025-02-16T17:09:03Z
Redmi Buds 4 Pro,YouTube,hH6Z65f6C30,"I recently bought anker soundcore r50i at just ₹800 which originally launched around ₹2.3k , exceptional at this price of 800 , clear and detailed sound much better than boat , boult , mivi , etc .",7,2025-02-16T16:42:16Z
Redmi Buds 4 Pro,YouTube,hH6Z65f6C30,Been using Nothing CMF Buds ( non-pro) for 6 months ... Best deal...i got it in ₹ 1550,8,2025-02-16T16:26:59Z
Redmi Buds 4 Pro,YouTube,hH6Z65f6C30,Budget tws☕🤣🤣,0,2025-02-16T15:46:49Z
Redmi Buds 4 Pro,YouTube,hH6Z65f6C30,Got CMF earbuds for 1658 rupees😂,0,2025-02-16T14:46:58Z
Redmi Buds 4 Pro,YouTube,hH6Z65f6C30,Just buy the roseselsa ceramic x,0,2025-02-16T12:31:33Z
Redmi Buds 4 Pro,YouTube,hH6Z65f6C30,Giveaway me please 😢,0,2025-02-16T11:37:10Z
Redmi Buds 4 Pro,YouTube,hH6Z65f6C30,CMF would be nice. Hehe,0,2025-02-16T11:32:51Z
Redmi Buds 4 Pro,YouTube,hH6Z65f6C30,I want one with the longest battery possible.,0,2025-02-16T11:27:32Z
Redmi Buds 4 Pro,YouTube,hH6Z65f6C30,Soundcore liberty 4nc is the best deal under 5k,0,2025-02-16T11:24:06Z
Redmi Buds 4 Pro,YouTube,hH6Z65f6C30,Nothing Tws Sales are Big 0,0,2025-02-16T10:58:08Z
Redmi Buds 4 Pro,YouTube,hH6Z65f6C30,Hey rupesh please make video on best power bank,0,2025-02-16T10:42:52Z
Redmi Buds 4 Pro,YouTube,hH6Z65f6C30,"Nirvana Lucid for 1500 
Solid!!",3,2025-02-16T09:33:51Z
Redmi Buds 4 Pro,YouTube,hH6Z65f6C30,OPPO enco Air 3 Pro are the best. You won't regret buying it.,76,2025-02-16T09:16:56Z
Redmi Buds 4 Pro,YouTube,hH6Z65f6C30,Never spend more than 1000 on any earphones,1,2025-02-16T09:09:25Z
Redmi Buds 4 Pro,YouTube,hH6Z65f6C30,Anker Soundcore R50i ₹899 🔥,0,2025-02-16T09:09:21Z
Redmi Buds 4 Pro,YouTube,hH6Z65f6C30,Bro suggest me best gaming tws top tier,0,2025-02-16T09:05:32Z
Redmi Buds 4 Pro,YouTube,hH6Z65f6C30,"Lmao I've literally been using Galaxy Buds+ for 6 years now (since its launch in 2019) and they haven't aged one bit.

Meanwhile my friends who got the cheap noise and boat brands have had to buy new ones like 3 or 4 times already.",0,2025-02-16T09:00:02Z
Redmi Buds 4 Pro,YouTube,hH6Z65f6C30,just don't think and buy the 1st gen cmf buds absolute best value,1,2025-02-16T08:56:26Z
Redmi Buds 4 Pro,YouTube,hH6Z65f6C30,I am using Sony mdr xb 55 ap most underrated earphones for bass lovers ❤,4,2025-02-16T08:41:38Z
Redmi Buds 4 Pro,YouTube,hH6Z65f6C30,Still using T100 realme,0,2025-02-16T08:37:48Z
Redmi Buds 4 Pro,YouTube,hH6Z65f6C30,"Smartwatch ""smartwatch""",0,2025-02-16T08:35:30Z
Redmi Buds 4 Pro,YouTube,hH6Z65f6C30,"Cmf buds vs Oneplus nord 3 buds vs Realme T310, which has better sound quality??",7,2025-02-16T08:34:00Z
Redmi Buds 4 Pro,YouTube,hH6Z65f6C30,"* realme T310 features are good for ₹2k - but no in-ear detection, is it deal breaker 🤔
* realme air 6 pro for ₹4k+ - is it better than T310 ?",1,2025-02-16T08:33:18Z
Redmi Buds 4 Pro,YouTube,hH6Z65f6C30,Realme buds T310 stops working randomly after just 6 months,1,2025-02-16T08:28:19Z
Redmi Buds 4 Pro,YouTube,hH6Z65f6C30,"I have non pro nothing earbuds those are good, but bass is muddy., can someone suggest me which one should i buy except Nothing buds",0,2025-02-16T08:27:41Z
Redmi Buds 4 Pro,YouTube,hH6Z65f6C30,Nothing buds pro 2 are the worst earbuds,0,2025-02-16T08:15:27Z
Redmi Buds 4 Pro,YouTube,hH6Z65f6C30,"Please do a best budget iem video next, coz they are more value for money than Bluetooth earbuds.",3,2025-02-16T08:10:37Z
Redmi Buds 4 Pro,YouTube,hH6Z65f6C30,Realme Buds air 6 pro are best in the 4000 price range and galaxy buds 2 pro are best under 7k,3,2025-02-16T08:06:08Z
Redmi Buds 4 Pro,YouTube,hH6Z65f6C30,Nord buds 3 pro are the best for me at 3300,0,2025-02-16T08:05:41Z
Redmi Buds 4 Pro,YouTube,hH6Z65f6C30,Been using Realme Buds T310 since past 4 months. Got them at around 1600. I can easily say that these are the best earbuds under 2500.,279,2025-02-16T07:46:14Z
Redmi Buds 4 Pro,YouTube,hH6Z65f6C30,"I'll prefer iems over these. Infact, I own one.",0,2025-02-16T07:42:43Z
Redmi Buds 4 Pro,YouTube,hH6Z65f6C30,Airdopes 800? Plss help 😊,0,2025-02-16T07:35:30Z
Redmi Buds 4 Pro,YouTube,hH6Z65f6C30,Best headphones to buy? I had purchased a boat rockerz 550. But the leather material is coming in just one year. Really disappointed with them,0,2025-02-16T07:32:02Z
Redmi Buds 4 Pro,YouTube,hH6Z65f6C30,Cmf buds or buds pro 2,0,2025-02-16T07:31:12Z
Redmi Buds 4 Pro,YouTube,hH6Z65f6C30,"I just bought Realme Air 5 pro from Croma
For the price of 3.5k, the value is crazy. It's a proper 'Pro'. Also the sound quality is better than OnePlus buds 3",3,2025-02-16T07:31:00Z
Redmi Buds 4 Pro,YouTube,hH6Z65f6C30,"Got non pro CMF Buds at 1700 only, killer deal!! 🔥",90,2025-02-16T07:28:32Z
Redmi Buds 4 Pro,YouTube,hH6Z65f6C30,"I bought Realme T310 from Amazon on 1699.
Best on this budget...😊",153,2025-02-16T07:27:42Z
Redmi Buds 4 Pro,YouTube,hH6Z65f6C30,"Anybody noticed ""supscribe""",0,2025-02-16T07:20:25Z
Redmi Buds 4 Pro,YouTube,hH6Z65f6C30,are you really not biased because you would have promoted oppo enco air 3,0,2025-02-16T07:18:59Z
Redmi Buds 4 Pro,YouTube,hH6Z65f6C30,Idk why but i don't like one plus buds 3,0,2025-02-16T07:17:35Z
Redmi Buds 4 Pro,YouTube,hH6Z65f6C30,Moto buds,0,2025-02-16T07:16:06Z
Redmi Buds 4 Pro,YouTube,hH6Z65f6C30,You forgot the moto buds,0,2025-02-16T07:16:03Z
Redmi Buds 4 Pro,YouTube,hH6Z65f6C30,Been using oppo enco buds 2 for 2 years.For the price its solid.,1166,2025-02-16T07:14:50Z
Redmi Buds 4 Pro,YouTube,hH6Z65f6C30,Realme buds T310 are absolute value for money.,573,2025-02-16T07:12:43Z
Redmi Buds 4 Pro,YouTube,hH6Z65f6C30,Best tws for mic/call quality under 2k?,1,2025-02-16T07:12:23Z
Redmi Buds 4 Pro,YouTube,hH6Z65f6C30,Still not in my budget,3,2025-02-16T07:08:16Z
Redmi Buds 4 Pro,YouTube,hH6Z65f6C30,Redmi Buds T310 😢,1,2025-02-16T07:02:04Z
Redmi Buds 4 Pro,YouTube,VlI9WLzvGks,"Cmf, boom totally destroyed those earbuds on every category. Well maybe not all of them bust most of them.",0,2026-01-11T16:31:43Z
Redmi Buds 4 Pro,YouTube,VlI9WLzvGks,Sorry bro but TOZO is the best budget brand of earbuds,0,2026-01-11T02:48:29Z
Redmi Buds 4 Pro,YouTube,VlI9WLzvGks,Wish they did a decent usc cables option,0,2026-01-10T01:09:48Z
Redmi Buds 4 Pro,YouTube,VlI9WLzvGks,I’m running straight to PickyAudio to check his reviews. He’s the ONLY channel I trust for headphones and earbuds reviews.,0,2026-01-08T14:36:53Z
Redmi Buds 4 Pro,YouTube,VlI9WLzvGks,"There's a brand called Roseselsa that many people don't know about. Their earbuds are only $15, but the sound quality and noise cancellation are both very good. It feels like the texture is better than those priced at $30.",0,2026-01-08T03:17:40Z
Redmi Buds 4 Pro,YouTube,VlI9WLzvGks,Do a review of these please,0,2026-01-03T14:43:17Z
Redmi Buds 4 Pro,YouTube,VlI9WLzvGks,I guess ROSSSELSA's CERAMICS MK2 fits me better,0,2026-01-03T06:10:57Z
Redmi Buds 4 Pro,YouTube,VlI9WLzvGks,They paid him 3 cents and a bag of chips for this video,0,2026-01-01T12:45:53Z
Redmi Buds 4 Pro,YouTube,VlI9WLzvGks,Mrwhosethepaidpromoboss,0,2025-12-31T08:57:44Z
Redmi Buds 4 Pro,YouTube,VlI9WLzvGks,What about the CMF Buds 2 series?,0,2025-12-31T06:09:40Z
Redmi Buds 4 Pro,YouTube,VlI9WLzvGks,Name of earbuds,0,2025-12-28T09:52:15Z
Redmi Buds 4 Pro,YouTube,VlI9WLzvGks,Lossless TWS? LOOOL,0,2025-12-26T16:27:09Z
Redmi Buds 4 Pro,YouTube,VlI9WLzvGks,"This sounds like a ASA complaint ngl, where is the sponsor disclaimer? I’m pretty sure you’re based in the UK no?",0,2025-12-25T22:47:53Z
Redmi Buds 4 Pro,YouTube,VlI9WLzvGks,"Yep - 100% paid ad from Soundpeats. C'mon bro.... You're better than this - right? Plus, these are terrible earphones - do not buy",0,2025-12-23T06:04:13Z
Redmi Buds 4 Pro,YouTube,VlI9WLzvGks,Nothing beats paid promotions,0,2025-12-23T04:20:31Z
Redmi Buds 4 Pro,YouTube,VlI9WLzvGks,"The air 4 pros are garbage,the sound and build quality is great but my left one doesn't work and idk if mine are faulty but I don't think I'm gonna buy from them again",0,2025-12-15T19:55:14Z
Redmi Buds 4 Pro,YouTube,VlI9WLzvGks,"every earbud of soundpeats is next level no matter if your budget is High or low close your eyes and buy it.
right now I'm using it i have t3 pro and 
clear",0,2025-12-13T10:55:11Z
Redmi Buds 4 Pro,YouTube,VlI9WLzvGks,Itel Budneo 3 has 100 hrs,0,2025-12-10T07:30:13Z
Redmi Buds 4 Pro,YouTube,VlI9WLzvGks,Sound0eats have horrible connectivity issues sondocre and tozo are vbetter,0,2025-12-08T11:20:12Z
Redmi Buds 4 Pro,YouTube,VlI9WLzvGks,Love to see a comparison of these vs Tozo,0,2025-12-01T05:21:51Z
Redmi Buds 4 Pro,YouTube,VlI9WLzvGks,Soundpeats clear earphones suck no highs & noise cancelling is horrible and one earphones dies before the other there horrible never again will I waste money on them!,0,2025-12-01T03:45:11Z
Redmi Buds 4 Pro,YouTube,VlI9WLzvGks,i love soudpeats cause they do actually have good sound quality for at least fo 3 earphones and headphones that i own,0,2025-11-29T19:36:04Z
Redmi Buds 4 Pro,YouTube,VlI9WLzvGks,What about baseus? They have good products for their price,0,2025-11-28T08:10:38Z
Redmi Buds 4 Pro,YouTube,VlI9WLzvGks,"The thing with AirPods though is that they just feel and look premium. You feel cool wearing them and the name is way cooler, AirPods. That’s why people buy them. The white looks way better too.",0,2025-11-23T10:28:57Z
Redmi Buds 4 Pro,YouTube,VlI9WLzvGks,I think I’ll buy the Redmi buds 6 lite tho…,0,2025-11-19T22:33:28Z
Redmi Buds 4 Pro,YouTube,VlI9WLzvGks,Whats the first ones called which have 40 hrs lasting and are black Whats the name called please,0,2025-11-16T21:27:57Z
Redmi Buds 4 Pro,YouTube,VlI9WLzvGks,Cmf laughing in the corner,0,2025-11-15T21:15:55Z
Redmi Buds 4 Pro,YouTube,VlI9WLzvGks,but lossless quality doesnt stream over bluetooth.. i hate when people advertise that,0,2025-11-15T14:57:16Z
Redmi Buds 4 Pro,YouTube,VlI9WLzvGks,I need them,0,2025-11-14T22:34:58Z
Redmi Buds 4 Pro,YouTube,VlI9WLzvGks,Day 22 of asking for an iPhone 17 of 17 air,0,2025-11-14T21:12:48Z
Redmi Buds 4 Pro,YouTube,VlI9WLzvGks,Now try oraimo @mrwhosetheboss,0,2025-11-14T06:49:14Z
Redmi Buds 4 Pro,YouTube,VlI9WLzvGks,"Even though this is sponsored, he's not wrong, these are the absolute best for the price. Their $12 model is no joke, better than every other earbud from 2 tiers above",1,2025-11-06T12:26:25Z
Redmi Buds 4 Pro,YouTube,VlI9WLzvGks,Redmi buds 6/pro are much better,1,2025-10-29T19:00:40Z
Redmi Buds 4 Pro,YouTube,VlI9WLzvGks,Realmebuds say hello,1,2025-10-26T18:28:37Z
Redmi Buds 4 Pro,YouTube,VlI9WLzvGks,How much they paid for this ad?,0,2025-10-17T08:51:18Z
Redmi Buds 4 Pro,YouTube,VlI9WLzvGks,try yingpage,0,2025-10-13T18:32:59Z
Redmi Buds 4 Pro,YouTube,VlI9WLzvGks,Samsung Galaxy Buds FE are also great for the price(50 euro) and you can actually find them in stores,0,2025-10-13T17:41:58Z
Redmi Buds 4 Pro,YouTube,VlI9WLzvGks,which is also what he said about the soundcore space ones,0,2025-10-12T13:22:45Z
Redmi Buds 4 Pro,YouTube,VlI9WLzvGks,ive seen that design in the nothing ear before or aim i wrong,0,2025-10-11T21:06:41Z
Redmi Buds 4 Pro,YouTube,VlI9WLzvGks,how about Realme air 6 pro?,0,2025-10-03T13:01:04Z
Redmi Buds 4 Pro,YouTube,VlI9WLzvGks,They last about 6 monthsb,0,2025-09-29T17:06:38Z
Redmi Buds 4 Pro,YouTube,VlI9WLzvGks,"Nvm, they are better for value",0,2025-09-22T07:41:33Z
Redmi Buds 4 Pro,YouTube,VlI9WLzvGks,Jbl’s live buds 3 battery life is 40 hours but the beams 3 is 48 hours. They both have a screen on it to.,0,2025-09-22T07:41:03Z
Redmi Buds 4 Pro,YouTube,VlI9WLzvGks,Do they have a build in mic?,0,2025-09-21T20:38:01Z
Redmi Buds 4 Pro,YouTube,VlI9WLzvGks,I would like to know if someone found software that can trans late movies in the theater or in a home theater if you listen to a movie with these on,0,2025-09-17T10:16:30Z
Redmi Buds 4 Pro,YouTube,VlI9WLzvGks,I like how this guy actuallt knows what is budget unlike others who say 150 odd dollars is budget,0,2025-09-10T19:38:22Z
Redmi Buds 4 Pro,YouTube,VlI9WLzvGks,"Brother, this is where we part ways, these sound awful, ordered the t3 pros for our staff and the-air 5 for reception due to tour recommendation all of them sound like 90’s headphones and the anc is more of a speak from a carpeted hallway effect rather than anything else. Au bientot.",1,2025-09-06T06:28:07Z
Redmi Buds 4 Pro,YouTube,VlI9WLzvGks,Everyone is talking about ANC  but nobody has been spoken about the ENC in earbuds.,0,2025-08-31T21:23:26Z
Redmi Buds 4 Pro,YouTube,VlI9WLzvGks,"But I think Ceramics X also deserves a mention — it’s super underrated. For the price, the build feels premium and the sound is surprisingly clean with punchy bass. If anyone’s exploring best value options, I’d say don’t sleep on that one either!”",1,2025-08-28T07:02:57Z
Redmi Buds 4 Pro,YouTube,VlI9WLzvGks,They are $120 😂,1,2025-08-26T06:43:28Z
Redmi Buds 4 Pro,YouTube,VlI9WLzvGks,What you mean best value earbuds at that price. You got both nothing (CMF) and oneplus in this category. I'm using nothing CMF buds 2 plus and they are great and so my sister using some oneplus neckband that actually is mind blowing considering they are 15 bucks at most,0,2025-08-14T01:18:41Z
Redmi Buds 4 Pro,YouTube,VlI9WLzvGks,All good...after 6 months only one is connecting to my phone. My personal experience... I'm not saying that they are a bad product  but I was expecting  to last longer.,0,2025-08-13T17:24:16Z
Redmi Buds 4 Pro,YouTube,VlI9WLzvGks,Have you ever tried Earfun?,0,2025-08-06T23:47:30Z
Redmi Buds 4 Pro,YouTube,VlI9WLzvGks,Just one word. ORAIMO.,0,2025-07-30T20:24:59Z
Redmi Buds 4 Pro,YouTube,VlI9WLzvGks,Battery life is terrible apparently,0,2025-07-30T15:14:02Z
Redmi Buds 4 Pro,YouTube,VlI9WLzvGks,"Jesus Christ died on the cross to give us eternal life and to forgive our sins. He rose from the dead and gave us the Holy Spirit, to live in us. If you accept him and follow him, you will live forever WITH HIM.",0,2025-07-27T16:37:25Z
Redmi Buds 4 Pro,YouTube,VlI9WLzvGks,😂,0,2025-07-24T13:17:30Z
Redmi Buds 4 Pro,YouTube,VlI9WLzvGks,I get the same thing with a charger case for my Samsung FE deal price 44,0,2025-07-20T11:05:32Z
Redmi Buds 4 Pro,YouTube,VlI9WLzvGks,Hello people,0,2025-07-19T18:57:55Z
Redmi Buds 4 Pro,YouTube,VlI9WLzvGks,Can you do a video where you test all Xiaomi earphones please? I'm quite confused,0,2025-07-17T13:02:43Z
Redmi Buds 4 Pro,YouTube,VlI9WLzvGks,I am watching this with a $9 earbuds😭,0,2025-07-15T06:01:05Z
Redmi Buds 4 Pro,YouTube,VlI9WLzvGks,How can people recommend anything from this company?! Try installing the app and getting it to work. Not on Apple and not on Android. Completely useless. Too bad too,0,2025-07-11T08:45:36Z
Redmi Buds 4 Pro,YouTube,VlI9WLzvGks,Check our superior factory products.,0,2025-07-10T13:12:55Z
Redmi Buds 4 Pro,YouTube,VlI9WLzvGks,What's the name of the first one?,0,2025-07-08T15:34:08Z
Redmi Buds 4 Pro,YouTube,VlI9WLzvGks,"Why not everyone buy those!??  Because its shite.. 6 months and goodbye, and not the quality audio of the expensive ones",0,2025-07-07T02:02:24Z
Redmi Buds 4 Pro,YouTube,VlI9WLzvGks,Will you get this 100 percent active cancellation?,0,2025-06-30T20:04:03Z
Redmi Buds 4 Pro,YouTube,VlI9WLzvGks,Airpods are overrated.,0,2025-06-24T14:18:40Z
Redmi Buds 4 Pro,YouTube,VlI9WLzvGks,Try orimo,0,2025-06-23T00:13:50Z
Redmi Buds 4 Pro,YouTube,VlI9WLzvGks,Realme T310 Buds are better for $40,1,2025-06-13T21:19:16Z
Redmi Buds 4 Pro,YouTube,VlI9WLzvGks,"by watching this vedio I buy this airpod but its sound, anc everything is trash",0,2025-06-12T17:48:39Z
Redmi Buds 4 Pro,YouTube,VlI9WLzvGks,"❌ includes paid promotion
✅ is paid promotion",0,2025-06-12T13:27:58Z
Redmi Buds 4 Pro,YouTube,VlI9WLzvGks,Soundcore p20i p30i and p40i are great options too,1,2025-06-09T00:43:35Z
Redmi Buds 4 Pro,YouTube,VlI9WLzvGks,"Have you compared the best value wired earphones with noise-canceling microphones? Headsets are bulky and impractical for work. Offices are often noisy during team calls, and meeting rooms are not always available. Regular earphones pick up more background noise, making it difficult for the other person to hear. 😊",0,2025-06-06T02:09:15Z
Redmi Buds 4 Pro,YouTube,VlI9WLzvGks,"""CD quality sound"" is a bad thing and at least a decade",0,2025-06-05T19:00:11Z
Redmi Buds 4 Pro,YouTube,VlI9WLzvGks,Qcy better,0,2025-06-03T08:23:45Z
Redmi Buds 4 Pro,YouTube,VlI9WLzvGks,"As an AirPods pro2 and KZ 10s pro 2 user I can tell you, just blindly go for a sub 50$ IEM, don’t fall for these marketing gimmicks by the so called Bluetooth headphones. You are really missing out on good sound quality. Just try and thank me later.",0,2025-05-29T13:20:46Z
Redmi Buds 4 Pro,YouTube,VlI9WLzvGks,code doesn't work any more,0,2025-05-25T10:49:32Z
Redmi Buds 4 Pro,YouTube,VlI9WLzvGks,Is this sponsored? The end kinda Sounds like it is,0,2025-05-15T06:06:21Z
Redmi Buds 4 Pro,YouTube,VlI9WLzvGks,use aliexpress get 3$ earphones which can work like 6month or more if you luckey,0,2025-05-11T16:49:14Z
Redmi Buds 4 Pro,YouTube,VlI9WLzvGks,I am the 1001st comment,1,2025-05-11T16:00:08Z
Redmi Buds 4 Pro,YouTube,VlI9WLzvGks,Jlab better,1,2025-05-09T18:56:26Z
Redmi Buds 4 Pro,YouTube,VlI9WLzvGks,Moondrop space travel is better,0,2025-05-07T10:37:03Z
Redmi Buds 4 Pro,YouTube,VlI9WLzvGks,No its clear that cmf is better,0,2025-05-03T07:39:40Z
Redmi Buds 4 Pro,YouTube,VlI9WLzvGks,Ad 😂😂😂😂,1,2025-05-02T02:50:41Z
Redmi Buds 4 Pro,YouTube,VlI9WLzvGks,"They're good at the price range, but horrible durability and poor longevity",0,2025-05-01T14:55:22Z
Redmi Buds 4 Pro,YouTube,VlI9WLzvGks,Why not review the Soundcore R50i NC? they got noise cancellation and I got mine for only $12 in my country,0,2025-05-01T10:14:35Z
Redmi Buds 4 Pro,YouTube,VlI9WLzvGks,Can anyone please recommend tasted earbuds for someone with eardrums sensitivity. 🙏🙏🙏,0,2025-04-29T07:14:40Z
Redmi Buds 4 Pro,YouTube,VlI9WLzvGks,"Includes paid promotion, I had tried sounds peats more than once, bad quality",0,2025-04-21T12:04:56Z
Redmi Buds 4 Pro,YouTube,VlI9WLzvGks,CMF Buds Pro 2 Better,2,2025-04-20T19:05:13Z
Redmi Buds 4 Pro,YouTube,VlI9WLzvGks,lossless audio? over bluetooth??,0,2025-04-16T04:50:55Z
Redmi Buds 4 Pro,YouTube,VlI9WLzvGks,How to lose respect in a minute?,0,2025-04-15T15:50:29Z
Redmi Buds 4 Pro,YouTube,VlI9WLzvGks,they don’t last long. quality is bad. I had two diff models  and they didnt last a year,0,2025-04-12T21:43:30Z
Redmi Buds 4 Pro,YouTube,VlI9WLzvGks,Trash Paid promotion.  I tried soundpeats air4 pro ..  very weak sound quality. Same day returned.,0,2025-04-11T21:40:36Z
Redmi Buds 4 Pro,YouTube,VlI9WLzvGks,*Redmi buds 6 lite enter on chat*,0,2025-04-08T22:49:01Z
Redmi Buds 4 Pro,YouTube,VlI9WLzvGks,Just so you know guyss... The air 4 earphones leak music. Like alot. I used them,0,2025-04-05T07:04:09Z
Redmi Buds 4 Pro,YouTube,VlI9WLzvGks,cmf buds pro 2 wayyyy better,0,2025-04-04T17:48:31Z
Redmi Buds 4 Pro,YouTube,VlI9WLzvGks,when did this channel turn into unbox therapy,0,2025-04-01T01:28:58Z
Redmi Buds 4 Pro,YouTube,VlI9WLzvGks,Can you do a review and compare the JBL flex 3 with the AirPods ?,0,2025-03-28T12:49:29Z
Redmi Buds 4 Pro,YouTube,VlI9WLzvGks,Wow an ad,0,2025-03-28T06:18:14Z
Redmi Buds 4 Pro,YouTube,VlI9WLzvGks,Massive?,0,2025-03-26T19:55:53Z
Redmi Buds 4 Pro,YouTube,VlI9WLzvGks,"You imagine that companies like this , spunk their entire budget on advertising to someone who'll literally say red is green if your paying",1,2025-03-26T13:40:50Z
Redmi Buds 4 Pro,YouTube,VlI9WLzvGks,"Off topic, i believe the main reason MrBoss is so successful is his voice. Easily the best narrator/presenter voice on Youtube.",448,2025-03-26T01:07:49Z
Redmi Buds 4 Pro,YouTube,VlI9WLzvGks,КОММЕНТЫ ПИШИТЕ НА РУССКОМ!,0,2025-03-21T11:06:54Z
Redmi Buds 4 Pro,YouTube,VlI9WLzvGks,Okay Honey 😂,0,2025-03-14T01:19:26Z
Redmi Buds 4 Pro,YouTube,VlI9WLzvGks,But once the app down its jammed does nit work with my s24 plus after they've changed app,0,2025-02-26T06:11:56Z
Redmi Buds 4 Pro,YouTube,VlI9WLzvGks,"Kindly bro mention it's NAME on the video titles...
😊",1,2025-02-25T09:31:28Z
Redmi Buds 4 Pro,YouTube,VlI9WLzvGks,Oh man. I almost got excited then saw paid promo,0,2025-02-24T16:16:29Z
Redmi Buds 4 Pro,YouTube,VlI9WLzvGks,where are the nothing ears?,0,2025-02-18T06:52:55Z
Redmi Buds 4 Pro,YouTube,VlI9WLzvGks,thats cool but mine are a bit better i got my redmi buds 5 pro for only 38 bucks,0,2025-02-17T15:14:58Z
Redmi Buds 4 Pro,YouTube,VlI9WLzvGks,ANC ???,0,2025-02-16T01:22:29Z
Redmi Buds 4 Pro,YouTube,VlI9WLzvGks,It's like he's purposefully promoting landfill lol. Funny how he doesn't even mention how these sound 🤷,0,2025-02-14T12:55:55Z
Redmi Buds 4 Pro,YouTube,VlI9WLzvGks,Try sonic lamb plssss😢,0,2025-02-07T15:11:49Z
Redmi Buds 4 Pro,YouTube,VlI9WLzvGks,If a company has enough of a profit margin on a product to pay for a YouTube sponsorship i find it hard to believe these earbuds don't have a major downside,0,2025-02-07T07:08:01Z
Redmi Buds 4 Pro,YouTube,VlI9WLzvGks,Wired earphones with ♾️battery:🗿,0,2025-01-30T04:09:04Z
Redmi Buds 4 Pro,YouTube,VlI9WLzvGks,"I've personally tried the air pro 4, they are actually amazing, way better than my 2nd gen airpods",0,2025-01-24T18:55:22Z
Redmi Buds 4 Pro,YouTube,VlI9WLzvGks,"Bought go free 2+, it SUCKS",1,2025-01-23T17:08:37Z
Redmi Buds 4 Pro,YouTube,VlI9WLzvGks,Get IEMs,0,2025-01-21T15:22:08Z
Redmi Buds 4 Pro,YouTube,VlI9WLzvGks,Someone’s becoming a sell out,0,2025-01-20T03:34:36Z
Redmi Buds 4 Pro,YouTube,VlI9WLzvGks,The soundpets engine 4 r the best earbuds ever!,0,2025-01-13T02:58:01Z
Redmi Buds 4 Pro,YouTube,VlI9WLzvGks,I had 3 ads before this,1,2025-01-12T12:38:31Z
Redmi Buds 4 Pro,YouTube,VlI9WLzvGks,Everywhere i see its like 100 bucks,0,2025-01-11T05:56:42Z
Redmi Buds 4 Pro,YouTube,VlI9WLzvGks,"I dont trust a headphone review if the only thing said about the sound that it is ""punchy"" and ""CD lossless""",1,2025-01-07T16:38:43Z
Redmi Buds 4 Pro,YouTube,VlI9WLzvGks,okay but would you use this over airpods on a daily basis??,0,2025-01-06T17:04:25Z
Redmi Buds 4 Pro,YouTube,VlI9WLzvGks,Earfuns better fr,0,2025-01-05T17:06:33Z
Redmi Buds 4 Pro,YouTube,VlI9WLzvGks,"$7,96 Xiaomi Redmi Buds 6 Play way cheaper",0,2025-01-05T09:57:00Z
Redmi Buds 4 Pro,YouTube,VlI9WLzvGks,I think I'll stick with my airpods,0,2025-01-01T07:26:10Z
Redmi Buds 4 Pro,YouTube,VlI9WLzvGks,29.99⁉️ WHAT DO U EXPECT ME 2 DO WITH 1 PENNIE⁉️⁉️⁉️⁉️⁉️⁉️,1,2024-12-22T09:45:21Z
Redmi Buds 4 Pro,YouTube,VlI9WLzvGks,Had 2 pairs of soundpeats and had problems with connection. Dont buy,0,2024-12-16T21:07:05Z
Redmi Buds 4 Pro,YouTube,VlI9WLzvGks,Air 4 pro 90$,0,2024-12-11T20:50:47Z
Redmi Buds 4 Pro,YouTube,VlI9WLzvGks,Me with Redmi buds 6 play at 9 bucks 👁️👄👁️,1,2024-12-10T20:02:54Z
Redmi Buds 4 Pro,YouTube,VlI9WLzvGks,They are fine but moondrops are better,0,2024-12-10T13:57:08Z
Redmi Buds 4 Pro,YouTube,VlI9WLzvGks,"i've had a soundpeats life for 3 years now, and it never failed me",0,2024-12-02T15:17:48Z
Redmi Buds 4 Pro,YouTube,VlI9WLzvGks,"Qcy melo buds pro hi fi LDAC anc enc,$35 Amazon.  Can't be beat ur oh and 6 mics lol",0,2024-11-28T04:31:49Z
Redmi Buds 4 Pro,YouTube,VlI9WLzvGks,"Even though this is a paid promotion, soundpeats are extremely good earbuds for an outstanding value I have a pair of opera 05 and they are absolutely mind blowing for the price",0,2024-11-24T19:29:13Z
Redmi Buds 4 Pro,YouTube,VlI9WLzvGks,I have the nothing ear a buds and love them🎧🎛️🎚️,0,2024-11-16T21:19:23Z
Redmi Buds 4 Pro,YouTube,VlI9WLzvGks,"Anker's Soundcore brand of earbuds and headphones are an even better bang for your buck, awesome quality and soundcore app to customize 🎉.  Soundpeats are pretty good also, so is Baseus for budget earphones.",0,2024-11-15T04:17:52Z
Redmi Buds 4 Pro,YouTube,VlI9WLzvGks,Where can I buy the air4 pros?,0,2024-11-13T00:28:58Z
Redmi Buds 4 Pro,YouTube,VlI9WLzvGks,Try iems,0,2024-11-05T11:09:15Z
Redmi Buds 4 Pro,YouTube,VlI9WLzvGks,"There now 90 dollars, I cant afford that!!!",0,2024-10-31T20:40:31Z
Redmi Buds 4 Pro,YouTube,VlI9WLzvGks,Is the pro 4 better or CMF pro 2 buds,0,2024-10-24T18:13:32Z
Redmi Buds 4 Pro,YouTube,VlI9WLzvGks,No Lenovo are lol,0,2024-10-24T07:34:14Z
Redmi Buds 4 Pro,YouTube,VlI9WLzvGks,you didn’t mention how they sound?,0,2024-10-24T02:12:07Z
Redmi Buds 4 Pro,YouTube,VlI9WLzvGks,"Soundcore is better, you can get anc for $35.43",0,2024-10-24T02:00:45Z
Redmi Buds 4 Pro,YouTube,VlI9WLzvGks,Looked them up they were like 60 to 100 dollars,0,2024-10-21T22:09:25Z
Redmi Buds 4 Pro,YouTube,VlI9WLzvGks,"You are so wrong the qcy ht08 (Qcy melobuds pro) has anc with profiles under $50 it has Ldac, wear detection, and multi device connect...",0,2024-10-21T21:29:41Z
Redmi Buds 4 Pro,YouTube,VlI9WLzvGks,or just buy iems that cost even less and sound way better,0,2024-10-16T08:10:30Z
Redmi Buds 4 Pro,YouTube,VlI9WLzvGks,Include paid promotion told me everything I need to know 😂.,0,2024-10-13T17:26:15Z
Redmi Buds 4 Pro,YouTube,VlI9WLzvGks,Is this an ad!?!? Blinks twice if it is!!!!,0,2024-10-12T12:16:26Z
Redmi Buds 4 Pro,YouTube,VlI9WLzvGks,I lost two soundpeats headphones because they are not sweatproof and rust from the inside 4 and lite4,0,2024-10-12T01:18:58Z
Redmi Buds 4 Pro,YouTube,VlI9WLzvGks,"Actually I have a Soundpeats A6 headphone, and it’s good.",0,2024-10-11T05:38:27Z
Redmi Buds 4 Pro,YouTube,VlI9WLzvGks,"It's all good and all, but I don't stick things in my skull that generate RF frequencies (at 2.4Ghz). It may be a weak signal, but it's still a radio frequency. I have a friend at work who suffered severe vertigo, it turned out it was his wireless Bluetooth headphones that he wore more than 12hrs a day. I'll stay old school and continue to use wired. Something to consider.",0,2024-10-09T06:46:29Z
Redmi Buds 4 Pro,YouTube,VlI9WLzvGks,Try not to make a sponsored video challenge (impossible),0,2024-10-08T06:01:46Z
Redmi Buds 4 Pro,YouTube,VlI9WLzvGks,All the real reviews clearly state that these aren't the most durable to say the least ✌️,0,2024-10-03T19:03:56Z
Redmi Buds 4 Pro,YouTube,VlI9WLzvGks,Not copied from nothing,0,2024-10-02T14:16:36Z
Redmi Buds 4 Pro,YouTube,VlI9WLzvGks,Cd quality? That used to be shit.... maybe lossless aac or something sounds better...,0,2024-10-01T21:13:19Z
Redmi Buds 4 Pro,YouTube,VlI9WLzvGks,Includes paid promotion,0,2024-09-30T04:14:47Z
Redmi Buds 4 Pro,YouTube,VlI9WLzvGks,Ah yes my favourite videos “includes paid promotion” so reliable so honest so trustworthy 😂,0,2024-09-26T05:04:17Z
Redmi Buds 4 Pro,YouTube,VlI9WLzvGks,bruh air pro 4 are $71,0,2024-09-24T18:32:21Z
Redmi Buds 4 Pro,YouTube,VlI9WLzvGks,"9 months after this video was published, now they're 70$, i love democracy 😘",0,2024-09-24T16:11:34Z
Redmi Buds 4 Pro,YouTube,VlI9WLzvGks,Send me headphones pls,0,2024-09-22T20:52:25Z
Redmi Buds 4 Pro,YouTube,VlI9WLzvGks,"I want an earphone that matches the following requirements:

1. Low Latency for decent gaming 
2. At least Decent-Solid sound quality and bass power
3. Great Battery life 
4. Decent Mic
5. Decent Controls (+ if they can reverse or move forward songs without skipping them)
6. Obviously with at least decent Durability 
7. No more than $150


Any suggestions?",0,2024-09-21T17:10:25Z
Redmi Buds 4 Pro,YouTube,VlI9WLzvGks,"Using Soundpeats for a year, They still sound great and work as they should. Best $40 I ever spent",3,2024-09-18T20:53:54Z
Redmi Buds 4 Pro,YouTube,VlI9WLzvGks,Why are you always talking in dollars like you live in America 😂😂😂bro your English living in England 😂stop the cap,0,2024-09-17T05:58:08Z
Redmi Buds 4 Pro,YouTube,VlI9WLzvGks,"Soundpeats earbuds are brilliant, been using them for over 4 years and i dont think I'll ever change",0,2024-09-16T20:56:32Z
Redmi Buds 4 Pro,YouTube,VlI9WLzvGks,bro try realme buds air 6 pro,0,2024-09-16T16:39:25Z
Redmi Buds 4 Pro,YouTube,VlI9WLzvGks,Boat nirvana ion gives 128 hours playback,0,2024-09-14T16:48:01Z
Redmi Buds 4 Pro,YouTube,VlI9WLzvGks,"These are not great, being using them",0,2024-09-13T15:12:36Z
Redmi Buds 4 Pro,YouTube,VlI9WLzvGks,Try boat Nirvana ion,1,2024-09-10T13:09:04Z
Redmi Buds 4 Pro,YouTube,VlI9WLzvGks,"Ive used soundpeats engin 4, they are great, sound quality was like 98% of my beats studio 3 wireless",0,2024-09-08T11:30:38Z
Redmi Buds 4 Pro,YouTube,VlI9WLzvGks,Please be clearer on the noise canceling. How does the ANC compare with tge pros?,0,2024-09-08T02:50:39Z
Redmi Buds 4 Pro,YouTube,VlI9WLzvGks,Lossless ‘cd quality audio’ can’t be translated through Bluetooth…,0,2024-09-05T15:51:37Z
Redmi Buds 4 Pro,YouTube,VlI9WLzvGks,I once bought sound peats and they lasted like 2 months and sounded so bad ended up not being able to use any touch controls and yeah honestly bad.,0,2024-09-01T11:16:31Z
Redmi Buds 4 Pro,YouTube,VlI9WLzvGks,"""Their app is of very poor quality. I am using the Capsule 3 Pro.""",0,2024-08-31T05:40:40Z
Redmi Buds 4 Pro,YouTube,VlI9WLzvGks,What’s the comparison to soundcore earbuds? Better or worse ?,1,2024-08-29T09:02:31Z
Redmi Buds 4 Pro,YouTube,VlI9WLzvGks,soundcore beats that,0,2024-08-27T18:42:11Z
Redmi Buds 4 Pro,YouTube,VlI9WLzvGks,Losing all credibility,0,2024-08-26T16:53:39Z
Redmi Buds 4 Pro,YouTube,VlI9WLzvGks,3:26 this could sound like something that came from Minecraft,0,2024-08-22T12:05:19Z
Redmi Buds 4 Pro,YouTube,VlI9WLzvGks,It's $80 not $30.. idk what you're talking about.,0,2024-08-18T09:34:21Z
Redmi Buds 4 Pro,YouTube,VlI9WLzvGks,"Unpopular oppinion: i think philips is way better for the price, you can get noise canceling earbuds for 30 dollars and their T1's are ranked better than sony's XM4's for only 85 dollars!",0,2024-08-14T21:28:37Z
Redmi Buds 4 Pro,YouTube,VlI9WLzvGks,"Literally had the true free 2 as my out and about tws for years, very durable with ip68 and resisted typhoon and ocean dips. Sound profile though is the usual Vshaped and luckily my phone has an eq and I had to adjust to elevate the mids and sub base to make them sound from meh to good. 

For  my main earphones esp indoors it went from LG to Sony to now its the Samsung buds...",0,2024-08-11T03:17:03Z
Redmi Buds 4 Pro,YouTube,VlI9WLzvGks,Or I can get wired headphones that will smash these.,0,2024-08-10T11:36:42Z
Redmi Buds 4 Pro,YouTube,VlI9WLzvGks,Nothing ear a is 10x better for price than that,1,2024-08-09T23:33:01Z
Redmi Buds 4 Pro,YouTube,VlI9WLzvGks,Not seeing them for $48,0,2024-08-08T00:42:13Z
Redmi Buds 4 Pro,YouTube,VlI9WLzvGks,Their air 3 deluxe HS has the best call quality of any earbuds I've ever used!,0,2024-08-07T07:06:32Z
Redmi Buds 4 Pro,YouTube,VlI9WLzvGks,Where to buy?,0,2024-08-01T10:47:25Z
Redmi Buds 4 Pro,YouTube,VlI9WLzvGks,Bro sounds Like he could be in a temu ad 💀💀🗣🙌,0,2024-07-30T18:14:36Z
Redmi Buds 4 Pro,YouTube,VlI9WLzvGks,Ever heard oF STADOR? I recommend it...,0,2024-07-30T02:28:29Z
Redmi Buds 4 Pro,YouTube,VlI9WLzvGks,You forgot to put your pants on mate,0,2024-07-28T22:16:37Z
Redmi Buds 4 Pro,YouTube,VlI9WLzvGks,POV: apple in 2100 up to 40 hrs at minimum volume plus not included 300 dollars power bank ×2,1,2024-07-28T12:51:04Z
Redmi Buds 4 Pro,YouTube,VlI9WLzvGks,20 likes and ill buy them and give an honest review.,0,2024-07-26T17:36:05Z
Redmi Buds 4 Pro,YouTube,VlI9WLzvGks,The fact that I’m listening to this on AirPods,0,2024-07-24T23:39:12Z
Redmi Buds 4 Pro,YouTube,VlI9WLzvGks,"Great video, I’d like to see you compare to normal AirPods and stuff and see how they compare, for example is the passive noise cancelling on AirPods better than like xiaomis ANC?",1,2024-07-24T22:29:16Z
Redmi Buds 4 Pro,YouTube,VlI9WLzvGks,Soundcore?,0,2024-07-24T22:13:16Z
Redmi Buds 4 Pro,YouTube,VlI9WLzvGks,Paid promotion looking real suspicious...,0,2024-07-24T19:22:31Z
Redmi Buds 4 Pro,YouTube,VlI9WLzvGks,I can't see the discount code. Can anyone please reply to my comment mentioning the discount code?,0,2024-07-22T06:00:00Z
Redmi Buds 4 Pro,YouTube,VlI9WLzvGks,Ever heard of soundcore?,0,2024-07-17T13:00:59Z
Redmi Buds 4 Pro,YouTube,VlI9WLzvGks,"IM SORRY, LOSSLESS AUDIO??? WWW",1,2024-07-10T20:15:32Z
Redmi Buds 4 Pro,YouTube,VlI9WLzvGks,Just got a pair for myself and the mrs worth it,0,2024-07-10T14:36:10Z
Redmi Buds 4 Pro,YouTube,VlI9WLzvGks,"Another day, working for a living.",3,2024-07-09T01:43:27Z
Redmi Buds 4 Pro,YouTube,VlI9WLzvGks,What is the discount code?,0,2024-07-07T19:14:06Z
Redmi Buds 4 Pro,YouTube,VlI9WLzvGks,Could you give me one?😢😢,0,2024-07-01T14:12:48Z
Redmi Buds 4 Pro,YouTube,VlI9WLzvGks,Worst value after price hike,0,2024-06-27T04:28:57Z
Redmi Buds 4 Pro,YouTube,VlI9WLzvGks,5:52 lol i was just asking about this thanns for the info 😂😊,0,2024-06-23T23:30:00Z
Redmi Buds 4 Pro,YouTube,VlI9WLzvGks,It's 78 right now did the price go up,0,2024-06-23T23:27:34Z
Redmi Buds 4 Pro,YouTube,VlI9WLzvGks,Try oraimo next,0,2024-06-16T06:56:32Z
Redmi Buds 4 Pro,YouTube,VlI9WLzvGks,"Just wanna know, does anyone have the Soundpeats 4 pro and use them for gym? Or do they have designated sports editions?",0,2024-06-16T05:36:06Z
Redmi Buds 4 Pro,YouTube,VlI9WLzvGks,These are earbuds not earphones 😡,0,2024-06-12T17:07:25Z
Redmi Buds 4 Pro,YouTube,VlI9WLzvGks,He's not lying. Its the best I've heard thus far. I'm amazed at the price and performance of the free 2 classic. I'm going to order MORE. I don't know how they do it.,8,2024-06-05T13:51:22Z
Redmi Buds 4 Pro,YouTube,VlI9WLzvGks,"Omg I went to look at the linktree and would have left if I didn't see the earphone ones, I would not have even batted an eyes, as I do not like the in-ear headphones. I used use them as a kid and god how much stuff were in my ear was A LOT, Yes I do get ear-vax now too from my headphones but it's NOTICEABLY less and plus I would loss those peats in a week. Yes the headphones can be very annoyed to hold on the neck, but who says u most put headphones on ur neck, no one.",0,2024-05-28T14:31:49Z
Redmi Buds 4 Pro,YouTube,VlI9WLzvGks,Nah i'm gud with my 175 euro édifier neobud pro 2 that i got for free from amazon test,1,2024-05-25T11:48:34Z
Redmi Buds 4 Pro,YouTube,VlI9WLzvGks,Um the pros are $70…,0,2024-05-24T01:08:21Z
Redmi Buds 4 Pro,YouTube,VlI9WLzvGks,Lossless CD quality?,0,2024-05-23T17:21:38Z
Redmi Buds 4 Pro,YouTube,VlI9WLzvGks,Is there video to this ?,0,2024-05-15T13:19:55Z
Redmi Buds 4 Pro,YouTube,VlI9WLzvGks,Either them or anker,0,2024-05-04T11:24:19Z
Redmi Buds 4 Pro,YouTube,VlI9WLzvGks,Allways truthfull and get the highest quallty stuff i like your honesty,0,2024-05-04T06:53:42Z
Redmi Buds 4 Pro,YouTube,VlI9WLzvGks,Where to buy the 1st Option,1,2024-05-03T11:14:53Z
Redmi Buds 4 Pro,YouTube,VlI9WLzvGks,Bro’s working overtime to get some extra dollars with these ads,0,2024-04-30T06:27:53Z
Redmi Buds 4 Pro,YouTube,VlI9WLzvGks,how can people watch their phones while shitting its lowkey disgusting and sounds like you all are getting addicted.,0,2024-04-29T15:01:46Z
Redmi Buds 4 Pro,YouTube,VlI9WLzvGks,Methinks I will stick with my DITA Project M. ;),0,2024-04-29T11:51:04Z
Redmi Buds 4 Pro,YouTube,VlI9WLzvGks,"i spent 25 dollars on a set of anker soundcore life 2 neo

they sound great, have 60 hours of battery life and have an extra bass mode too.

100% worth more than a set of easy to lose mediocre set of 30 dollar earbuds by a large factor",0,2024-04-29T06:10:06Z
Redmi Buds 4 Pro,YouTube,VlI9WLzvGks,I hate wireless headphones  like that it made my left ear deaf😢😢😢😢😢,0,2024-04-29T04:02:11Z
Redmi Buds 4 Pro,YouTube,VlI9WLzvGks,"> CD Quality audio
> Bluetooth",0,2024-04-29T01:19:39Z
Redmi Buds 4 Pro,YouTube,VlI9WLzvGks,I want the best wireless gaming headset for value,0,2024-04-28T19:19:25Z
Redmi Buds 4 Pro,YouTube,VlI9WLzvGks,Does he have any gaming headphone reviews?,0,2024-04-27T02:16:57Z
Redmi Buds 4 Pro,YouTube,VlI9WLzvGks,We’re do u buy,0,2024-04-26T00:20:00Z
Redmi Buds 4 Pro,YouTube,VlI9WLzvGks,which ones are the best?,0,2024-04-17T18:52:41Z
Redmi Buds 4 Pro,YouTube,VlI9WLzvGks,Mine was from Walmart and 6 bucks plus tax,0,2024-04-16T22:17:54Z
Redmi Buds 4 Pro,YouTube,VlI9WLzvGks,I have that,0,2024-04-16T17:13:47Z
Redmi Buds 4 Pro,YouTube,VlI9WLzvGks,I have used Soundpeats before and they are great quality and perform great for the price,0,2024-04-16T04:11:26Z
Redmi Buds 4 Pro,YouTube,VlI9WLzvGks,Best value? Sir have you seen what China are pumping out? Chi-fi is no joke.,0,2024-04-15T17:51:04Z
Redmi Buds 4 Pro,YouTube,VlI9WLzvGks,"sending this to my mom i need these for school

(for context, i have long hair and am alwas sneaking music in my ear with wired earbuds cause wireless are too expensive and these will change my life",0,2024-04-12T00:00:56Z
Redmi Buds 4 Pro,YouTube,VlI9WLzvGks,Shave your ears brah,0,2024-04-11T13:42:04Z
Redmi Buds 4 Pro,YouTube,VlI9WLzvGks,"Actually I am using air pods now 
Even for this video 
And I think its actually nice
But too expensive",0,2024-04-08T19:32:38Z
Redmi Buds 4 Pro,YouTube,VlI9WLzvGks,Keep 🍻 Posting,0,2024-04-08T14:06:21Z
Redmi Buds 4 Pro,YouTube,VlI9WLzvGks,"Seriously, why not try IEM rather all of these stupid gadgets",0,2024-04-07T11:09:18Z
Redmi Buds 4 Pro,YouTube,VlI9WLzvGks,"And also they don't rattle like the AirPods Pro do






So annoying I hate this problem",0,2024-04-06T03:12:45Z
Redmi Buds 4 Pro,YouTube,VlI9WLzvGks,"Yeah and the most unhelpful customer service on earth that made me keep 2 broken pairs of earbuds with the exact same defect because I could not fathom how to show them in a video that the left bud of each pair wasn’t working. Instead of a refund and admitting the issue was recurring with that model, I was left with 2 useless landfill worthy pieces of crap and 60 euros that I’ll never see again. Endorse brands that respect the customer, not brands that scammed their way to the top.",0,2024-04-04T21:27:50Z
Redmi Buds 4 Pro,YouTube,VlI9WLzvGks,Sam Moses copied u copyright strike him,0,2024-04-04T17:13:50Z
Redmi Buds 4 Pro,YouTube,VlI9WLzvGks,"These comments are bery sad. I have been using there cheapest earbuds, the soundpeats free 2 Classic and they are no joke the exact same when it comes to the airpods while being only 20$. The bass is compromised but can you really complain judjing the price ?",0,2024-04-04T00:54:54Z
Redmi Buds 4 Pro,YouTube,VlI9WLzvGks,"They are chinese rebranded products. You get tons of other good ones even for 9, 10 to 20 dollars. Like Oraimo, Anker, Earfun OnePlus etc.",0,2024-04-03T22:20:02Z
Redmi Buds 4 Pro,YouTube,VlI9WLzvGks,I used Soudpeats engine 4 but one ear lost its bass after 6 months of use. So they are value for money but has bad service in the long run,0,2024-04-02T08:36:55Z
Redmi Buds 4 Pro,YouTube,VlI9WLzvGks,JBL has best earphone in my opinion,0,2024-04-02T07:56:46Z
Redmi Buds 4 Pro,YouTube,VlI9WLzvGks,Oh youre the reason my earpods become far too expensive. I needed to switch brands,0,2024-03-28T21:09:17Z
Redmi Buds 4 Pro,YouTube,VlI9WLzvGks,"Me: *'on the fence about getting soundpeats again after using one for 3 years as the market is now full of other choices*'

*'sees mrwhosetheboss recommending soundpeats*'

Me: ""Say less"" '*add to cart'*",0,2024-03-26T11:54:51Z
Redmi Buds 4 Pro,YouTube,VlI9WLzvGks,My jaw dropped when you opend the second ear pod case,0,2024-03-25T11:51:35Z
Redmi Buds 4 Pro,YouTube,VlI9WLzvGks,"Just got a pair SoundPeats Air Pro4! They really do sound better than they should, waaaay better!",1,2024-03-22T00:16:10Z
Redmi Buds 4 Pro,YouTube,VlI9WLzvGks,To clarify AirPods aren't that great they just have the Apple branding. that's all,0,2024-03-17T23:50:29Z
Redmi Buds 4 Pro,YouTube,VlI9WLzvGks,"Just so you know, you can’t have lossless audio over wireless connection. Thanks for watching!",0,2024-03-13T05:19:14Z
Redmi Buds 4 Pro,YouTube,VlI9WLzvGks,"I tried out headphones that you could even hear it really clearly even if it was on your knee (or other places it was just an example)! I don’t remember the science behind it, or the brand but I DO remember it was FREAKIN AWESOME!",0,2024-03-11T22:38:11Z
Redmi Buds 4 Pro,YouTube,VlI9WLzvGks,Soundpeats always surprise me with their quality for the price. Great choice on the Trueair2!,47,2024-03-07T23:11:11Z
Redmi Buds 4 Pro,YouTube,VlI9WLzvGks,I have a pair of soundpeats arriving on Friday,0,2024-03-06T22:48:17Z
Redmi Buds 4 Pro,YouTube,VlI9WLzvGks,@penguinz0,0,2024-03-06T20:15:06Z
Redmi Buds 4 Pro,YouTube,VlI9WLzvGks,Apple is a joke,0,2024-03-06T07:08:40Z
Redmi Buds 4 Pro,YouTube,VlI9WLzvGks,A little too cheap,0,2024-03-05T19:03:20Z
Redmi Buds 4 Pro,YouTube,VlI9WLzvGks,Can you compare some soundcore wireless earbuds to soundpeats?,0,2024-02-28T04:25:41Z
Redmi Buds 4 Pro,YouTube,VlI9WLzvGks,@mrwhosetheboss can you please review ear cuff earbuds the one that similar to ambie??,0,2024-02-28T03:13:55Z
Redmi Buds 4 Pro,YouTube,VlI9WLzvGks,Bro my mom has those pink but their pink and the thingy at the sides of the earphone have like a transparent thing n inside the transparent thingy there's rainbow LEDs,0,2024-02-26T14:21:07Z
Redmi Buds 4 Pro,YouTube,VlI9WLzvGks,My Bluetooth headphones can last about a week or two without dying while using it,0,2024-02-26T00:11:54Z
Redmi Buds 4 Pro,YouTube,VlI9WLzvGks,Day 9: asking for a iPhone 13pro,0,2024-02-25T18:13:12Z
Redmi Buds 4 Pro,YouTube,VlI9WLzvGks,Y must compare to the AirPods??? That overpriced sh*T?!?!,0,2024-02-25T15:20:01Z
Redmi Buds 4 Pro,YouTube,VlI9WLzvGks,Lisining this video on soundpeates Air 4 pro ❤,0,2024-02-25T08:30:15Z
Redmi Buds 4 Pro,YouTube,VlI9WLzvGks,And the sound profile? You call it whatever you want until you see the real numbers,0,2024-02-23T12:54:45Z
Redmi Buds 4 Pro,YouTube,VlI9WLzvGks,Can you try soundpeats engine Aaron?,0,2024-02-23T11:07:51Z
Redmi Buds 4 Pro,YouTube,VlI9WLzvGks,“Lossless” bruh that’s literally impossible with Bluetooth,0,2024-02-20T18:48:13Z
Redmi Buds 4 Pro,YouTube,VlI9WLzvGks,Apple will be so mad if they find this video,0,2024-02-19T09:11:37Z
Redmi Buds 4 Pro,YouTube,VlI9WLzvGks,Ive bought the soundpeats 4 pro after watching this. Please note that if youre using an iphone the sound and noise cancelling will be pretty terrible and you might just be better off spending a bit more money and buying airpods.,0,2024-02-17T11:40:23Z
Redmi Buds 4 Pro,YouTube,VlI9WLzvGks,Goodbye. You were once a trusted youtuber. I'll miss you.,0,2024-02-15T06:05:54Z
Redmi Buds 4 Pro,YouTube,VlI9WLzvGks,Is the battery replaceable?,0,2024-02-14T12:51:31Z
Redmi Buds 4 Pro,YouTube,VlI9WLzvGks,"I have the soundpeats true free 2, and i love thme so much. Best earphones ever",0,2024-02-13T17:12:44Z
Redmi Buds 4 Pro,YouTube,VlI9WLzvGks,"Even a pair of $10 KZ Castor or $20 pair of MOONDROP Chus will absolutely smash all of these. 

The most expensive Soundpeats can’t compete with even budget IEMs",0,2024-02-04T21:52:41Z
Redmi Buds 4 Pro,YouTube,VlI9WLzvGks,I have them and theyre worth it.,0,2024-01-31T22:23:28Z
Redmi Buds 4 Pro,YouTube,VlI9WLzvGks,I  have a pair I neglected for the longest time. Washed them on accident and they still work.,0,2024-01-28T07:57:00Z
Redmi Buds 4 Pro,YouTube,VlI9WLzvGks,"Have the soundpeats free classic and it’s really good, but miss my trueshift 2, could of listen for about 5 hours a day and not charge the case for 3 weeks but it was stolen and they no longer sell them 🥺",0,2024-01-26T01:30:30Z
Redmi Buds 4 Pro,YouTube,VlI9WLzvGks,Could use some,0,2024-01-25T19:08:46Z
Redmi Buds 4 Pro,YouTube,VlI9WLzvGks,Every third video is sponsored😢,0,2024-01-25T15:34:06Z
Redmi Buds 4 Pro,YouTube,VlI9WLzvGks,No,0,2024-01-23T16:50:21Z
Redmi Buds 4 Pro,YouTube,VlI9WLzvGks,I bought their soundpeats capsule 3 pro ans it was fantastic with ANC with such a cost,0,2024-01-23T06:17:54Z
Redmi Buds 4 Pro,YouTube,VlI9WLzvGks,mede in  🌎,1,2024-01-22T10:35:27Z
Redmi Buds 4 Pro,YouTube,VlI9WLzvGks,Sold!,0,2024-01-19T21:53:30Z
Redmi Buds 4 Pro,YouTube,VlI9WLzvGks,Moondrop space travel,0,2024-01-18T22:46:14Z
Redmi Buds 4 Pro,YouTube,VlI9WLzvGks,Wireless is for dudes that dont like good audio,0,2024-01-18T19:02:44Z
Redmi Buds 4 Pro,YouTube,VlI9WLzvGks,man saw that one day after I ordered mine rip discount :’(,1,2024-01-16T18:00:31Z
Redmi Buds 4 Pro,YouTube,VlI9WLzvGks,They are rubbish one earphone will die after a few weeks then the charger case stops working.. avoid,0,2024-01-15T09:36:19Z
Redmi Buds 4 Pro,YouTube,VlI9WLzvGks,"soundpeats are so trash. I bought a pair back in 2021 and wanted to cry. They are cheap and the sound did give good quality. Only for three weeks later, for the buds to stop functioning. Left one gave no audio output and blutetooth connection was an issue all of a sudden. Defninetely not built to last",0,2024-01-15T07:52:53Z
Redmi Buds 4 Pro,YouTube,VlI9WLzvGks,Can you ship this to my location,0,2024-01-15T00:09:32Z
Redmi Buds 4 Pro,YouTube,VlI9WLzvGks,hope to see more similar contents,0,2024-01-14T11:09:32Z
Redmi Buds 4 Pro,YouTube,VlI9WLzvGks,I use some Soundpeats that I've had for about 1.5 years now. They still sound great and have great battery life!,1,2024-01-14T01:51:08Z
Redmi Buds 4 Pro,YouTube,VlI9WLzvGks,Can you please give me one😢,0,2024-01-11T16:51:17Z
Redmi Buds 4 Pro,YouTube,VlI9WLzvGks,Look boat Nirvana anc😂😂😂😂,0,2024-01-11T02:40:30Z
Redmi Buds 4 Pro,YouTube,VlI9WLzvGks,"I have the air 4 lites and they're pretty good, decent quality sound, very comfortable but seemingly no noise cancellation and do seem to drop out when blocked by like my body when I'm tieing my shoes",0,2024-01-11T00:53:40Z
Redmi Buds 4 Pro,YouTube,VlI9WLzvGks,"they definitely are good for the price that's for sure, but its for the price which was 28 dollars, comparing the audio of these to the nothing ones, the nothing ones wipe the floor with them and the airpods absolutely destroy the nothing ones",0,2024-01-10T15:44:03Z
Redmi Buds 4 Pro,YouTube,VlI9WLzvGks,What about headphones that work with ps4?,0,2024-01-09T09:53:55Z
Redmi Buds 4 Pro,YouTube,VlI9WLzvGks,I have monster earphones that were definetly more expensive but worth it,0,2024-01-09T01:52:10Z
Redmi Buds 4 Pro,YouTube,VlI9WLzvGks,Can I please have one of those earpiece,0,2024-01-08T14:02:34Z
Redmi Buds 4 Pro,YouTube,VlI9WLzvGks,No. Very no. Ppl have never heard of iems it seems.,0,2024-01-07T23:52:37Z
Redmi Buds 4 Pro,YouTube,VlI9WLzvGks,Me watching this with my freepods 4😅,0,2024-01-07T20:16:27Z
Redmi Buds 4 Pro,YouTube,VlI9WLzvGks,I agree they are pretty good i have been checking a few models out recently good job Soundpeats,1,2024-01-07T18:33:41Z
Redmi Buds 4 Pro,YouTube,VlI9WLzvGks,0:01,0,2024-01-07T12:32:57Z
Redmi Buds 4 Pro,YouTube,VlI9WLzvGks,My air pods life time: 20 minutes,1,2024-01-07T11:31:51Z
Redmi Buds 4 Pro,YouTube,VlI9WLzvGks,U have a good ear that can fit any buds😅,0,2024-01-05T21:37:51Z
Redmi Buds 4 Pro,YouTube,VlI9WLzvGks,I have air3s and I haven't been dissappointed,0,2024-01-04T17:51:29Z
Redmi Buds 4 Pro,YouTube,VlI9WLzvGks,Hello sir I am Subscribed to your channel and l am asking for a favor please send me a ps5 coz my family can't afford it l am in Uganda and I hope you consider helping me out God will bless you for your kindness 🙏,0,2024-01-04T16:31:17Z
Redmi Buds 4 Pro,YouTube,VlI9WLzvGks,"Bro can u please courier me a good headphone 🙏
Cause i have many troubles to attend my Online classes and you know i have some intrest on music also😊
So can you please provide me a wearless Headphone 🤷‍♂️🙏
Love you bro 👊❤",1,2024-01-04T13:37:15Z
Redmi Buds 4 Pro,YouTube,VlI9WLzvGks,Wait till you find about boat nirvana ion,0,2024-01-04T13:02:09Z
Redmi Buds 4 Pro,YouTube,VlI9WLzvGks,"Your target of people with no impulse control worked, and I bought the Air 4 Pros they arrived today, and so far, I am actually pretty impressed. The plan is for them to live next to the bed so I have an option for sleeping with music if my gf is in the bed with me. But honestly they are far better than that",0,2024-01-04T01:37:17Z
Redmi Buds 4 Pro,YouTube,VlI9WLzvGks,soundpeats is amazing tested few of them in past but losseless cd is incorrect .... yeezzz distroying your name also sad you made it as a ad...,0,2024-01-03T22:41:02Z
Redmi Buds 4 Pro,YouTube,VlI9WLzvGks,Still not gonna fit in my tiny ears.,0,2024-01-03T17:06:18Z
Redmi Buds 4 Pro,YouTube,VlI9WLzvGks,"Nope the Moondrop Space Travel are better. Also low cost, with ANC, transparency and a low latency mode, with sound that isn't just punchy like those cheap ones in the video but genuinely well balanced.",0,2024-01-03T11:25:23Z
Redmi Buds 4 Pro,YouTube,VlI9WLzvGks,Do they have low latency for gaming?,0,2024-01-02T14:03:11Z
Redmi Buds 4 Pro,YouTube,VlI9WLzvGks,Where do you buy this,0,2024-01-02T08:31:26Z
Redmi Buds 4 Pro,YouTube,VlI9WLzvGks,soundpeats are a soundcore budget version its good for daily driver,0,2024-01-01T17:20:38Z
Redmi Buds 4 Pro,YouTube,VlI9WLzvGks,Try boat,0,2024-01-01T07:08:55Z
Redmi Buds 4 Pro,YouTube,VlI9WLzvGks,"My friend has the air 4 pro and says too much about it, i own the nothing ear 2 and these sounded better when i tried them",0,2024-01-01T03:38:46Z
Redmi Buds 4 Pro,YouTube,VlI9WLzvGks,The first one you could pind on Temu for a little bit cheaper and it's still the same🎉,0,2023-12-28T23:27:07Z
Redmi Buds 4 Pro,YouTube,VlI9WLzvGks,I bought headphones called skull candy that has all that for only 25 bucks eat it duckas!! And now they raised to 100,0,2023-12-28T06:07:10Z
Redmi Buds 4 Pro,YouTube,VlI9WLzvGks,Wheres the code,0,2023-12-28T00:59:35Z
Redmi Buds 4 Pro,YouTube,VlI9WLzvGks,I love your sweatshirt it's so clean and with no logos one clean colour and reasonably heavy❤. It exactly what I have been looking for for soo long 😭please tell me we're you got it.,0,2023-12-27T21:47:17Z
Redmi Buds 4 Pro,YouTube,VlI9WLzvGks,I literally bought AirPods yesterday. Fuck my life,0,2023-12-27T01:43:49Z
Redmi Buds 4 Pro,YouTube,VlI9WLzvGks,"I have a SoundPeats earbuds, and let me tell you, its not that great. The earphones don’t work properly after 3 months, and the volume in the left earbud is less than the right.",0,2023-12-27T01:35:01Z
Redmi Buds 4 Pro,YouTube,VlI9WLzvGks,"I really think you should talk about the brand. ""Onn"" I just bought some 10$ earbuds they have pretty good sound quality but last me know 4 days. No joke. I used them on three flights across the country. I traveled from the united states to Tanzania, Africa. Around 8k miles apart. They are incredible budget earbuds. I bought the same pair 7 years ago, and they still work till this day. Meanwhile the 45 earbuds I bought a year ago, last 4 hours per charge and stopped working in 2 months.",0,2023-12-26T19:24:06Z
Redmi Buds 4 Pro,YouTube,VlI9WLzvGks,"Bro I got a pair of AirPods Pro 2nd gen with ANC for just 14 dollars, say no more.",0,2023-12-26T06:36:59Z
Redmi Buds 4 Pro,YouTube,VlI9WLzvGks,"In case peopel are actually houng to buy cheap tws, get the  SoundPEATS Gofree2. 
- An audiophile.",0,2023-12-26T04:51:00Z
Redmi Buds 4 Pro,YouTube,VlI9WLzvGks,"In case peopel are actually houng to buy cheap tws, get the moondrop space travel. 
- An audiophile.",0,2023-12-26T04:16:25Z
Redmi Buds 4 Pro,YouTube,VlI9WLzvGks,There's much better earphones and cheaper out there than apple or Samsung. You just gotta find them,0,2023-12-24T17:02:08Z
Redmi Buds 4 Pro,YouTube,VlI9WLzvGks,"Sound peats free 2 classic air 4 and air4pro was already on my list so i vouch for arun
Edit I own free 2 classic",2,2023-12-24T00:42:35Z
Redmi Buds 4 Pro,YouTube,VlI9WLzvGks,Which one is the best one????????,1,2023-12-23T19:42:34Z
Redmi Buds 4 Pro,YouTube,VlI9WLzvGks,This has to be tooo good to be true.. right????,0,2023-12-22T06:54:37Z
Redmi Buds 4 Pro,YouTube,VlI9WLzvGks,It's a bit weird that a British guy is using American currency,0,2023-12-21T21:29:56Z
Redmi Buds 4 Pro,YouTube,VlI9WLzvGks,This is an ad read.,0,2023-12-21T07:50:08Z
Redmi Buds 4 Pro,YouTube,VlI9WLzvGks,"I’ve been using soundpeats sonic for almost 2 years and haven’t faced any issues yet. Moreover, they have crazy battery life.",7,2023-12-21T06:12:56Z
Redmi Buds 4 Pro,YouTube,VlI9WLzvGks,“De Bluetooth device isa connecteda”,4,2023-12-20T22:02:34Z
Redmi Buds 4 Pro,YouTube,VlI9WLzvGks,A little bit too cheap,0,2023-12-20T19:55:07Z
Redmi Buds 4 Pro,YouTube,VlI9WLzvGks,watching this using soundpeats truengine 3 se. trust me the brand is good (not sponsored),5,2023-12-20T19:15:15Z
Redmi Buds 4 Pro,YouTube,VlI9WLzvGks,Me hearing the video with them: 😆😆 finally having something he makes video about,0,2023-12-20T17:08:03Z
Redmi Buds 4 Pro,YouTube,VlI9WLzvGks,incredible,0,2023-12-20T15:53:54Z
Redmi Buds 4 Pro,YouTube,VlI9WLzvGks,$48 becomes £64 in uk. That’s $80.,0,2023-12-20T10:17:49Z
Redmi Buds 4 Pro,YouTube,VlI9WLzvGks,Jlabs… they’re the best,0,2023-12-19T18:38:11Z
Redmi Buds 4 Pro,YouTube,VlI9WLzvGks,I hate Samsung a lot.,0,2023-12-19T08:08:16Z
Redmi Buds 4 Pro,YouTube,VlI9WLzvGks,You can listen to classical music and practice violin for 40 hrs with it😂,1,2023-12-19T03:18:02Z
Redmi Buds 4 Pro,YouTube,VlI9WLzvGks,"I'm curious I'm not in the situation to buy them for testing , but they sound legit if you back them, maybe later",1,2023-12-19T01:27:50Z
Redmi Buds 4 Pro,YouTube,VlI9WLzvGks,Bro really just roasted apple,1,2023-12-18T14:43:49Z
Redmi Buds 4 Pro,YouTube,VlI9WLzvGks,"I have YouTube premium
But why I'm seeing ads",2,2023-12-18T14:37:00Z
Redmi Buds 4 Pro,YouTube,VlI9WLzvGks,I have my soundpeats trueair 2+ for over 2 years maybe 3 now and they’re great! Never had a problem with them and they sound awesome for the price!,4,2023-12-17T00:21:23Z
Redmi Buds 4 Pro,YouTube,VlI9WLzvGks,"The biggest reason why you should buy air pods 
1 to flex that ur rich",0,2023-12-16T17:27:48Z
Redmi Buds 4 Pro,YouTube,VlI9WLzvGks,"""CD Lossless Audio""........ 😐",0,2023-12-16T04:47:10Z
Redmi Buds 4 Pro,YouTube,VlI9WLzvGks,I have this earbuds for a year. The most affordable and high quality earphone !,245,2023-12-15T08:20:48Z
Redmi Buds 4 Pro,YouTube,VlI9WLzvGks,"Tried a JBL airpod and somehow the sane problem i before came back, 1 side stopped working altogether, i thought this was a wired headphone problem😂",0,2023-12-15T06:44:36Z
Redmi Buds 4 Pro,YouTube,VlI9WLzvGks,"I'd only buy Airpods if I were an Apple user, and only because the Apple ecosystem is so closed.
But for Android? the choices are endless for any budget and the tech is rapidly evolving. Honestly I just smh when people think you HAVE to buy big box branded earbuds for $300 or more to get a quality product. Soundpeats is getting really good at hardware, just their barebones App needs a lot of refinement.",0,2023-12-14T22:03:40Z
Redmi Buds 4 Pro,YouTube,VlI9WLzvGks,That's why I'm not a apple fan. The upcharge every single thing they have. My buddy paid for $900 watch months after he spent. Who knows how much for iPhone 14. Like almost every product they have is twice the cost. They're making money hand over fist. Not saying that Angelo doesn't do it or pixel but not as much and you have more options. I'm surprised they don't charge you walking into their store or talking to customer service for login into your phone lol because they always want money for everything. That's why they stopped giving out chargers safely. Spend more money,0,2023-12-14T21:27:27Z
Redmi Buds 4 Pro,YouTube,VlI9WLzvGks,"Includes paid promotion

So he is being paid for saying this 
Yes",1,2023-12-14T21:03:39Z
Redmi Buds 4 Pro,YouTube,VlI9WLzvGks,Try a budget IEM and compare it to tws like one plus buds pro or airpods,0,2023-12-14T17:26:01Z
Redmi Buds 4 Pro,YouTube,VlI9WLzvGks,Oraimo freepods 3's better,1,2023-12-14T07:37:49Z
Redmi Buds 4 Pro,YouTube,VlI9WLzvGks,Try skullcandy rate it,0,2023-12-14T01:18:44Z
Redmi Buds 4 Pro,YouTube,VlI9WLzvGks,Soundcore Liberty 4 NC are the real deal.,2,2023-12-13T23:03:34Z
Redmi Buds 4 Pro,YouTube,VlI9WLzvGks,"Just abfew products of them has quality issue and died after a few months for many users. Capsule 3 pro is an example. I hope they solve the issue in the future earbuds.
Also, their app really needs a lot of work, earbuds transparency mode sucks.",0,2023-12-13T21:58:38Z
Redmi Buds 4 Pro,YouTube,VlI9WLzvGks,"Rip-off Britain's Amazon store now has the Air4 Pros listed for *only* £80 ($101) as of Dec 13, just 8 days after this short was posted. Literally more than double the price! Fml.",0,2023-12-13T19:47:44Z
Redmi Buds 4 Pro,YouTube,VlI9WLzvGks,Commercials have evolved. I used to hate them. But with this guy I am searching for them…😂,0,2023-12-13T18:19:35Z
Redmi Buds 4 Pro,YouTube,VlI9WLzvGks,He man have you even heard about BOAT,0,2023-12-13T17:36:37Z
Redmi Buds 4 Pro,YouTube,VlI9WLzvGks,You should try the Galaxy bud 2 (they have loads of bass),0,2023-12-13T17:03:46Z
Redmi Buds 4 Pro,YouTube,VlI9WLzvGks,The code doesn't work.. can you help me out?,0,2023-12-13T15:25:16Z
Redmi Buds 4 Pro,YouTube,VlI9WLzvGks,Even further proof that Apple is an absolute scam,0,2023-12-13T12:44:01Z
Redmi Buds 4 Pro,YouTube,VlI9WLzvGks,Nice! Have the sabe quality of a Moondrop Nekocake? A Moondrop Space Travel?... Maybe?,0,2023-12-12T23:15:52Z
Redmi Buds 4 Pro,YouTube,VlI9WLzvGks,nothing ear wish rippoff,0,2023-12-12T22:45:10Z
Redmi Buds 4 Pro,YouTube,VlI9WLzvGks,Woah i just bought the air 4 pro like 3 weeks ago 😂❤,1,2023-12-12T19:42:12Z
Redmi Buds 4 Pro,YouTube,VlI9WLzvGks,"AD OR NOT, Soundpeats are AMAZING 😻",17,2023-12-12T19:24:02Z
Redmi Buds 4 Pro,YouTube,VlI9WLzvGks,"I'm very sad from this comment section. I'm a fan of Soundpeats, they are definitely the best price to performance earbuds company out there and they are super underrated. It's not like Raccoons and brands like that.",80,2023-12-12T18:59:00Z
Redmi Buds 4 Pro,YouTube,VlI9WLzvGks,Added to the list,0,2023-12-12T18:24:55Z
Redmi Buds 4 Pro,YouTube,VlI9WLzvGks,What do you think abou skullcandy crusher?,0,2023-12-12T16:06:05Z
Redmi Buds 4 Pro,YouTube,VlI9WLzvGks,I have soundpeats trueshift 2… they said that the battery on the buds will last for 6 hours…. After one year one of the is not working and the other one lasts for like 10 minutes… never again,0,2023-12-12T13:46:16Z
Redmi Buds 4 Pro,YouTube,VlI9WLzvGks,Check out realme buds air 3,0,2023-12-12T13:04:11Z
Redmi Buds 4 Pro,YouTube,VlI9WLzvGks,They actually sounds great,12,2023-12-12T11:12:40Z
Redmi Buds 4 Pro,YouTube,VlI9WLzvGks,"it seems like an ad, but personal experience Soundpeats are awesome",1,2023-12-12T05:43:38Z
Redmi Buds 4 Pro,YouTube,VlI9WLzvGks,Soundpeats is a solid brand👌👌👌,2,2023-12-12T05:19:42Z
Redmi Buds 4 Pro,YouTube,VlI9WLzvGks,The only thing that sucks is it’s sponsored,0,2023-12-12T02:56:08Z
Redmi Buds 4 Pro,YouTube,VlI9WLzvGks,"From experience, the SoundPeats Mini Pro are horrible. This is because they don’t EVER connect with my iPhone, and they constantly disconnect along with not working with the iOS app that they are supposed to work with.",0,2023-12-12T00:55:51Z
Redmi Buds 4 Pro,YouTube,VlI9WLzvGks,first one kinda looks like a nothing ear rip,0,2023-12-12T00:49:50Z
Redmi Buds 4 Pro,YouTube,VlI9WLzvGks,"How many won’t give you ear infection 😂, non ,",0,2023-12-12T00:34:17Z
Redmi Buds 4 Pro,YouTube,VlI9WLzvGks,"Just ordered the Air4 Pro, thank you! 😉",15,2023-12-12T00:31:12Z
Redmi Buds 4 Pro,YouTube,VlI9WLzvGks,"Been using soundpeats for a few years now, got to admit they are way better than they should be for the price",663,2023-12-12T00:15:55Z
Redmi Buds 4 Pro,YouTube,VlI9WLzvGks,can u review the Tozo earbuds? they're also amazing,1,2023-12-11T23:38:21Z
Redmi Buds 4 Pro,YouTube,VlI9WLzvGks,Kz ksn pros or pro x's are much better.,0,2023-12-11T21:15:39Z
Redmi Buds 4 Pro,YouTube,VlI9WLzvGks,They probably sound OK. I have a pair of $30 JLAB headphones which sound awesome.,0,2023-12-11T12:51:41Z
Redmi Buds 4 Pro,YouTube,VlI9WLzvGks,Still cant beat the moondrop space travels doe 🥱,0,2023-12-11T10:40:44Z
Redmi Buds 4 Pro,YouTube,VlI9WLzvGks,Soundcores are way better than sound peats,0,2023-12-11T09:42:44Z
Redmi Buds 4 Pro,YouTube,VlI9WLzvGks,"I'll stick to my Anker Soundcore Life A1s... Are pretty cheap (at £30 to £40 - Amazon deals), and... ARE... GREAT SOUNDING (3 built in equalizer settings), single ear mode, 30+ hours use, controls, small case, and more features besides. For their price... They're just bloody ACE! I have a couple of high quality/cable headphones Sennheiser HD600/PXC550-II, Meze 99 Neo and more etc, but, for everyday 'Chuck 'em in my bag/pocket/working on my car etc', these A1s have given me hours of comfortable fit and great sound, no issues and if anything happens to them, at this price I can just easily replace them no worries. Anker/Soundcore DO make some DECENT quality Headphones/Earphones! 👍
😎🇬🇧",5,2023-12-11T09:34:42Z
Redmi Buds 4 Pro,YouTube,VlI9WLzvGks,Does mrwhosetheboss know about oraimo?😅,0,2023-12-11T06:18:38Z
Redmi Buds 4 Pro,YouTube,VlI9WLzvGks,paid promotions,0,2023-12-11T04:27:42Z
Redmi Buds 4 Pro,YouTube,VlI9WLzvGks,wait until he find the moondroop space travel 20$ beating the 200 earphones in sound not just their battery and their CYBERPUNK look,0,2023-12-11T03:44:07Z
Redmi Buds 4 Pro,YouTube,VlI9WLzvGks,I would get one but I don't like tht it have a similar to the airpod,1,2023-12-11T00:57:42Z
Redmi Buds 4 Pro,YouTube,VlI9WLzvGks,On ears are better❤,1,2023-12-10T22:25:00Z
Redmi Buds 4 Pro,YouTube,VlI9WLzvGks,Can somebody post the link and discount code please?,1,2023-12-10T20:46:12Z
Redmi Buds 4 Pro,YouTube,VlI9WLzvGks,Try iem for best audio,0,2023-12-10T18:50:11Z
Redmi Buds 4 Pro,YouTube,VlI9WLzvGks,"as an apple fanboy, i am offended. no other tech companies should surpass apple products. i have a tim cook poster that i worship everyday.",0,2023-12-10T17:23:23Z
Redmi Buds 4 Pro,YouTube,VlI9WLzvGks,"Quite annoyed bought air 3 pro and they feel low quality , case is flimsy and connecting was slow and painful and sound quailty not great, even huawei freebud 3 from 3 years ago are better (they had in ear detection even back then)
Please dont promote (paid) products that you wpuldnt buy yourself just for money
They are also £79 on amazon where i return them same day",0,2023-12-10T16:54:22Z
Redmi Buds 4 Pro,YouTube,VlI9WLzvGks,includes paid promotion? this is paid promotion!,0,2023-12-10T16:51:10Z
Redmi Buds 4 Pro,YouTube,VlI9WLzvGks,Whenever i click on the link it sends me to amazon and it costs 80€,0,2023-12-10T15:46:39Z
Redmi Buds 4 Pro,YouTube,VlI9WLzvGks,"""lossless quality"" hjelp",0,2023-12-10T15:36:09Z
Redmi Buds 4 Pro,YouTube,VlI9WLzvGks,"All good until you download the app, & how crappy it is.",0,2023-12-10T14:02:38Z
Redmi Buds 4 Pro,YouTube,VlI9WLzvGks,"I used to have true air 2s. They lasted a fair while and were pretty decent for budget earphones but almost exactly on the 2 year mark their battery life suddenly plummeted. The case especially. It wouldn’t charge, wouldn’t hold a charge and when the case died, the earphones wouldn’t know they’re in the case and connect to my phone automatically and I would have no clue. Basically, once they break, they become borderline unusable. But I had the midrange soundpeats. Maybe the more expensive ones are better.",0,2023-12-10T11:31:50Z
Redmi Buds 4 Pro,YouTube,VlI9WLzvGks,I tried some of these recently and I was genuinely surprised how nice they sounded. As good as my $100 earbuds,19,2023-12-10T04:21:11Z
Redmi Buds 4 Pro,YouTube,VlI9WLzvGks,I bought soundpeats free2 classic for 30$. I had them for a year and never had a problem with them.,5,2023-12-10T01:13:28Z
Redmi Buds 4 Pro,YouTube,VlI9WLzvGks,"i had 3 models , it ia the besr budget earphone ever",1,2023-12-09T23:36:15Z
Redmi Buds 4 Pro,YouTube,VlI9WLzvGks,Kudos to your editors and all involved 👏👏👏,6,2023-12-09T22:45:41Z
Redmi Buds 4 Pro,YouTube,VlI9WLzvGks,"Someone who bought these, are they good?",1,2023-12-09T19:10:05Z
Redmi Buds 4 Pro,YouTube,VlI9WLzvGks,The 40 hr buds link to Amazon at $32.99,3,2023-12-09T18:59:13Z
Redmi Buds 4 Pro,YouTube,VlI9WLzvGks,You and picky audio should collaborate ❤❤❤🎉🎉🎉🎉,0,2023-12-09T16:48:29Z
Redmi Buds 4 Pro,YouTube,VlI9WLzvGks,"Not a paid promotion but I've used SoundPeats in the past, they're pretty decent for what it's worth. I mean, I'd prefer Anker/JBL but if anyone is interested, it's not bad. If you're an audiophile, look the other way.",1,2023-12-09T13:23:25Z
Redmi Buds 4 Pro,YouTube,VlI9WLzvGks,Can you buy me a play station 5 please im poor,1,2023-12-09T12:44:24Z
Redmi Buds 4 Pro,YouTube,VlI9WLzvGks,I have soundpeats Trueair2 for around 3 years. It's the best pair I have ever owned.❤,20,2023-12-09T10:28:38Z
Redmi Buds 4 Pro,YouTube,VlI9WLzvGks,I've got soundpeats air 3 pro and I've been using it for the past 5-6 months and they are very great,1,2023-12-09T09:33:06Z
Redmi Buds 4 Pro,YouTube,VlI9WLzvGks,"Air 4 pro isn't 48$, air 4 is.",0,2023-12-09T07:41:59Z
Redmi Buds 4 Pro,YouTube,VlI9WLzvGks,"first of all Mr Arun Maini sir, I would like to wish you a very cherished full Merry Christmas and your family. I hope this season comes with all good things and  blessings to your house.",1,2023-12-09T04:20:21Z
Redmi Buds 4 Pro,YouTube,VlI9WLzvGks,Prices much more on Amazon.,0,2023-12-09T01:45:14Z
Redmi Buds 4 Pro,YouTube,VlI9WLzvGks,I love my Soundpeats. Absolutely the best for the price. They are also one of the few companies (possibly the only company) who make semi-in-ear earphones at the price range. I can't stand full in-ear earphones.,8,2023-12-09T01:19:53Z
Redmi Buds 4 Pro,YouTube,VlI9WLzvGks,Because of him i found the right earbuds that I needed,2,2023-12-08T20:53:51Z
Redmi Buds 4 Pro,YouTube,VlI9WLzvGks,I bought these air4 pro buds and tbh not worth it for $100 CAD,0,2023-12-08T20:19:46Z
Redmi Buds 4 Pro,YouTube,VlI9WLzvGks,I just bought earbuds,0,2023-12-08T19:21:24Z
Redmi Buds 4 Pro,YouTube,VlI9WLzvGks,"They are not good sounding at all. Also wireless literally cannot do lossless sounds,  its impossible , theres always loss with bluetooth",0,2023-12-08T18:18:40Z
Redmi Buds 4 Pro,YouTube,VlI9WLzvGks,From soundcore to soundpeats 💀,2,2023-12-08T16:13:56Z
Redmi Buds 4 Pro,YouTube,VlI9WLzvGks,"Try QCY Earbuds, specially QCY Melobuds HT05 ANC. They're fantastic considering the price.",0,2023-12-08T16:10:37Z
Redmi Buds 4 Pro,YouTube,VlI9WLzvGks,try TOZO Nc2,0,2023-12-08T14:30:01Z
Redmi Buds 4 Pro,YouTube,VlI9WLzvGks,Can anyone suggest me earbud for swimming or using in hard rainy day one?,0,2023-12-08T14:08:18Z
Redmi Buds 4 Pro,YouTube,VlI9WLzvGks,.,1,2023-12-08T10:04:40Z
Redmi Buds 4 Pro,YouTube,VlI9WLzvGks,Try the brand hoppup,1,2023-12-08T09:17:36Z
Redmi Buds 4 Pro,YouTube,VlI9WLzvGks,air4 pros are really simmilar to the Huawei freebuds 5i,0,2023-12-08T09:02:13Z
Redmi Buds 4 Pro,YouTube,VlI9WLzvGks,sellout,0,2023-12-08T09:00:26Z
Redmi Buds 4 Pro,YouTube,VlI9WLzvGks,I bought some Jlab Go Air Pop for only 25 dollars and im very happy maybe test em too?,0,2023-12-08T07:21:00Z
Redmi Buds 4 Pro,YouTube,VlI9WLzvGks,"JLab has the best quality earbuds, I mean for 25 bucks you get great sounding earbuds with 32 hours of battery life.",0,2023-12-08T06:29:18Z
Redmi Buds 4 Pro,YouTube,VlI9WLzvGks,"Bruh, you fell",0,2023-12-08T04:48:45Z
Redmi Buds 4 Pro,YouTube,VlI9WLzvGks,This guy promotes anything 🤌,0,2023-12-08T03:31:44Z
Redmi Buds 4 Pro,YouTube,VlI9WLzvGks,"Sound peats, done at that kinda sound like beats? Air4??? AirPod??",0,2023-12-08T03:18:22Z
Redmi Buds 4 Pro,YouTube,VlI9WLzvGks,Ive always loved soundpeats ngl,5,2023-12-08T03:12:51Z
Redmi Buds 4 Pro,YouTube,VlI9WLzvGks,Hey Arun please tell them to make buds with (optional) wingtips again. There is a huge opening in the market for those because everyone stopped making them,2,2023-12-08T03:09:10Z
Redmi Buds 4 Pro,YouTube,VlI9WLzvGks,"who here know , which cheaper wireless buds can offer best quality sound and good microphones . 

i already buy 3 cheap earbuds sound okay but calling mic is suck",0,2023-12-08T02:09:25Z
Redmi Buds 4 Pro,YouTube,VlI9WLzvGks,I have the sound core life note C and they are the best ear buds I have ever had they last 3 days of use and sound amazing I do recommend them,0,2023-12-07T22:55:36Z
Redmi Buds 4 Pro,YouTube,VlI9WLzvGks,I just get any dirty buds,0,2023-12-07T22:35:17Z
Redmi Buds 4 Pro,YouTube,VlI9WLzvGks,Transparent technology!!!!!!!!!!!!!!!???????????????? They are bringing back the 1990's!!!!!!!!!!!!!!,1,2023-12-07T20:22:44Z
Redmi Buds 4 Pro,YouTube,VlI9WLzvGks,"I know, usin them right now",1,2023-12-07T20:06:30Z
Redmi Buds 4 Pro,YouTube,VlI9WLzvGks,Redmi buds 5,0,2023-12-07T19:22:21Z
Redmi Buds 4 Pro,YouTube,VlI9WLzvGks,"I hear everyone talking about the value of earplugs and sound quality, but no one heard you properly on calls. Will people hear what you're saying with this?",0,2023-12-07T17:59:36Z
Redmi Buds 4 Pro,YouTube,VlI9WLzvGks,"No, it's just a Soundpeats ad. For example Huawei freebuds 5i are much better in sound and this is a fact",0,2023-12-07T17:28:43Z
Redmi Buds 4 Pro,YouTube,VlI9WLzvGks,Bluetooth... and lossless?,14,2023-12-07T16:58:05Z
Redmi Buds 4 Pro,YouTube,VlI9WLzvGks,Please reply just wanted to ask what phone do you use???,0,2023-12-07T16:56:55Z
Redmi Buds 4 Pro,YouTube,VlI9WLzvGks,Biggest iPhone 17m,0,2023-12-07T14:24:27Z
Redmi Buds 4 Pro,YouTube,VlI9WLzvGks,Where are those prices?,0,2023-12-07T13:44:45Z
Redmi Buds 4 Pro,YouTube,VlI9WLzvGks,What are they called??,0,2023-12-07T11:01:48Z
Redmi Buds 4 Pro,YouTube,VlI9WLzvGks,"Do they sound good?
- Nah",0,2023-12-07T09:15:01Z
Redmi Buds 4 Pro,YouTube,VlI9WLzvGks,I own soundpeats air 3 got them on a crazy deal and for what i paid theyre pretty decent. Nothing too crazy but not disappointing,0,2023-12-07T06:27:44Z
Redmi Buds 4 Pro,YouTube,VlI9WLzvGks,Soundcore R100 is great,0,2023-12-07T05:47:57Z
Redmi Buds 4 Pro,YouTube,VlI9WLzvGks,There is no discount code,0,2023-12-07T04:44:06Z
Redmi Buds 4 Pro,YouTube,VlI9WLzvGks,Stop the 🧢.,0,2023-12-07T03:38:07Z
Redmi Buds 4 Pro,YouTube,VlI9WLzvGks,Why do I feel accepted when I watched this channel?,0,2023-12-07T03:24:57Z
Redmi Buds 4 Pro,YouTube,VlI9WLzvGks,Omg need this in my life rn,0,2023-12-07T03:17:32Z
Redmi Buds 4 Pro,YouTube,VlI9WLzvGks,"Thanks for Arun to check out our earphones and find us value!! SOUNDPEATS Team appreciates all the feedback, and we'll keep making amazing products to ""Hear Your Imagination""! 🙌",2,2023-12-07T02:50:57Z
Redmi Buds 4 Pro,YouTube,VlI9WLzvGks,Those look suspiciously similar to airpods.. 🤔,0,2023-12-07T02:44:39Z
Redmi Buds 4 Pro,YouTube,VlI9WLzvGks,You should review sports tech equipment,0,2023-12-07T02:11:38Z
Redmi Buds 4 Pro,YouTube,VlI9WLzvGks,This wreaks of paid promotion,0,2023-12-06T23:52:08Z
Redmi Buds 4 Pro,YouTube,VlI9WLzvGks,Better than overpriced garbage airpods,1,2023-12-06T23:51:16Z
Redmi Buds 4 Pro,YouTube,VlI9WLzvGks,"The fuck I just clicked on an ad 💀, my ad blocker missed this one",1,2023-12-06T23:48:46Z
Redmi Buds 4 Pro,YouTube,VlI9WLzvGks,Bro Arun Remeber when you said you would never take a sponsorship from a company unless the company allowed you to be honest? You only said the deal price for the best one but what about the regular price?,1,2023-12-06T23:05:16Z
Redmi Buds 4 Pro,YouTube,VlI9WLzvGks,shill,0,2023-12-06T22:55:27Z
Redmi Buds 4 Pro,YouTube,VlI9WLzvGks,"Mrwhosetheboss i need ur help with something because you are such an amazing tech expert ,ineed ur helpwith something",0,2023-12-06T22:39:59Z
Redmi Buds 4 Pro,YouTube,VlI9WLzvGks,I have the SoundPEATS capsule 3 pro and i can say they are very good for the price range. The noise cancellation work great!,35,2023-12-06T22:35:31Z
Redmi Buds 4 Pro,YouTube,VlI9WLzvGks,"I mean, for the value, I could add one third lf the price to it and have Huawei's Freebuds 3i, which I think are even better value, but sure this doesn't look so bad.",0,2023-12-06T22:16:17Z
Redmi Buds 4 Pro,YouTube,VlI9WLzvGks,i got some alr,0,2023-12-06T21:30:48Z
Redmi Buds 4 Pro,YouTube,VlI9WLzvGks,What was the name of the first buds,0,2023-12-06T20:52:55Z
Redmi Buds 4 Pro,YouTube,VlI9WLzvGks,Wait till Dankpods reviews them...,0,2023-12-06T19:45:05Z
Redmi Buds 4 Pro,YouTube,VlI9WLzvGks,"JESUS IS COMING BACK SOON, PLEASE LET HIM SAVE YOU AS HE SAVED ME PLEASE TIME IS RUNNING OUT 😊",1,2023-12-06T19:39:27Z
Redmi Buds 4 Pro,YouTube,VlI9WLzvGks,"THEY SELL RIPOFF AIRPOD PROS L
BRO IM DEAD💀💀💀💀",2,2023-12-06T19:16:40Z
Redmi Buds 4 Pro,YouTube,VlI9WLzvGks,i own a soundpeat free2 classic and i gotta say myself for the price it was way better than what you expect,13,2023-12-06T19:09:48Z
Redmi Buds 4 Pro,YouTube,VlI9WLzvGks,Mr.whostheboss is doing commercials now?,4,2023-12-06T18:59:36Z
Redmi Buds 4 Pro,YouTube,VlI9WLzvGks,He got money to say this💀,0,2023-12-06T18:58:05Z
Redmi Buds 4 Pro,YouTube,VlI9WLzvGks,I have three different pair of Soundpeats. They sound as good as my galaxy buds that were 4x as much. They really are great for the money - I'm not being paid to say that...,5,2023-12-06T18:58:00Z
Redmi Buds 4 Pro,YouTube,VlI9WLzvGks,Which one has the best noise cancelation?,0,2023-12-06T18:52:53Z
Redmi Buds 4 Pro,YouTube,VlI9WLzvGks,You really have to try oraimo freepods 4 and pro,1,2023-12-06T18:40:20Z
Redmi Buds 4 Pro,YouTube,VlI9WLzvGks,"Tbh this IS a sponsored Video

This comment is not.



A while back i was in this situation looking for a pair of earbuds. Airpods pro (2nd gens) were overpriced for what I would’ve liked to spend.


I did lots of research on all of the earbuds including these. I came to the conclusion I wanted an in-ear stem-style earbud (like these in the video except the last one)

I did research of every pair of earbuds, and I found:



Drumroll please 🥁 🥁 🥁 



The Soundcore Liberty 4NC’s

I got them for about 1500 ZAR (round 70-80 USD) and even though its slightly above my preffered budget (<60$)  it has been the best money I’ve spent.

The app is amazing.

The Transparency was decent, but a software update made it brilliant.

The Noise Cancelling is out of this world.

I’ve run 17 long runs and 12 sprint exercises without them falling out.

To ensure that, they come with 4 sizes of eartips and in the app you can do a fit test and see what adjustments to make to get the perfect fit, e.g. Left one fits perfecttly but try rotating the right one to the same angle as left one etc. etc.


Speaking of tests, if you don’t know how to manage and tune the buds’ detailed eq setting in the app, there is a whole test/quiz you can take to identify your ears’ unique “ID,” and after that they play 6 samples where you choose which one sound better to you and after it all they give you a unique setting to how you answered the test.




Honestly I can go on but if you have any questions ask me honestly.

Even though it sounds like this is a sponsored comment, I promise you it’s not.


I’m just a regular person happy with my purchase after hours of research and would like to save people that is in the situation I was in some time. 


Wow, you made it all the way down here??

Any questions about my earbuds experience feel free to ask bro",2,2023-12-06T18:39:01Z
Redmi Buds 4 Pro,YouTube,VlI9WLzvGks,Earbuts are always trash my earbuts broke every year since 2020,0,2023-12-06T17:59:23Z
Redmi Buds 4 Pro,YouTube,VlI9WLzvGks,To bad I get eat infections from earbuds…,0,2023-12-06T17:19:56Z
Redmi Buds 4 Pro,YouTube,VlI9WLzvGks,Arun is the only guy who can rickroll me and get me to watch an ad and enjoy it,25,2023-12-06T17:12:19Z
Redmi Buds 4 Pro,YouTube,VlI9WLzvGks,Type C wired headphones anyday.,0,2023-12-06T16:29:25Z
Redmi Buds 4 Pro,YouTube,VlI9WLzvGks,So what’s the downside?,0,2023-12-06T16:28:55Z
Redmi Buds 4 Pro,YouTube,VlI9WLzvGks,"I used to trust this guy 100% on tech tips and stuff, but he’s just straight up making ads now 😐",2,2023-12-06T16:25:47Z
Redmi Buds 4 Pro,YouTube,VlI9WLzvGks,Am really happy for them that You Found them! ❤,4,2023-12-06T16:23:45Z
Redmi Buds 4 Pro,YouTube,VlI9WLzvGks,Sir please try 'wings' earbuds,2,2023-12-06T15:55:29Z
Redmi Buds 4 Pro,YouTube,VlI9WLzvGks,"Arun bhai , kindly make a video on main channel on best affordable earbuds, I am in Pakistan so plz earbuds should be in a 100$ less budget",0,2023-12-06T15:50:24Z
Redmi Buds 4 Pro,YouTube,VlI9WLzvGks,Best,0,2023-12-06T15:44:41Z
Redmi Buds 4 Pro,YouTube,VlI9WLzvGks,Sad,0,2023-12-06T15:35:13Z
Redmi Buds 4 Pro,YouTube,VlI9WLzvGks,"where interesting so I did check them. Reviews are terrible, everyone says to skip this and buy model 3 series instead",0,2023-12-06T15:32:37Z
Redmi Buds 4 Pro,YouTube,VlI9WLzvGks,Try QCY T13. 13 bucks,0,2023-12-06T15:08:06Z
Redmi Buds 4 Pro,YouTube,VlI9WLzvGks,Those clear look exactly as nothing 😂,0,2023-12-06T15:04:55Z
Redmi Buds 4 Pro,YouTube,VlI9WLzvGks,*bro has every kind of tech just in the sheer perimeter of his house*,1,2023-12-06T14:56:05Z
Redmi Buds 4 Pro,YouTube,VlI9WLzvGks,"My current earbuds $24,
120hr backup (24h on single earbuds), ear detection, 4 mics, noise cancellation, superb quality.",0,2023-12-06T14:52:35Z
Redmi Buds 4 Pro,YouTube,VlI9WLzvGks,Amazon says frequently returned item when I looked at the air 4 😂,0,2023-12-06T14:49:05Z
Redmi Buds 4 Pro,YouTube,VlI9WLzvGks,But have you Tried Qkz and Kz bluetooth upgrafe,0,2023-12-06T14:15:59Z
Redmi Buds 4 Pro,YouTube,VlI9WLzvGks,Google pixel 7a😊,0,2023-12-06T13:59:09Z
Redmi Buds 4 Pro,YouTube,VlI9WLzvGks,Have you seen the GTA 6 trailer,0,2023-12-06T13:50:21Z
Redmi Buds 4 Pro,YouTube,VlI9WLzvGks,Pray for palistine,0,2023-12-06T13:45:13Z
Redmi Buds 4 Pro,YouTube,VlI9WLzvGks,Nice😊,0,2023-12-06T13:23:24Z
Redmi Buds 4 Pro,YouTube,VlI9WLzvGks,jbl sells better earbuds for just $25 more.,0,2023-12-06T13:09:57Z
Redmi Buds 4 Pro,YouTube,VlI9WLzvGks,Almost like Apple is a Capitalistic company. That's how you become multi-billionaires.,0,2023-12-06T12:56:49Z
Redmi Buds 4 Pro,YouTube,VlI9WLzvGks,Welcome to ChiFi world of Audio 😂,0,2023-12-06T12:50:00Z
Redmi Buds 4 Pro,YouTube,VlI9WLzvGks,"Wireless so not the best value, just stupid eWaste",0,2023-12-06T12:30:26Z
Redmi Buds 4 Pro,YouTube,VlI9WLzvGks,The links in the description do not work on either a Mac running Safari or on the iPad YouTube app. On the iPad YouTube app it is not even possible to copy and paste! Do creators realise this issue?????,0,2023-12-06T12:03:30Z
Redmi Buds 4 Pro,YouTube,VlI9WLzvGks,Na na na na na na na na na na na na ADMAAAAN,0,2023-12-06T11:50:11Z
Redmi Buds 4 Pro,YouTube,VlI9WLzvGks,Day 2 of Asking Mr. Boss for a phone because i don't have one.,0,2023-12-06T11:42:44Z
Redmi Buds 4 Pro,YouTube,VlI9WLzvGks,Bro I have air 3s better than AirPods,0,2023-12-06T11:38:07Z
Redmi Buds 4 Pro,YouTube,VlI9WLzvGks,He's the only youtuber I never know when he's sponsoring something 💀,0,2023-12-06T11:26:16Z
Redmi Buds 4 Pro,YouTube,VlI9WLzvGks,Where is the link?,0,2023-12-06T11:16:30Z
Redmi Buds 4 Pro,YouTube,VlI9WLzvGks,Im patiently waiting for you to do breakdown of Honor 100 so I can take my decision between it and xiaomi redmi 13 ❤❤❤❤😅😅😅,0,2023-12-06T11:05:02Z
Redmi Buds 4 Pro,YouTube,VlI9WLzvGks,Have you heard of Oraimo?,0,2023-12-06T10:59:12Z
Redmi Buds 4 Pro,YouTube,VlI9WLzvGks,"I was in a dire need of earbuds since the last one stopped working

Unfortunately this doesn't ship in my country🥲

Nice video though👍",0,2023-12-06T10:46:48Z
Redmi Buds 4 Pro,YouTube,VlI9WLzvGks,"All of these are worth it over Airpods, especially since they're all made in China anyway.",0,2023-12-06T10:42:40Z
Redmi Buds 4 Pro,YouTube,VlI9WLzvGks,Paid promotion 💀,0,2023-12-06T10:26:53Z
Redmi Buds 4 Pro,YouTube,VlI9WLzvGks,"I owned one, it's good",0,2023-12-06T10:23:47Z
Redmi Buds 4 Pro,YouTube,VlI9WLzvGks,"I know this is a promo, but these might be the best value wired. Sound magic E10’s are the best value wired earphones. So much quality for £30",1,2023-12-06T09:57:11Z
Redmi Buds 4 Pro,YouTube,VlI9WLzvGks,I have the trufrees,1,2023-12-06T09:48:28Z
Redmi Buds 4 Pro,YouTube,VlI9WLzvGks,"Hi Arun! I love your content and way of presenting, but this short is too much a blatant commercial. It diminishes your credibility… I would suggest you stop these.",1,2023-12-06T09:45:02Z
Redmi Buds 4 Pro,YouTube,VlI9WLzvGks,Chek black shark Lucifer t6,1,2023-12-06T09:44:51Z
Redmi Buds 4 Pro,YouTube,VlI9WLzvGks,27 sec old VID already almost 300 comments,1,2023-12-06T09:39:09Z
Redmi Buds 4 Pro,YouTube,VlI9WLzvGks,I'm definitely getting one 😮,0,2023-12-06T09:26:40Z
Redmi Buds 4 Pro,YouTube,VlI9WLzvGks,"There has to be a catch, right?",3,2023-12-06T08:44:59Z
Redmi Buds 4 Pro,YouTube,VlI9WLzvGks,Bro try boat airdrops,0,2023-12-06T08:30:48Z
Redmi Buds 4 Pro,YouTube,VlI9WLzvGks,"arun is the only one who can convince me to buy earbuds even from a sponsored video 
I trust him",364,2023-12-06T08:28:33Z
Redmi Buds 4 Pro,YouTube,VlI9WLzvGks,U should review boat airdopes,0,2023-12-06T08:13:14Z
Redmi Buds 4 Pro,YouTube,VlI9WLzvGks,"Never heard of them, I’m skeptical they can do that at that price since the closest I see would be the Sony XM (I’m using the XM0004 and I got it for about $100 since it was under a promotion) series and I think HK which costs around $215.",0,2023-12-06T07:57:32Z
Redmi Buds 4 Pro,YouTube,VlI9WLzvGks,"apple fans be like

Still no apple logo😂",0,2023-12-06T07:43:26Z
Redmi Buds 4 Pro,YouTube,VlI9WLzvGks,"Snapdragon sound, heard that for a very first time 😳😳",0,2023-12-06T07:21:30Z
Redmi Buds 4 Pro,YouTube,VlI9WLzvGks,Bro soundpeats are trash. Had my sonic pro's for a while and the right bud's battery just died. Completely gone. It also depletes the battery of the case while in it. Left bud is alright. Only had it for 6 months🫠 Had a redmi airdots s before and that thing lasted 3 years before battery finally gave up,0,2023-12-06T07:08:39Z
Redmi Buds 4 Pro,YouTube,VlI9WLzvGks,Try mibro m1 ear buds,0,2023-12-06T07:05:57Z
Redmi Buds 4 Pro,YouTube,VlI9WLzvGks,Where are they on sale for $48? Lol. I only see them for $80.,1,2023-12-06T07:00:34Z
Redmi Buds 4 Pro,YouTube,VlI9WLzvGks,I've used soundpeats for about a year and I love them!,28,2023-12-06T06:59:47Z
Redmi Buds 4 Pro,YouTube,VlI9WLzvGks,"I review them quite often..and I don't get paid for it. Some are quite good , others not so much.",1,2023-12-06T06:54:14Z
Redmi Buds 4 Pro,YouTube,VlI9WLzvGks,"Insane earbuds, have it a try",2,2023-12-06T06:46:08Z
Redmi Buds 4 Pro,YouTube,VlI9WLzvGks,Moondrop is better.,0,2023-12-06T06:41:38Z
Redmi Buds 4 Pro,YouTube,VlI9WLzvGks,Need to disclose sponsorship much better..,0,2023-12-06T06:13:57Z
Redmi Buds 4 Pro,YouTube,VlI9WLzvGks,"you could have been much more honest that it's a an ad instead of the small text ""paid promotion"" that you've provided",9,2023-12-06T06:03:30Z
Redmi Buds 4 Pro,YouTube,VlI9WLzvGks,Over $79 on Amazon for the said $48 one 💀,4,2023-12-06T06:02:35Z
Redmi Buds 4 Pro,YouTube,VlI9WLzvGks,Just doing stra😢ight up commercials now.,17,2023-12-06T05:53:25Z
Redmi Buds 4 Pro,YouTube,VlI9WLzvGks,"Nice, thought this was an old video.",0,2023-12-06T05:53:11Z
Redmi Buds 4 Pro,YouTube,VlI9WLzvGks,Not for my ears,0,2023-12-06T05:50:39Z
Redmi Buds 4 Pro,YouTube,VlI9WLzvGks,All Ad and absolutely no mention of sound quality :'(,1,2023-12-06T05:44:46Z
Redmi Buds 4 Pro,YouTube,VlI9WLzvGks,"No they're not, moondrop chu 2's are 20 dollars while sounding 20x better of everything here",0,2023-12-06T05:41:56Z
Redmi Buds 4 Pro,YouTube,VlI9WLzvGks,"""includes paid promotion""",0,2023-12-06T05:39:21Z
Redmi Buds 4 Pro,YouTube,VlI9WLzvGks,As sharp as a marble that one,0,2023-12-06T05:29:51Z
Redmi Buds 4 Pro,YouTube,VlI9WLzvGks,Bro getting happy that there is good quality for 18$ . Ever seen boat??,0,2023-12-06T05:29:09Z
Redmi Buds 4 Pro,YouTube,VlI9WLzvGks,"3 weeks ago i got the soundcore A31 for like 45€. I did research hours to find the best whireless Earbuds with low price and now I see this video which came 3 weeks to late for me, I am dying inside.",0,2023-12-06T05:09:33Z
Redmi Buds 4 Pro,YouTube,VlI9WLzvGks,"This video came out literally 3 week after i got new earbuds, 3 weeks to late.",0,2023-12-06T05:04:31Z
Redmi Buds 4 Pro,YouTube,VlI9WLzvGks,"Ever heard of boAT, they make even cheaper earphones, and the 'CD Quality' shenanigans is nothing a normal music listener would notice.",0,2023-12-06T04:57:53Z
Redmi Buds 4 Pro,YouTube,VlI9WLzvGks,"Hey, I still got that Air3, they still work comfortably, and nice bass too",3,2023-12-06T04:51:12Z
Redmi Buds 4 Pro,YouTube,VlI9WLzvGks,Five below Bluetooth headphones are actually decent for 5 friggin dollars.  Ive used them more than once even 5 times so id say value kings,0,2023-12-06T04:47:42Z
Redmi Buds 4 Pro,YouTube,VlI9WLzvGks,Sound Peats? Must be scottish chinese whiskey inspired,0,2023-12-06T04:45:49Z
Redmi Buds 4 Pro,YouTube,VlI9WLzvGks,Could you please do haylou brand,0,2023-12-06T04:42:51Z
Redmi Buds 4 Pro,YouTube,VlI9WLzvGks,I had a pair of Soundpeats Q and they were absolutely insane. Would highly recommend for high quality cheap bluetooth earbuds,1,2023-12-06T04:31:19Z
Redmi Buds 4 Pro,YouTube,VlI9WLzvGks,"I wasn't sure I was even going to like this one, as I don't even normally enjoy holding eye contact in conversation, but this kept ending up in my Youtube recommended. It was a lot more enjoyable than I thought it would be!",0,2023-12-06T04:25:53Z
Redmi Buds 4 Pro,YouTube,VlI9WLzvGks,Futuristic design=Airpod,0,2023-12-06T04:22:25Z
Redmi Buds 4 Pro,YouTube,VlI9WLzvGks,Please breakdown GTA 6 trailer,0,2023-12-06T04:14:29Z
Redmi Buds 4 Pro,YouTube,VlI9WLzvGks,ah yes another sellout short,1,2023-12-06T04:12:09Z
Redmi Buds 4 Pro,YouTube,VlI9WLzvGks,All of that is true. Earphones are nice but their app sucks. Trash app.,0,2023-12-06T03:36:02Z
Redmi Buds 4 Pro,YouTube,VlI9WLzvGks,These prices are so fake. I went to amazon to check them out and the first ones (the cheapest) are 59 dollars with a 6 dollars discount. Arun usually does not put the wrong prices so im guessing that its a mistake.,0,2023-12-06T03:34:49Z
Redmi Buds 4 Pro,YouTube,VlI9WLzvGks,Soundcore earbuds have anc for 29 dollars…,0,2023-12-06T03:33:38Z
Redmi Buds 4 Pro,YouTube,VlI9WLzvGks,"Wait until my goy hears about boat, noise, etc.",0,2023-12-06T03:26:15Z
Redmi Buds 4 Pro,YouTube,VlI9WLzvGks,I use the soundpeats air 3,0,2023-12-06T03:13:30Z
Redmi Buds 4 Pro,YouTube,VlI9WLzvGks,"Can I give another choice I use daily? 

JLab Airs are amazing for 25$",0,2023-12-06T03:12:29Z
Redmi Buds 4 Pro,YouTube,VlI9WLzvGks,"make a review about soundcore devices, they're cheap but they're pretty good",0,2023-12-06T02:57:56Z
Redmi Buds 4 Pro,YouTube,VlI9WLzvGks,dankpods will tear these earbuds apart with his bare hands,954,2023-12-06T02:54:11Z
Redmi Buds 4 Pro,YouTube,VlI9WLzvGks,Paid promotion,0,2023-12-06T02:23:58Z
Redmi Buds 4 Pro,YouTube,VlI9WLzvGks,Try boAt earphones Arun,0,2023-12-06T02:12:11Z
Redmi Buds 4 Pro,YouTube,VlI9WLzvGks,just buy the moondrop space travel?,0,2023-12-06T02:07:59Z
Redmi Buds 4 Pro,YouTube,VlI9WLzvGks,As soon as I saw the “includes paid promotion I knew this wasn’t his honest opinion,10,2023-12-06T01:55:44Z
Redmi Buds 4 Pro,YouTube,VlI9WLzvGks,watching this video with air 3 pro,0,2023-12-06T01:54:28Z
Redmi Buds 4 Pro,YouTube,VlI9WLzvGks,iPod sucks,0,2023-12-06T01:53:16Z
Redmi Buds 4 Pro,YouTube,VlI9WLzvGks,Can you please try the tozo t10 earbuds they were my first earbuds and I would like you to try them there 20$ but in some places better than my gen 2 AirPods,0,2023-12-06T01:52:41Z
Redmi Buds 4 Pro,YouTube,VlI9WLzvGks,186th,0,2023-12-06T01:50:22Z
Redmi Buds 4 Pro,YouTube,VlI9WLzvGks,"For the Indians, the Air 3 will cost you 8.5k(On amazon)...........so not really affordable😂",0,2023-12-06T01:49:14Z
Redmi Buds 4 Pro,YouTube,VlI9WLzvGks,Try qcy,1,2023-12-06T01:44:39Z
Redmi Buds 4 Pro,YouTube,VlI9WLzvGks,He just buys anything thats tech,0,2023-12-06T01:28:16Z
Redmi Buds 4 Pro,YouTube,VlI9WLzvGks,"Hey, Bluetooth doesn’t support lossless quality audio! Hope this helps",0,2023-12-06T01:20:30Z
Redmi Buds 4 Pro,YouTube,VlI9WLzvGks,what they don't tell you is that they'll break down and stop working after the month and a half that the guarantee covers them and there's no way to repair them,2,2023-12-06T01:15:57Z
Redmi Buds 4 Pro,YouTube,VlI9WLzvGks,Don’t be fooled by apple. Some companies are expensive because they have high quality stuff. Apple is expensive because they know they can get away with it. They know they are popular enough that people will buy their products no matter the cost,0,2023-12-06T01:12:33Z
Redmi Buds 4 Pro,YouTube,VlI9WLzvGks,I wana see him make a video about soundcore,0,2023-12-06T00:58:56Z
Redmi Buds 4 Pro,YouTube,VlI9WLzvGks,Soundcore battery is well know to die fast. Soundcore headphones have issues with fires. Stop takeing money from brands that does not take quality issues seriously.,0,2023-12-06T00:37:15Z
Redmi Buds 4 Pro,YouTube,VlI9WLzvGks,Is that the AI PIN from humane?,0,2023-12-06T00:35:25Z
Redmi Buds 4 Pro,YouTube,VlI9WLzvGks,"I don't think ""cd quality"" is a good argument this tech is old, so even if it's actually good, people are going to think that old tech=bad (including myself, idk if it's good or not)",0,2023-12-06T00:33:43Z
Redmi Buds 4 Pro,YouTube,VlI9WLzvGks,I had the sound core life P2 from anker and although it didn’t sound the best I swear those earbuds could be left out for 2 days and still be at 50% volume and I would only have to charge the case like once every month,0,2023-12-06T00:32:31Z
Redmi Buds 4 Pro,YouTube,VlI9WLzvGks,id need to try it first but they seem epic,1,2023-12-06T00:28:54Z
Redmi Buds 4 Pro,YouTube,VlI9WLzvGks,Surely hes making decent money with 10m subs. This kind of ad really kills his credibility,9,2023-12-06T00:28:15Z
Redmi Buds 4 Pro,YouTube,VlI9WLzvGks,I like the ones myfriends have because it looks futuristic and it shows how much chatge is left in them and when there charging. Not to mention it's not expensive😌,1,2023-12-06T00:27:23Z
Redmi Buds 4 Pro,YouTube,VlI9WLzvGks,Want a real value audio solution: truehear Hexa,0,2023-12-06T00:21:29Z
Redmi Buds 4 Pro,YouTube,VlI9WLzvGks,"Hello, i have a video suggestion, for audiophiles out there i would love it if u make a video of types of audio formats used such as mp3, flac, wav and how much does their sounds differ from each other and what streaming platforms such as YouTube use the type of audio format in their video. Cus everytime am listening to songs on YouTube they just soo much better then listening offline in mp3. Thanks in advance",9,2023-12-06T00:18:24Z
Redmi Buds 4 Pro,YouTube,VlI9WLzvGks,"It's been 3+ years almost all the members in my family have been using Soundpeats Earbuds only, it's very good experience, decent sound and excellent battery in a budget price.. 
SP Sonic 
SP Free 2 classic
SP H1
SP Capsule 3 pro
SP mini pro HS
SP engine 4

All recommended 😊",4,2023-12-06T00:07:48Z
Redmi Buds 4 Pro,YouTube,VlI9WLzvGks,People are really sitting here saying airpods are better get out of here,1,2023-12-06T00:07:23Z
Redmi Buds 4 Pro,YouTube,VlI9WLzvGks,Where is the promotion code?,0,2023-12-06T00:06:20Z
Redmi Buds 4 Pro,YouTube,VlI9WLzvGks,I’d love this for Christmas. But I don’t have any money 😢😢. Someday I will,0,2023-12-06T00:02:09Z
Redmi Buds 4 Pro,YouTube,VlI9WLzvGks,Arun how easily do they connect to an iPhone??,0,2023-12-05T23:58:52Z
Redmi Buds 4 Pro,YouTube,VlI9WLzvGks,Just talked specs but have you tested them? The ANC & triple microphone got doubts,0,2023-12-05T23:55:26Z
Redmi Buds 4 Pro,YouTube,VlI9WLzvGks,"Airpods battery life always was and still is crap.
Any headphone, literally any is better at it.
I have Airpods dunno what generation I won with a supermarket giveaway. They are good, sound well and all that but they don't last 2h making them crap.
I bought a 10€ on amazon and they sound quality is worst but quite similar not going to lie and their have 12h of playing non stop so...",0,2023-12-05T23:54:35Z
Redmi Buds 4 Pro,YouTube,VlI9WLzvGks,Which earbuds do you use on a daily basis?,0,2023-12-05T23:54:34Z
Redmi Buds 4 Pro,YouTube,VlI9WLzvGks,Probably how much apple AirPods actually cost,0,2023-12-05T23:53:58Z
Redmi Buds 4 Pro,YouTube,VlI9WLzvGks,What's the catch?,0,2023-12-05T23:43:48Z
Redmi Buds 4 Pro,YouTube,VlI9WLzvGks,Bro that’s a lie you are just getting scammed there’s no way this is a good airpod,0,2023-12-05T23:39:44Z
Redmi Buds 4 Pro,YouTube,VlI9WLzvGks,Wow,0,2023-12-05T23:38:49Z
Redmi Buds 4 Pro,YouTube,VlI9WLzvGks,Na EarFun is way better,1,2023-12-05T23:36:18Z
Redmi Buds 4 Pro,YouTube,VlI9WLzvGks,Am not replacing my galaxy buds2 pro with anything 😡,0,2023-12-05T23:35:23Z
Redmi Buds 4 Pro,YouTube,VlI9WLzvGks,"I got baseus earbuds for black friday. Cost me $20, and they work great. Then theres my friend who has $200 airpods and realized that mine were as good as his",0,2023-12-05T23:28:24Z
Redmi Buds 4 Pro,YouTube,VlI9WLzvGks,"Futuristic design, bruh...😕",0,2023-12-05T23:10:02Z
Redmi Buds 4 Pro,YouTube,VlI9WLzvGks,I have the soundpeats free 2 classic and they are amazing 🥹,1,2023-12-05T23:08:06Z
Redmi Buds 4 Pro,YouTube,VlI9WLzvGks,Would like to know the price of these products in pounds sterling,0,2023-12-05T23:00:16Z
Redmi Buds 4 Pro,YouTube,VlI9WLzvGks,I love the haircut!,1,2023-12-05T22:56:03Z
Redmi Buds 4 Pro,YouTube,VlI9WLzvGks,Buy me an iPhone please,0,2023-12-05T22:54:54Z
Redmi Buds 4 Pro,YouTube,VlI9WLzvGks,include paid promotion,0,2023-12-05T22:49:32Z
Redmi Buds 4 Pro,YouTube,VlI9WLzvGks,Videos like these just prove you don't have to be naive and stupid and buy Apple You can get just as good of brand for less if you just shop around,0,2023-12-05T22:46:30Z
Redmi Buds 4 Pro,YouTube,VlI9WLzvGks,"Best value earphones, but they're wireless. Idk how valuable that feature is to most, but imo sound quality and possibly noise cancelation are more important.",6,2023-12-05T22:31:48Z
Redmi Buds 4 Pro,YouTube,VlI9WLzvGks,"I am paying for youtube premium, why am I seeing this ad ?",572,2023-12-05T22:31:16Z
Redmi Buds 4 Pro,YouTube,VlI9WLzvGks,I love your video 📹 do more pls 🙏,0,2023-12-05T22:30:04Z
Redmi Buds 4 Pro,YouTube,VlI9WLzvGks,❤❤❤❤❤❤❤❤❤❤❤❤❤❤,0,2023-12-05T22:28:16Z
Redmi Buds 4 Pro,YouTube,VlI9WLzvGks,"I had one of those 2 years ago. Then, it never worked again (and I swear I charged)",0,2023-12-05T22:25:40Z
Redmi Buds 4 Pro,YouTube,VlI9WLzvGks,"I have soundpeats model Q (not a new model), sound quality is kinda good, microphone is usable, a lot of latency, common issue of sometimes not charging while in the case, and battery life is great... I love the brand, but I can buy knock-off apple air pods from china with better quality than mine with half the price.
the issue with soundpeats marketing that they have a lot of models so you get lost which one has more value/quality...
I hope the new models are better than the model Q I have.",1,2023-12-05T22:23:27Z
Redmi Buds 4 Pro,YouTube,VlI9WLzvGks,"Very sad to see Mrwhosetheboss doing plugged promotions. Used to trust his reviews and judgements. I had two sets of the SoundPeats, the first broke after two weeks, and the replacements were very underwhelming. Sorry Arun, you've tanked IMHO.",1,2023-12-05T22:23:00Z
Redmi Buds 4 Pro,YouTube,VlI9WLzvGks,I need a iPhone 13 pls pls pls🤞🤞🤞🤞🤞🤞,0,2023-12-05T22:18:57Z
Redmi Buds 4 Pro,YouTube,VlI9WLzvGks,"""CD Quality"" lol",151,2023-12-05T22:16:49Z
Redmi Buds 4 Pro,YouTube,VlI9WLzvGks,Where the link :(,0,2023-12-05T22:16:35Z
Redmi Buds 4 Pro,YouTube,VlI9WLzvGks,"Achivment progress.
Most phones ✅️ 
Most words cases ✅️ 
Longest phone charger ✅️ 
Most expensive apps downloaded ✅️ 
Beat apple subs 🚫",1,2023-12-05T22:16:26Z
Redmi Buds 4 Pro,YouTube,VlI9WLzvGks,Soundpeats are decent but QCY have them beaten in the midrange and low end. They are some of the best in terms of budget non in ear though.,15,2023-12-05T22:12:53Z
Redmi Buds 4 Pro,YouTube,VlI9WLzvGks,Please like,0,2023-12-05T22:05:11Z
Redmi Buds 4 Pro,YouTube,VlI9WLzvGks,I own their Pros. Used them once. App is CRAP. Get Liberty 4 NCs instead.,0,2023-12-05T22:02:51Z
Redmi Buds 4 Pro,YouTube,VlI9WLzvGks,Last week i accidentally flushed my air 3s down the toilet,1,2023-12-05T22:02:20Z
Redmi Buds 4 Pro,YouTube,VlI9WLzvGks,"Looks like they never talked about latency in their products
I'm worried about that",175,2023-12-05T22:01:28Z
Redmi Buds 4 Pro,YouTube,VlI9WLzvGks,Durable?,0,2023-12-05T21:59:15Z
Redmi Buds 4 Pro,YouTube,VlI9WLzvGks,"soundpeats are great! bought 3 different models since 2020. i have one that I've had for three years now, 1 for one year, and just recently bought the Clear model.  all still working and doing great!",20,2023-12-05T21:59:11Z
Redmi Buds 4 Pro,YouTube,VlI9WLzvGks,First,0,2023-12-05T21:58:30Z
Redmi Buds 4 Pro,YouTube,VlI9WLzvGks,I need these,0,2023-12-05T21:57:24Z
Redmi Buds 4 Pro,YouTube,VlI9WLzvGks,Bro it’s just a sponsorship,19,2023-12-05T21:57:06Z
Redmi Buds 4 Pro,YouTube,VlI9WLzvGks,cool headphones but it’s an ad,0,2023-12-05T21:56:24Z
Redmi Buds 4 Pro,YouTube,VlI9WLzvGks,"What, no Raycons?",0,2023-12-05T21:55:42Z
Redmi Buds 4 Pro,YouTube,VlI9WLzvGks,At that point just get kz zsn pros,0,2023-12-05T21:50:35Z
Redmi Buds 4 Pro,YouTube,VlI9WLzvGks,Music To My Hears.❤,0,2023-12-05T21:49:24Z
Redmi Buds 4 Pro,YouTube,VlI9WLzvGks,"Oh yeah! I love sound peats but my ear canal is too small, so they are really uncomfortable after a bit.",0,2023-12-05T21:47:16Z
Redmi Buds 4 Pro,YouTube,VlI9WLzvGks,WHAT IS THE MEANING OF WEARING THAT SHIT ON YOUR NECK?,0,2023-12-05T21:47:09Z
Redmi Buds 4 Pro,YouTube,VlI9WLzvGks,Cd quality lossless isint lossless,0,2023-12-05T21:46:54Z
Redmi Buds 4 Pro,YouTube,VlI9WLzvGks,R.I.P. RecordedAnemone 😢😢,0,2023-12-05T21:44:49Z
Redmi Buds 4 Pro,YouTube,VlI9WLzvGks,Where is rishi sunsk interview,0,2023-12-05T21:44:34Z
Redmi Buds 4 Pro,YouTube,VlI9WLzvGks,"You cannot play lossless audio via Bluetooth and snapdragon sound doesn't really mean anything...
40 hours of battery is nice tho, if it's true",10,2023-12-05T21:43:51Z
Redmi Buds 4 Pro,YouTube,VlI9WLzvGks,Are these worth it??,0,2023-12-05T21:43:39Z
Redmi Buds 4 Pro,YouTube,VlI9WLzvGks,I hate rubbers,0,2023-12-05T21:42:08Z
Redmi Buds 4 Pro,YouTube,VlI9WLzvGks,"yup , very good quality .. and for people who actually know how to compare some random earphone and professional earphone they would actually agree upon this",0,2023-12-05T21:41:20Z
Redmi Buds 4 Pro,YouTube,VlI9WLzvGks,"At 40 hours battery life,
those minors,
err, I mean,
those miners .. 
must have dove deep into the mine for that good lithium!",1,2023-12-05T21:40:50Z
Redmi Buds 4 Pro,YouTube,VlI9WLzvGks,"Why am I so early, and where can I buy them?",0,2023-12-05T21:39:54Z
Redmi Buds 4 Pro,YouTube,VlI9WLzvGks,I’m sticking with my JLabs,0,2023-12-05T21:38:13Z
Redmi Buds 4 Pro,YouTube,VlI9WLzvGks,Can you make a video about the Google pixel buds a-series or pro? Plis,0,2023-12-05T21:38:11Z
Redmi Buds 4 Pro,YouTube,VlI9WLzvGks,But if you get these you aint got air pods though,0,2023-12-05T21:37:41Z
Redmi Buds 4 Pro,YouTube,VlI9WLzvGks,but how do they sound,0,2023-12-05T21:37:33Z
Redmi Buds 4 Pro,YouTube,VlI9WLzvGks,dont forget thats still 100 NZD,0,2023-12-05T21:37:10Z
Redmi Buds 4 Pro,YouTube,VlI9WLzvGks,"""Includes paid promotion""",9518,2023-12-05T21:35:43Z
Redmi Buds 4 Pro,YouTube,VlI9WLzvGks,R.I.P. Airpods,0,2023-12-05T21:34:30Z
Redmi Buds 4 Pro,YouTube,VlI9WLzvGks,Congrats on being the short I watch on repeat while I wipe 🎉🎉🎉,3274,2023-12-05T21:33:15Z
Redmi Buds 4 Pro,YouTube,VlI9WLzvGks,"No Space Travel, No Like.",0,2023-12-05T21:32:35Z
Redmi Buds 4 Pro,YouTube,VlI9WLzvGks,Souundbeats. Very close to Soundcore. Same company?,1,2023-12-05T21:31:49Z
Redmi Buds 4 Pro,YouTube,VlI9WLzvGks,These could be a steal but comparing it to airpods is senseless.,0,2023-12-05T21:31:39Z
Redmi Buds 4 Pro,YouTube,VlI9WLzvGks,paid so idk anymore,1,2023-12-05T21:31:09Z
Redmi Buds 4 Pro,YouTube,VlI9WLzvGks,I like the last one the most.,0,2023-12-05T21:30:06Z
Redmi Buds 4 Pro,YouTube,VlI9WLzvGks,"Apple crying that they have no 
customers",3,2023-12-05T21:29:37Z
Redmi Buds 4 Pro,YouTube,VlI9WLzvGks,I liked my own comment,1,2023-12-05T21:29:23Z
Redmi Buds 4 Pro,YouTube,VlI9WLzvGks,hello,0,2023-12-05T21:28:56Z
Redmi Buds 4 Pro,YouTube,VlI9WLzvGks,Only peope who didn't come from TikTok are allowed to like this comment.,0,2023-12-05T21:27:21Z
Redmi Buds 4 Pro,YouTube,VlI9WLzvGks,"I fought there was going to be rick roll, when I heard he said something about sound",17,2023-12-05T21:27:16Z
Redmi Buds 4 Pro,YouTube,VlI9WLzvGks,Nice advert!,0,2023-12-05T21:26:55Z
Redmi Buds 4 Pro,YouTube,VlI9WLzvGks,I was alive when this video came out,382,2023-12-05T21:26:03Z
Redmi Buds 4 Pro,YouTube,VlI9WLzvGks,What in the??? Only 29.99$ for all of that?😂😂,0,2023-12-05T21:25:30Z
Redmi Buds 4 Pro,YouTube,VlI9WLzvGks,very nice,1,2023-12-05T21:25:24Z
Redmi Buds 4 Pro,YouTube,VlI9WLzvGks,Still early the 22nd is nothing to brag about,0,2023-12-05T21:25:23Z
Redmi Buds 4 Pro,YouTube,VlI9WLzvGks,Sponsored video btw,1,2023-12-05T21:25:21Z
Redmi Buds 4 Pro,YouTube,VlI9WLzvGks,244 like,0,2023-12-05T21:25:15Z
Redmi Buds 4 Pro,YouTube,VlI9WLzvGks,E,0,2023-12-05T21:24:53Z
Redmi Buds 4 Pro,YouTube,VlI9WLzvGks,How are your videos so good your my faviroute youtuber and im trying to make videos  just like yours ( your the best youtuber ),1,2023-12-05T21:24:46Z
Redmi Buds 4 Pro,YouTube,VlI9WLzvGks,"Marshalls, and Jabra are underrated",30,2023-12-05T21:24:40Z
Redmi Buds 4 Pro,YouTube,VlI9WLzvGks,Early,0,2023-12-05T21:24:16Z
Redmi Buds 4 Pro,YouTube,VlI9WLzvGks,Love your videos Arun! Keep it up❤,1,2023-12-05T21:23:58Z
Redmi Buds 4 Pro,YouTube,VlI9WLzvGks,Noice,0,2023-12-05T21:23:01Z
Redmi Buds 4 Pro,YouTube,VlI9WLzvGks,Did i actually just make the likes 69!? 😅 also pls can u pin the comment🎉❤,0,2023-12-05T21:22:41Z
Redmi Buds 4 Pro,YouTube,VlI9WLzvGks,ShortTechImma1st,0,2023-12-05T21:22:41Z
Redmi Buds 4 Pro,YouTube,VlI9WLzvGks,Top comment just because,1,2023-12-05T21:22:10Z
Redmi Buds 4 Pro,YouTube,VlI9WLzvGks,Cool.,1,2023-12-05T21:21:37Z
Redmi Buds 4 Pro,YouTube,VlI9WLzvGks,Quite nice for such a small price,2,2023-12-05T21:21:35Z
Redmi Buds 4 Pro,YouTube,VlI9WLzvGks,Has soon I see his vids I say to myself I need this,0,2023-12-05T21:21:34Z
Redmi Buds 4 Pro,YouTube,VlI9WLzvGks,Only real mrwhostheboss fans are allowed to like this comment 🤫,1,2023-12-05T21:21:18Z
Redmi Buds 4 Pro,YouTube,VlI9WLzvGks,More then my grades (joking),1,2023-12-05T21:21:14Z
Redmi Buds 4 Pro,YouTube,VlI9WLzvGks,"7TH YESS



Or second",1,2023-12-05T21:21:11Z
Redmi Buds 4 Pro,YouTube,VlI9WLzvGks,W script 😊,0,2023-12-05T21:20:47Z
Redmi Buds 4 Pro,YouTube,z6y5lOKcaSI,Link - links.Technolobe.com,47,2025-07-25T15:23:52Z
Redmi Buds 4 Pro,YouTube,z6y5lOKcaSI,"Bro how’s the experience on iPhone as it doesn’t support lhdc high ress 
Should I get this or air 7pro",0,2026-01-07T19:42:29Z
Redmi Buds 4 Pro,YouTube,z6y5lOKcaSI,"Bhai tell me the best anc tws ,or headphone coz Iam surviving in sound pollution",0,2026-01-04T17:23:31Z
Redmi Buds 4 Pro,YouTube,z6y5lOKcaSI,Erri pu... Link edi ra,0,2025-12-22T12:03:53Z
Redmi Buds 4 Pro,YouTube,z6y5lOKcaSI,"So the call quality check is not important for you??!!! Why most of them missing this important info...only this sound quality, anc, fit, blah blah",0,2025-12-13T19:49:55Z
Redmi Buds 4 Pro,YouTube,z6y5lOKcaSI,Can we compare with apple airpods pro 3 ? 😂,1,2025-12-13T09:15:43Z
Redmi Buds 4 Pro,YouTube,z6y5lOKcaSI,"Only supported one plus devices are connected with LHDC. Other devices, though support LHDC, won't get LHDC connectivity through this earbud.",0,2025-11-21T15:43:58Z
Redmi Buds 4 Pro,YouTube,z6y5lOKcaSI,Is realme buds air 7pro better?,0,2025-11-21T09:57:02Z
Redmi Buds 4 Pro,YouTube,z6y5lOKcaSI,"Bro , please provide ur specs link",0,2025-11-13T19:21:56Z
Redmi Buds 4 Pro,YouTube,z6y5lOKcaSI,Sir can I use it in factory like noisy place ??,0,2025-11-11T16:13:58Z
Redmi Buds 4 Pro,YouTube,z6y5lOKcaSI,Earpain after 3months of use,0,2025-10-26T11:32:52Z
Redmi Buds 4 Pro,YouTube,z6y5lOKcaSI,Link please,0,2025-10-22T12:32:05Z
Redmi Buds 4 Pro,YouTube,z6y5lOKcaSI,"Bro does oneplus buds 3 have seamless pairing with iphones? I had bad experience with realme buds pairing, always to be done mannually",0,2025-10-13T05:42:03Z
Redmi Buds 4 Pro,YouTube,z6y5lOKcaSI,I got these for 4.3k,1,2025-10-03T15:55:17Z
Redmi Buds 4 Pro,YouTube,z6y5lOKcaSI,iPhone k sath compaitable hai ?,0,2025-10-01T13:06:11Z
Redmi Buds 4 Pro,YouTube,z6y5lOKcaSI,How it compares with Nothin,0,2025-10-01T02:49:16Z
Redmi Buds 4 Pro,YouTube,z6y5lOKcaSI,LDAC Support?,0,2025-09-26T09:21:27Z
Redmi Buds 4 Pro,YouTube,z6y5lOKcaSI,"How about calling, is it good for calling in iPhone",0,2025-09-13T11:42:15Z
Redmi Buds 4 Pro,YouTube,z6y5lOKcaSI,जब भी बात ईयरबड की होती है तो कोई भी साउंड स्टेज की बात नहीं करता बस लाखों फंक्शन की😅,3,2025-08-27T14:13:22Z
Redmi Buds 4 Pro,YouTube,z6y5lOKcaSI,What is the battery life ?,0,2025-08-27T06:47:04Z
Redmi Buds 4 Pro,YouTube,z6y5lOKcaSI,I will buy an IEM of 3k and that'll beat this TWS badly in every aspect,1,2025-08-16T11:44:59Z
Redmi Buds 4 Pro,YouTube,z6y5lOKcaSI,Han han 6000 only hai😂,2,2025-08-06T14:34:49Z
Redmi Buds 4 Pro,YouTube,z6y5lOKcaSI,"Can u pls help me choose between oneplus buds 4 at 5k and buds pro 3 at 10k, what are their main differences and do they justify price gap?",1,2025-07-30T15:25:18Z
Redmi Buds 4 Pro,YouTube,z6y5lOKcaSI,Realme t300 lelo 1500 mein sabse badhiya,0,2025-07-28T13:18:00Z
Redmi Buds 4 Pro,YouTube,z6y5lOKcaSI,"This was super nice, bro!",0,2025-07-28T03:10:13Z
Redmi Buds 4 Pro,YouTube,z6y5lOKcaSI,Big fan of tamilnadu ❤❤,6,2025-07-27T11:37:38Z
Redmi Buds 4 Pro,YouTube,z6y5lOKcaSI,Bro i want your colour grading tutorial. Trust me this is crazy Good 😮 compared to other trch creators,2,2025-07-26T09:32:06Z
Redmi Buds 4 Pro,YouTube,z6y5lOKcaSI,Rabar ears me fas jaati h uska kya 😂😂😂😂😂😂😂😂😂😂,0,2025-07-26T08:18:36Z
Redmi Buds 4 Pro,YouTube,z6y5lOKcaSI,Bro isme dolby atmos available hai....??,0,2025-07-26T06:33:15Z
Redmi Buds 4 Pro,YouTube,z6y5lOKcaSI,For 6k it's not a deal... Using oneplus buds 3 can get it for 3k around ... For that price oneplus 3 is a killer deal .... From a user perspective it's easy recommendation,30,2025-07-26T01:35:08Z
Redmi Buds 4 Pro,YouTube,z6y5lOKcaSI,"Idk, buying a dac and a iem will get you a better sound quality for 3 to 4k depending on what combo of iem and dac you go for and invest the rest in apple music. This will be great but less convenient.",0,2025-07-25T18:44:38Z
Redmi Buds 4 Pro,YouTube,z6y5lOKcaSI,Please make a comparison video between oneplus buds 3 and oneplus buds 4.,1,2025-07-25T17:34:50Z
Redmi Buds 4 Pro,YouTube,z6y5lOKcaSI,not true spending a good amount of money will definitely give you more than u need oneplus buds are good the only good one is pro 3 which is 12k i have the samsung buds 3 pro and i love them definitely worth the 13k i spent on them,0,2025-07-25T17:25:41Z
Redmi Buds 4 Pro,YouTube,z6y5lOKcaSI,Lhdc is not supported by most of the android smartphones,0,2025-07-25T17:00:14Z
Redmi Buds 4 Pro,YouTube,z6y5lOKcaSI,"Hey harsh, I love all your videos mainly the day in the life videos. 
A small request, can you do a day in the life with oneplus 13r. 
I have been using it for a month now and i wanted to hear a review about it in your style, so please make one.",0,2025-07-25T15:25:27Z
Redmi Buds 4 Pro,YouTube,z6y5lOKcaSI,"6,000 is indeed a huge amount",170,2025-07-25T15:07:31Z
Redmi Buds 4 Pro,YouTube,z6y5lOKcaSI,Wahh 😂,0,2025-07-25T14:10:03Z
Redmi Buds 4 Pro,YouTube,z6y5lOKcaSI,Nord 5 review please...,0,2025-07-25T13:56:15Z
Redmi Buds 4 Pro,YouTube,z6y5lOKcaSI,Keep going bhaiya! Great quality and colour grading of your videos!❤,9,2025-07-25T13:42:28Z
Redmi Buds 5,YouTube,OiBJ7F6_ggY,"I bought it recently, and the right buds drain faster for example when the left one is at 90% the right one falls 60%. Anyone else facing this problem or mine is defective?",1,2026-01-02T17:49:33Z
Redmi Buds 5,YouTube,OiBJ7F6_ggY,Now its available in 1500,2,2026-01-02T06:51:36Z
Redmi Buds 5,YouTube,OiBJ7F6_ggY,"Solid review, well explained ❤ covered all points",0,2025-11-03T19:44:52Z
Redmi Buds 5,YouTube,OiBJ7F6_ggY,"I just ordered at rs1467, is it worth at that price? My only priority is good sound quality while listening to music , movies and good call quality.

Please reply sir.😊",0,2025-10-17T05:00:23Z
Redmi Buds 5,YouTube,OiBJ7F6_ggY,I got it for 1300rs Amazon,0,2025-07-13T03:25:13Z
Redmi Buds 5,YouTube,OiBJ7F6_ggY,I got it today new for 550 rs only,0,2024-11-16T08:14:26Z
Redmi Buds 5,YouTube,OiBJ7F6_ggY,This or cmf buds pro?,0,2024-11-09T18:47:33Z
Redmi Buds 5,YouTube,OiBJ7F6_ggY,"Does the In-ear detection feature only works with left earbuds,as when i remove or put the right earbuds it doesn't pause and play.  Can you figure out this and confirm me?",2,2024-10-06T11:45:25Z
Redmi Buds 5,YouTube,OiBJ7F6_ggY,"Greatest review i've seen about these earbuds. A lot of information in just a few minutes. Congrats, bro!",3,2024-08-29T21:24:49Z
Redmi Buds 5,YouTube,OiBJ7F6_ggY,"Thank you! Just bought them. But on iOS only volume, ANC and transparency gestures work. Have you tried next/prev, play/pause gestures on iPhone? Also in-car detection does not work also on my iPhone..",2,2024-07-27T23:16:46Z
Redmi Buds 5,YouTube,OiBJ7F6_ggY,Cover quality is very cheap plastic. Don't buy,0,2024-06-05T08:28:23Z
Redmi Buds 5,YouTube,OiBJ7F6_ggY,Anc does not work. I don't feel any difference when anc turned on,0,2024-05-18T16:03:42Z
Redmi Buds 5,YouTube,OiBJ7F6_ggY,It didn't fall off when you shaked your head cuz your wig is holding them up..😅,0,2024-05-15T16:15:33Z
Redmi Buds 5,YouTube,OiBJ7F6_ggY,I'm this white addict ◻️,0,2024-05-12T05:19:11Z
Redmi Buds 5,YouTube,OiBJ7F6_ggY,"Testing will they fall off while wearing cap which holds them, really?",0,2024-05-08T14:57:29Z
Redmi Buds 5,YouTube,OiBJ7F6_ggY,This or Samsung buds pro first gen ?,4,2024-05-08T07:03:42Z
Redmi Buds 5,YouTube,OiBJ7F6_ggY,"Which color is better black or white ? 
What is the difference between it and the pro version?",0,2024-05-03T19:52:10Z
Redmi Buds 5,YouTube,OiBJ7F6_ggY,How are these compared to oppo enco buds air 3 pro,0,2024-04-16T07:39:00Z
Redmi Buds 5,YouTube,OiBJ7F6_ggY,The most important thing with these earbuds is call quality which is missing in your video review 👎,0,2024-04-15T09:16:32Z
Redmi Buds 5,YouTube,OiBJ7F6_ggY,This or realme buds 5?,0,2024-04-06T12:00:08Z
Redmi Buds 5,YouTube,OiBJ7F6_ggY,Bhai hindi bol lo India m sabhi English nahi samjhte,0,2024-04-01T13:26:16Z
Redmi Buds 5,YouTube,OiBJ7F6_ggY,"Is the pro version good battery wise , app wise , connecrivity range and charging speeds???",0,2024-03-21T18:05:56Z
Redmi Buds 5,YouTube,OiBJ7F6_ggY,"I bought this but when call comes it does not play the ringtone but only beep sound so it's difficult to identify on which Sim call is coming.
How to make it play ringtone instead of beeping sound.",0,2024-03-21T16:32:45Z
Redmi Buds 5,YouTube,OiBJ7F6_ggY,"Hi, between the 5 Pro and the 5, which is better?",1,2024-02-29T12:54:27Z
Redmi Buds 5,YouTube,OiBJ7F6_ggY,this or realme earbud 5,0,2024-02-22T11:16:02Z
Redmi Buds 5,YouTube,OiBJ7F6_ggY,Is it a good choice to buy these instead of one pls buds,0,2024-02-21T18:40:59Z
Redmi Buds 5,YouTube,OiBJ7F6_ggY,CMF buds pro or Nord buds 2 or Redmi buds 5?,11,2024-02-21T15:25:27Z
Redmi Buds 5,YouTube,OiBJ7F6_ggY,When will it's pro version will launch in India,0,2024-02-21T14:26:08Z
Redmi Buds 5,YouTube,OiBJ7F6_ggY,"Ur doing a review  ....do it properly...don't read out the overview  page from redmi india site...
Share ur own data...like how much it lasted for u from 100 to 0...
Ur literally  reading out 38 hours and 10 hours from brand page...wtf....do u even know what a REVIEW  MEANS!!??",2,2024-02-21T07:39:44Z
Redmi Buds 5,YouTube,OiBJ7F6_ggY,How the sound compair to nord buds 2??,4,2024-02-21T07:21:34Z
Redmi Buds 5,YouTube,OiBJ7F6_ggY,No gaming braaa wth,0,2024-02-21T04:18:41Z
Redmi Buds 5,YouTube,OiBJ7F6_ggY,Fabulous,0,2024-02-21T02:22:53Z
Redmi Buds 5,YouTube,OiBJ7F6_ggY,amazing,0,2024-02-21T02:17:16Z
Redmi Buds 5,YouTube,OiBJ7F6_ggY,"Review bnaye to bike me chalake phone call krke bnao, call clarity kitna. Real usecase wahi hai wo nai dikhaye",0,2024-02-20T17:48:36Z
Redmi Buds 5,YouTube,OiBJ7F6_ggY,"@techsingh sir please review one 12 R.
And i need few more recommendations please help",0,2024-02-20T17:43:45Z
Redmi Buds 5,YouTube,OiBJ7F6_ggY,"Sony WF-C500  or redmi buds 5 ?
which will be the value for money",1,2024-02-20T17:32:31Z
Redmi Buds 5,YouTube,OiBJ7F6_ggY,@techsingh is it available in india?,0,2024-02-20T16:11:11Z
Redmi Buds 5,YouTube,OiBJ7F6_ggY,Cool design 😍 superb sound quality,0,2024-02-20T14:46:17Z
Redmi Buds 5,YouTube,OiBJ7F6_ggY,Nice explanation,0,2024-02-20T08:32:51Z
Redmi Buds 5,YouTube,OiBJ7F6_ggY,Dual connectivity should be a norm in 2024. Very handy for wfh,27,2024-02-20T07:56:40Z
Redmi Buds 5,YouTube,OiBJ7F6_ggY,Like the video,0,2024-02-20T05:54:09Z
Redmi Buds 5,YouTube,OiBJ7F6_ggY,Biggest Deal breaker no custom EQ skip this there are better alternatives in this price segment,15,2024-02-20T05:27:39Z
Redmi Buds 5,YouTube,OiBJ7F6_ggY,Awesome video bro❤😊🎉,0,2024-02-20T05:15:58Z
Redmi Buds 5,YouTube,OiBJ7F6_ggY,Good morning☀🌞 sir always love and full support❤,0,2024-02-20T04:39:39Z
Redmi Buds 5,YouTube,OiBJ7F6_ggY,sir giveaway????????,1,2024-02-20T04:32:21Z
Redmi Buds 5,YouTube,OiBJ7F6_ggY,First View,1,2024-02-20T04:31:40Z
Redmi Buds 5,YouTube,OiBJ7F6_ggY,"bought a tv,headphones by watching your videos",1,2024-02-20T04:31:38Z
Redmi Buds 5,YouTube,OiBJ7F6_ggY,big fan sir,0,2024-02-20T04:30:53Z
Redmi Buds 5,YouTube,64MGG_PmAWs,Jaiiiii hooooo radheeee ❤❤❤❤,1,2026-01-01T05:16:31Z
Redmi Buds 5,YouTube,64MGG_PmAWs,Jaiiiii hooooo radheeee ❤❤❤❤❤,1,2025-12-29T14:02:59Z
Redmi Buds 5,YouTube,64MGG_PmAWs,Is it good now for Rs 1299,0,2025-07-18T09:45:46Z
Redmi Buds 5,YouTube,64MGG_PmAWs,Under bike helmet voice is clear or not,0,2025-05-23T06:18:45Z
Redmi Buds 5,YouTube,64MGG_PmAWs,I have these 😂,3,2024-12-02T15:15:19Z
Redmi Buds 5,YouTube,64MGG_PmAWs,Redmi buds 3 vs Cmf buds pro?,0,2024-11-09T18:25:13Z
Redmi Buds 5,YouTube,64MGG_PmAWs,What's the need for an anc in a quite environment😂,2,2024-09-04T16:54:07Z
Redmi Buds 5,YouTube,64MGG_PmAWs,How's the noise cancelling? Pls tell sir,4,2024-08-11T12:22:54Z
Redmi Buds 5,YouTube,64MGG_PmAWs,"One of the bud is not having ""in ear detection"". How to fix it?",3,2024-07-30T15:34:57Z
Redmi Buds 5,YouTube,64MGG_PmAWs,Will the buds fall from ear ?,0,2024-07-14T08:42:40Z
Redmi Buds 5,YouTube,64MGG_PmAWs,Does it work well with iPhone?,3,2024-06-10T05:17:09Z
Redmi Buds 5,YouTube,64MGG_PmAWs,"Cmf buds or oneplus nord 2r buds 
Which is btr",0,2024-05-11T18:47:14Z
Redmi Buds 5,YouTube,64MGG_PmAWs,Cmf buds review,1,2024-05-11T18:46:48Z
Redmi Buds 5,YouTube,64MGG_PmAWs,i have black redmi buts 5 and i buy in china,2,2024-05-09T18:13:40Z
Redmi Buds 5,YouTube,64MGG_PmAWs,"What is better, black or white?",3,2024-05-01T20:19:27Z
Redmi Buds 5,YouTube,64MGG_PmAWs,should have worked on design looks cheap,2,2024-02-26T18:16:06Z
Redmi Buds 5,YouTube,64MGG_PmAWs,Latency??? For gaming,0,2024-02-18T08:33:49Z
Redmi Buds 5,YouTube,64MGG_PmAWs,"I want to know that why you increase the price rs.2,999 i search that this earbuds launch 199Yuan in china and 27$ dollar in USA its around rs2,300 and i thought your launching this rs.1,999 i don't expect from redmi and xaomi ....is better go with like Realme, one plus, oppo they selling in India lower the price of Chinese Market ..redmi is selling overpriced earbuds in India rich people go with this option",5,2024-02-15T13:37:39Z
Redmi Buds 5,YouTube,JFZ7kRsp2Eo,"Why always in the tws videos, there is more talk about the features and very less amount of talk on misic quality.",1,2025-09-14T19:03:19Z
Redmi Buds 5,YouTube,JFZ7kRsp2Eo,Why not contact samsung mobile,0,2025-08-08T19:56:34Z
Redmi Buds 5,YouTube,JFZ7kRsp2Eo,Which oneplus earbuds can you mention?,1,2025-07-09T17:00:58Z
Redmi Buds 5,YouTube,JFZ7kRsp2Eo,aaj 1200 mein khareed liye dekhte hai kaise hai,1,2025-03-09T08:03:03Z
Redmi Buds 5,YouTube,JFZ7kRsp2Eo,Also please compare this with the Buds 6😊,0,2024-12-08T18:03:00Z
Redmi Buds 5,YouTube,JFZ7kRsp2Eo,Got it For 1200 lol .,1,2024-12-08T18:02:33Z
Redmi Buds 5,YouTube,JFZ7kRsp2Eo,"Just got the Redmi Buds 5. Design is ergonomically very bad. Difficult to open the case. Feels very delicate when you open case cover. Difficult to remove the buds. 

First time it got paired easily to my phone. Then, I paired it with my laptop. After this, difficult to even connect to phone again. Had to switch off bluetooth on my laptop and then pair it again to my phone.

Don't believe Youtubers. All overhyped.  They go into details and miss basic functionality.",1,2024-11-29T10:33:16Z
Redmi Buds 5,YouTube,JFZ7kRsp2Eo,I wanna return that redmi buds 5 😒 one plus is better than it,0,2024-10-08T09:02:25Z
Redmi Buds 5,YouTube,JFZ7kRsp2Eo,i doubt your opinion on these sorry,0,2024-10-01T13:26:46Z
Redmi Buds 5,YouTube,JFZ7kRsp2Eo,Buying this Bcuz of igyaan only ❤lets see,0,2024-08-05T03:59:20Z
Redmi Buds 5,YouTube,JFZ7kRsp2Eo,Igaand,2,2024-08-04T10:39:40Z
Redmi Buds 5,YouTube,JFZ7kRsp2Eo,"I bought this in 3,300 including SGST and CGST 251.69 each ....i regrets now...i if u want to buy than go for Online shopping...u will get it only in 2600",4,2024-07-18T04:44:32Z
Redmi Buds 5,YouTube,JFZ7kRsp2Eo,Welcome back Bro 🍻,0,2024-07-17T17:51:15Z
Redmi Buds 5,YouTube,JFZ7kRsp2Eo,Redmi 5 or boat ion anc ??,0,2024-07-13T14:13:48Z
Redmi Buds 5,YouTube,JFZ7kRsp2Eo,Sir please improve your intro and face expressions and voice to attract large audience. As today's era people want dopamine. If you can crack this. Your channel gets more views easily.,0,2024-07-12T03:55:26Z
Redmi Buds 5,YouTube,JFZ7kRsp2Eo,Got them for Rs 2250 pretty good for the price. I like the sound the bass and noise cancellation is nice too.,0,2024-07-10T21:20:29Z
Redmi Buds 5,YouTube,JFZ7kRsp2Eo,is there a big difference between  this and redmi buds 5 pro,0,2024-07-07T11:32:11Z
Redmi Buds 5,YouTube,JFZ7kRsp2Eo,does xiomi earbud app works with IOS?,1,2024-06-26T21:57:06Z
Redmi Buds 5,YouTube,JFZ7kRsp2Eo,I sincerely don't understand how you manage to not grow your channel inspite of having such a huge subscriber base and top notch production quality.. One of the OG Techtubers from India..,26,2024-06-20T22:03:58Z
Redmi Buds 5,YouTube,JFZ7kRsp2Eo,How is the touch sensitivity? Ordinary buds operate with accidental touch too. Is it need pressure touch to operate?,3,2024-06-16T14:20:06Z
Redmi Buds 5,YouTube,JFZ7kRsp2Eo,Does it connect to laptop???,0,2024-06-02T11:55:53Z
Redmi Buds 5,YouTube,JFZ7kRsp2Eo,is it delayed when it comes in playing games?,0,2024-05-25T11:36:16Z
Redmi Buds 5,YouTube,JFZ7kRsp2Eo,"The ""instructions"" - and I use that term lightly - that come with these are utterly useless.  I have no idea how the NC is supposed to be activated or any other information on how these are supposed to work like if there is volume control on buds themselves, etc.",0,2024-05-24T22:31:24Z
Redmi Buds 5,YouTube,JFZ7kRsp2Eo,One+ 2 or mi 5 which best bro,1,2024-05-17T07:18:34Z
Redmi Buds 5,YouTube,JFZ7kRsp2Eo,how's the loudness bhai,0,2024-05-09T09:45:58Z
Redmi Buds 5,YouTube,JFZ7kRsp2Eo,What should I buy redmi buds 4 lite or redmi buds 5,0,2024-04-23T14:00:34Z
Redmi Buds 5,YouTube,JFZ7kRsp2Eo,I am using it they are fantastic,5,2024-04-11T16:22:23Z
Redmi Buds 5,YouTube,JFZ7kRsp2Eo,This vs soundpeats air 3 deluxe hs. which one is better for call quality / sound quality?,3,2024-03-29T00:19:56Z
Redmi Buds 5,YouTube,JFZ7kRsp2Eo,"@iGyaan
Finally, an in-depth review covering  NC & voice/mids. I needed to compare it with my realme T300. Seems I've made the right choice, as it's fully ANC(though 30db for the price bracket) which is a must for my office purpose. Also,there is no mention of dolby support for Redmi buds 5 in their product page as well.     
Definitely would check up on your channel for any future TWS comparisons, keep up the good work !!!",6,2024-03-21T06:39:55Z
Redmi Buds 5,YouTube,JFZ7kRsp2Eo,Buds5 vs buds 5 pro vs soundpeats air4 pro. Kindly suggest,4,2024-03-11T13:59:04Z
Redmi Buds 5,YouTube,JFZ7kRsp2Eo,Should we buy the redmi buds 5 or the cmf buds pro?,0,2024-03-05T17:34:25Z
Redmi Buds 5,YouTube,JFZ7kRsp2Eo,bhai tu earphone exchange karwale noise cancellation thik hai tere wale mein kuch locha hai,0,2024-02-27T04:46:20Z
Redmi Buds 5,YouTube,JFZ7kRsp2Eo,It is costly,0,2024-02-24T01:27:10Z
Redmi Buds 5,YouTube,JFZ7kRsp2Eo,Is there any  accidentally touch issue??,4,2024-02-22T17:08:29Z
Redmi Buds 5,YouTube,JFZ7kRsp2Eo,Realme buds are better than this but man love your reviews i am from viewer from 2016 😀,0,2024-02-21T00:39:24Z
Redmi Buds 5,YouTube,JFZ7kRsp2Eo,Is this redmi buds 5 noise reduction better or realme buds air 5? Ty,1,2024-02-19T12:17:50Z
Redmi Buds 5,YouTube,JFZ7kRsp2Eo,"I want to know that why you increase the price rs.2,999 i search that this earbuds launch 199Yuan in china and 27$ dollar in USA its around rs2,300 and i thought your launching this rs.1,999 i don't expect from redmi and xaomi .... better like Realme, one plus, oppo they selling in India lower the price of Chinese Market so don't buy overpriced earbuds expect if your rich person........ Scamming in India 😮‍💨😮‍💨 Todays people don't know they are Scamming",2,2024-02-19T06:44:20Z
Redmi Buds 5,YouTube,JFZ7kRsp2Eo,First of all it's an environment noise cancellation (enc) not electric.,10,2024-02-18T15:16:20Z
Redmi Buds 5,YouTube,JFZ7kRsp2Eo,"Hey 
I m looking for Tws only for calling purpose under 3000/-
I think Redmi buds 5 will fit it
Could u plz review it's mic quality",6,2024-02-18T04:54:48Z
Redmi Buds 5,YouTube,JFZ7kRsp2Eo,Realme buds T300 is always the best,3,2024-02-18T04:03:19Z
Redmi Buds 5,YouTube,JFZ7kRsp2Eo,Stop uploading video below 720p,40,2024-02-17T04:04:45Z
Redmi Buds 5,YouTube,JFZ7kRsp2Eo,which is the best budget 2.1 desktop speaker which has good sound as well as rgb lights?,3,2024-02-16T17:01:32Z
Redmi Buds 5,YouTube,JFZ7kRsp2Eo,Good 👍,0,2024-02-16T05:09:01Z
Redmi Buds 5,YouTube,JFZ7kRsp2Eo,Why aren’t they releasing the pro version in India?,5,2024-02-15T09:17:11Z
Redmi Buds 5,YouTube,JFZ7kRsp2Eo,hey bharat bro can you do the review of the boat nirvana ion 😊,0,2024-02-15T08:55:13Z
Redmi Buds 5,YouTube,JFZ7kRsp2Eo,Nothing phone 2 under 35k should make the video on this topic as I see that you are using one,16,2024-02-15T07:20:40Z
Redmi Buds 5,YouTube,JFZ7kRsp2Eo,Just buy CMF Buds Pro at this price,3,2024-02-15T06:53:43Z
Redmi Buds 5,YouTube,JFZ7kRsp2Eo,Is it reliable ?,0,2024-02-15T06:44:14Z
Redmi Buds 5,YouTube,JFZ7kRsp2Eo,Nice buds. Nice price. Typical redmi product. Like it 👍👍👍,1,2024-02-15T06:42:43Z
Redmi Buds 5,YouTube,JFZ7kRsp2Eo,Bro gives genuine reviews always 👏👏,15,2024-02-15T06:34:58Z
Redmi Buds 5,YouTube,UvN6KNB3Pjo,Bhai sound leak krta hsi kya is buds me 100 volume pe,0,2026-01-12T10:35:58Z
Redmi Buds 5,YouTube,UvN6KNB3Pjo,@TechnicalHaster bro isme transparent mode hai kya?,0,2025-11-21T06:03:51Z
Redmi Buds 5,YouTube,UvN6KNB3Pjo,Bhai log mujhe case chahiye kya aap log sale karenge,1,2025-10-18T16:46:26Z
Redmi Buds 5,YouTube,UvN6KNB3Pjo,price,1,2025-09-16T14:31:00Z
Redmi Buds 5,YouTube,UvN6KNB3Pjo,pairing status indicator light is continuously on even one buds is connected to mobile and I am using it but the indicator light inside case is continuously on just like a lamp and battery getting drain overnight ?,9,2025-08-14T19:21:44Z
Redmi Buds 5,YouTube,UvN6KNB3Pjo,Offer kaise pata chalta hai???,0,2025-07-06T06:27:39Z
Redmi Buds 5,YouTube,UvN6KNB3Pjo,Link,0,2025-05-07T18:37:55Z
Redmi Buds 5,YouTube,UvN6KNB3Pjo,Aise kaise yarr 1199 m mil jyega utna low,3,2025-03-16T15:56:21Z
Redmi Buds 5,YouTube,UvN6KNB3Pjo,Abhi abhi maine boat 300 order kiya h magar mereko iske bare me batao pls usse kaisa hoga ye wala jo,6,2025-03-16T15:51:46Z
Redmi Buds 5,YouTube,UvN6KNB3Pjo,Bhai mene bhi mangye 1194,0,2025-03-16T10:00:21Z
Redmi Buds 5,YouTube,UvN6KNB3Pjo,"Bro.sab bol.rahe isme sound leak ka problem hai , yani 60% se upar volume me bahar sound ata hai",3,2025-03-14T11:58:05Z
Redmi Buds 5,YouTube,UvN6KNB3Pjo,Sale price 2199 or 1199?,0,2025-03-11T07:00:59Z
Redmi Buds 5,YouTube,UvN6KNB3Pjo,Bhaiya iska giveaway krdo 🥺,1,2025-03-10T16:12:27Z
Redmi Buds 5,YouTube,Pd4jlWuSeFo,Mera bud coonect nahi hoi rha hai,0,2026-01-13T06:13:00Z
Redmi Buds 5,YouTube,Pd4jlWuSeFo,2026 mai 1500 m mil rha h one of the best tws in 2026,2,2026-01-06T17:15:12Z
Redmi Buds 5,YouTube,Pd4jlWuSeFo,"I bought it recently, and the right buds drain faster for example when the left one is at 90% the right one falls 60%. Anyone else facing this problem or mine is defective",1,2026-01-02T17:49:55Z
Redmi Buds 5,YouTube,Pd4jlWuSeFo,In this such a good video ❤please avoid the dirty words you said by testing magnet  🧲 please 6:58 6:58 6:58 6:58 6:58,2,2026-01-02T16:40:35Z
Redmi Buds 5,YouTube,Pd4jlWuSeFo,Jaiiiii hooooo radheeee ❤❤❤❤ 0:09 0:09 0:09 0:09,1,2026-01-02T16:31:17Z
Redmi Buds 5,YouTube,Pd4jlWuSeFo,Mana Flipkart sa 1500 rupees ma bought kya hai,0,2025-12-20T14:25:41Z
Redmi Buds 5,YouTube,Pd4jlWuSeFo,Bhai company paise kaat legi😅,0,2025-12-20T10:31:35Z
Redmi Buds 5,YouTube,Pd4jlWuSeFo,Bhai another device me me pair nahi ho raha hai,0,2025-12-19T13:14:02Z
Redmi Buds 5,YouTube,Pd4jlWuSeFo,Sir mene apki video dhek ke mnga li lekin 10din huye he muje sound me farak lag rha he to bo warranty me claim ho jayengi??,0,2025-10-27T11:01:28Z
Redmi Buds 5,YouTube,Pd4jlWuSeFo,Bhai meri ek bud kho gyi single chl nhi rhi h,0,2025-10-05T19:23:08Z
Redmi Buds 5,YouTube,Pd4jlWuSeFo,Sir 1500 me redmi buds 5 or 1700 me realme T310 dono me se kon best hai,0,2025-10-02T04:25:14Z
Redmi Buds 5,YouTube,Pd4jlWuSeFo,"pair indicator light continue jal rahi hai, box ckosed hai, 1 earbud use kar raha hu but suddenly box mei andar white light hai pairing ki wo jal rahi h continuous",0,2025-08-14T20:42:10Z
Redmi Buds 5,YouTube,Pd4jlWuSeFo,"I bought a new unit of Redmi buds 5 and i am facing a problem of where the case battery drops massively. Like, for charging both the earbuds 5% the case uses around 30% power and from 0 to 100% it again takes only 30%. I also got an replacement unit but it works the same way. Is common problem in starting due to lithium ion battery or what?",0,2025-06-26T02:21:36Z
Redmi Buds 5,YouTube,Pd4jlWuSeFo,Spigen earbuds,0,2024-12-13T16:20:23Z
Redmi Buds 5,YouTube,Pd4jlWuSeFo,Redmi buds 5 pro ka video banaiega plzz,0,2024-11-08T08:21:47Z
Redmi Buds 5,YouTube,Pd4jlWuSeFo,Please let me know about the call quality?... This should be added here in review,0,2024-10-30T03:52:30Z
Redmi Buds 5,YouTube,Pd4jlWuSeFo,Bhai Maine to 1300 mai liye hai,0,2024-10-08T17:57:50Z
Redmi Buds 5,YouTube,Pd4jlWuSeFo,"Bhai ek earbud chal rha hai ek nahi... Jb dono ko ek sath case se nikala aur ear me lgaya to ek hi chala, phir maine jo chal rha tha usko case me dala to dusra chal pda.. ek chalu to dusra nhi chalta .. dusra chalau to phla nhi chalta... Pls reply bhai",0,2024-10-04T18:58:26Z
Redmi Buds 5,YouTube,Pd4jlWuSeFo,Jis jis ne 1300 m buy kra wo like kre,6,2024-10-03T08:32:31Z
Redmi Buds 5,YouTube,Pd4jlWuSeFo,"Bhai oppo enco buds 2 ya redmi 5 same price... For music , vocal and comfort",0,2024-10-03T03:08:25Z
Redmi Buds 5,YouTube,Pd4jlWuSeFo,Bro i got for 1250. Worth it?,0,2024-10-03T03:02:18Z
Redmi Buds 5,YouTube,Pd4jlWuSeFo,maine 1300 mein liya aaj,1,2024-10-02T19:22:44Z
Redmi Buds 5,YouTube,Pd4jlWuSeFo,"Is the lid durable?
Is bluetooth connection stable?
Dual-device connection?
Is touch control easy?
Is it better than Realme t310?",0,2024-09-28T06:23:15Z
Redmi Buds 5,YouTube,Pd4jlWuSeFo,"WARNING: Redmi Buds 5  Not good I am facing uneven battery levels of buds even after using them for equal time laps, The service centre is not ready to help, with a silly excuse "" If the device is working all fine with only the service will be provided when the device is dead under warranty"". Please go for other brands.",6,2024-08-17T18:33:42Z
Redmi Buds 5,YouTube,Pd4jlWuSeFo,Y com truebuds 5 test karo,0,2024-08-04T19:30:53Z
Redmi Buds 5,YouTube,Pd4jlWuSeFo,Latency to batate skip karidya bhai apne,0,2024-08-04T08:29:30Z
Redmi Buds 5,YouTube,Pd4jlWuSeFo,❤nice detailed explanation❤,0,2024-07-21T13:27:02Z
Redmi Buds 5,YouTube,Pd4jlWuSeFo,What is the process for picking up call and disconnecting call,0,2024-07-12T17:26:10Z
Redmi Buds 5,YouTube,Pd4jlWuSeFo,Me isi airbuds se aapka video voice sun raha hu,0,2024-07-10T14:33:42Z
Redmi Buds 5,YouTube,Pd4jlWuSeFo,Ekdam mast mene 26/6/2024 ko liya sound bass noise cosulation best mene 2699me liya aaj 10/7/2024 h 2599 me mil raha hai fiting achha bass parfect,0,2024-07-10T14:28:46Z
Redmi Buds 5,YouTube,Pd4jlWuSeFo,bro u told first time realme??,0,2024-07-01T10:27:27Z
Redmi Buds 5,YouTube,Pd4jlWuSeFo,I felt pain while using this redmi buds 5. Which buds you will suggest over this? Realme buds air 6 pro or Nothing (a)?,0,2024-06-27T10:49:01Z
Redmi Buds 5,YouTube,Pd4jlWuSeFo,Guys This is Realme Bud 5 😮😀💤,0,2024-06-18T14:03:17Z
Redmi Buds 5,YouTube,Pd4jlWuSeFo,Is there facility to pick phone from buds ?  Because i have not found it from any side,0,2024-05-30T11:52:39Z
Redmi Buds 5,YouTube,Pd4jlWuSeFo,Bro realme buds air 6 ke sath compare karona 🍦,0,2024-05-24T21:51:21Z
Redmi Buds 5,YouTube,Pd4jlWuSeFo,What about bass quality?,0,2024-05-23T06:45:56Z
Redmi Buds 5,YouTube,Pd4jlWuSeFo,This is not realmi,2,2024-05-22T18:32:57Z
Redmi Buds 5,YouTube,Pd4jlWuSeFo,Sab se accha hain iska noise cancellation feature....one of the best nc ever seen.,23,2024-05-19T06:07:14Z
Redmi Buds 5,YouTube,Pd4jlWuSeFo,What is tws??,1,2024-05-16T17:27:31Z
Redmi Buds 5,YouTube,Pd4jlWuSeFo,Bhai gaming latency kaha hai ?,2,2024-05-12T05:02:00Z
Redmi Buds 5,YouTube,Pd4jlWuSeFo,gaming latency kitni a ??,2,2024-05-01T18:32:18Z
Redmi Buds 5,YouTube,Pd4jlWuSeFo,0:19 this is the REALME BUDS 5,28,2024-04-28T02:09:38Z
Redmi Buds 5,YouTube,Pd4jlWuSeFo,Onepluse buds 3 or redmi buds 5? Which is best,4,2024-04-26T15:08:18Z
Redmi Buds 5,YouTube,4jbBBf56AEE,Jaiiiii hooooo radheeee ❤❤❤❤❤ 0:13 0:13 0:13 0:13,1,2026-01-02T16:22:28Z
Redmi Buds 5,YouTube,4jbBBf56AEE,Voice fades up during calling. Calls quality are not as good.,1,2025-11-23T06:14:01Z
Redmi Buds 5,YouTube,4jbBBf56AEE,Saudi Arabia Jeddah 75 riyal,0,2025-11-02T20:28:04Z
Redmi Buds 5,YouTube,4jbBBf56AEE,Mere ko dhanteras ke offer mai 1000 ka mil gaya,0,2025-10-18T06:09:52Z
Redmi Buds 5,YouTube,4jbBBf56AEE,oneplus nord buds 3 pro is accha hai,0,2025-10-17T08:09:31Z
Redmi Buds 5,YouTube,4jbBBf56AEE,1500 mein mil raha hai lelu kya ?,2,2025-09-22T02:03:54Z
Redmi Buds 5,YouTube,4jbBBf56AEE,Muje 200rs ma mil gya vobhi Amazon se,0,2025-09-18T03:12:04Z
Redmi Buds 5,YouTube,4jbBBf56AEE,1732 ka mil geya mujhe,8,2025-08-04T22:09:00Z
Redmi Buds 5,YouTube,4jbBBf56AEE,Bhai right side wala gum ho gya hai 😢 koi solution hai,0,2025-08-04T16:28:59Z
Redmi Buds 5,YouTube,4jbBBf56AEE,1299₹ ka liya hun 😅,1,2025-07-14T23:47:28Z
Redmi Buds 5,YouTube,4jbBBf56AEE,Is this work on Xiaomi ph,1,2025-06-02T10:12:55Z
Redmi Buds 5,YouTube,4jbBBf56AEE,"Does the In-ear detection feature only works with left earbud,as when i remove or put the right earbud it doesn't pause and play.  Can you figure out this and confirm me?",1,2024-10-06T11:47:58Z
Redmi Buds 5,YouTube,4jbBBf56AEE,BBD pe 1299 pe le liya😊❤,1,2024-10-04T02:51:59Z
Redmi Buds 5,YouTube,4jbBBf56AEE,"can u create a short video with specifying enc, if ppl in meeting will hear office chitchat, traffic and noise, including mixer, tv 
need to compare with all tws.",0,2024-09-20T15:17:13Z
Redmi Buds 5,YouTube,4jbBBf56AEE,Mera order aj delivery hoga.❤❤,1,2024-09-10T01:58:02Z
Redmi Buds 5,YouTube,4jbBBf56AEE,Worst buds MI😂❌,0,2024-05-04T01:57:01Z
Redmi Buds 5,YouTube,4jbBBf56AEE,i am fully satisfied with redmi earbuds 5 and also i am die hard fan  of xiomi❤️,0,2024-04-28T05:17:40Z
Redmi Buds 5,YouTube,4jbBBf56AEE,Mar pas ha achi ha ma n italy m lay 40 ero k,1,2024-04-10T01:31:00Z
Redmi Buds 5,YouTube,4jbBBf56AEE,Does it support Dolby atmos,1,2024-02-23T09:32:27Z
Redmi Buds 5,YouTube,4jbBBf56AEE,Not worth even for 2500,1,2024-02-22T12:33:58Z
Redmi Buds 5,YouTube,4jbBBf56AEE,Iske feature iphone k sath kam krte ha ?,0,2024-02-21T12:30:44Z
Redmi Buds 5,YouTube,4jbBBf56AEE,price should be 2499,1,2024-02-21T02:48:00Z
Redmi Buds 5,YouTube,4jbBBf56AEE,"Make a video about the comparison of redmi buds 5 and oppo echo air 2 pro.
Please I need to buy one.. sound quality is my biggest priority",6,2024-02-19T06:38:48Z
Redmi Buds 5,YouTube,4jbBBf56AEE,I think oppo anco buds 2pro is better than this,0,2024-02-17T15:56:04Z
Redmi Buds 5,YouTube,4jbBBf56AEE,پکسل 5 میں فاسٹ پئیر کیسے کرنا ہے,0,2024-02-16T16:00:51Z
Redmi Buds 5,YouTube,4jbBBf56AEE,Please mera comment ko viral kardo😢,0,2024-02-16T12:48:43Z
Redmi Buds 5,YouTube,4jbBBf56AEE,"Gaming mode hai kya , latency kitna hai",0,2024-02-16T02:58:33Z
Redmi Buds 5,YouTube,4jbBBf56AEE,Amazing nice earbuds redmi n😅,0,2024-02-15T17:10:47Z
Redmi Buds 5,YouTube,4jbBBf56AEE,Koi ip reting nahin hai chalo Utna bura bhi nahi hai iske sath jo app diya hai vo inke pahle wale tws me kam Karega,0,2024-02-15T16:34:03Z
Redmi Buds 5,YouTube,4jbBBf56AEE,Is aoo available in ios??,0,2024-02-15T16:13:46Z
Redmi Buds 5,YouTube,4jbBBf56AEE,Calling bike pe dikao,0,2024-02-15T15:48:39Z
Redmi Buds 5,YouTube,4jbBBf56AEE,"All features best ❤
Redmi buds always best 🎶
❤ Honest review Abhi sir",2,2024-02-15T14:07:20Z
Redmi Buds 5,YouTube,4jbBBf56AEE,Automatic pause if earbuds fall off  hain?,2,2024-02-15T13:28:26Z
Redmi Buds 5,YouTube,4jbBBf56AEE,"I want to know that why you increase the price rs.2,999 i search that this earbuds launch 199Yuan in china and 27$ dollar in USA its around rs2,300 and i thought your launching this rs.1,999 i don't expect from redmi and xaomi .... better like Realme, one plus, oppo they selling in India lower the price of Chinese Market so don't buy overpriced earbuds expect if your rich person",12,2024-02-15T09:28:24Z
Redmi Buds 5,YouTube,4jbBBf56AEE,Redmi watch 4 kab lunch hogi,0,2024-02-15T07:55:42Z
Redmi Buds 5,YouTube,4jbBBf56AEE,Redmi buds 5 bahut hi achcha hai👌💯🔥🤩😁😎😃🥰💞,0,2024-02-15T07:00:18Z
Redmi Buds 5,YouTube,4jbBBf56AEE,How is the sound quality in comparison to oppo enco air 3 pro,2,2024-02-15T06:54:07Z
Redmi Buds 5,YouTube,4jbBBf56AEE,"5:49 i agree, is price point pe Gaming mode should be there 💯",0,2024-02-15T06:44:01Z
Redmi Buds 5,YouTube,4jbBBf56AEE,"Nord buds 2 vs Redmi buds 5 
Which one you pick ?",5,2024-02-15T06:42:43Z
Redmi Buds 5,YouTube,4jbBBf56AEE,Super features ❤ I like to listen to music 🎶 so it is best for me 😂,2,2024-02-15T06:42:23Z
Redmi Buds 5,YouTube,4jbBBf56AEE,Good sound quality 👍🏻,3,2024-02-15T06:41:56Z
Redmi Buds 5,YouTube,4jbBBf56AEE,Pretty impressive buds 😍👏🏻,2,2024-02-15T06:38:21Z
Redmi Buds 5,YouTube,4jbBBf56AEE,Fast,0,2024-02-15T06:32:42Z
Redmi Buds 5,YouTube,4jbBBf56AEE,1St 😉😉,1,2024-02-15T06:30:56Z
Redmi Buds 5,YouTube,evGtg81aivg,Bhai pair nahi ho raha another device me 😅,0,2025-12-19T13:11:48Z
Redmi Buds 5,YouTube,evGtg81aivg,Kya iska anc gym ki high volume ko khatam kar dega,2,2025-11-20T01:20:26Z
Redmi Buds 5,YouTube,evGtg81aivg,Bhut ache earbuds h ❤❤❤❤,1,2025-10-13T16:37:16Z
Redmi Buds 5,YouTube,evGtg81aivg,Maine sir aaj liya hai din bhar use kiye ANC 46 DB ka bahut achha kaaam kar raha hai aur soud bhi achha hai design bhi premium hai ❤,0,2025-10-12T18:55:21Z
Redmi Buds 5,YouTube,evGtg81aivg,Bhai voice kat kat ke aaraha hai,1,2025-09-16T07:10:19Z
Redmi Buds 5,YouTube,evGtg81aivg,Ek kho gya ab kiya kru orrr ye doosre phone mai connect bhi nahi ho rha,0,2025-07-17T17:39:06Z
Redmi Buds 5,YouTube,evGtg81aivg,Mic issue feel ho raha hai audio hard ho jaa rha hai any settings for that ??,0,2024-12-28T08:59:01Z
Redmi Buds 5,YouTube,evGtg81aivg,क्या ये waterproof है,0,2024-10-05T14:16:00Z
Redmi Buds 5,YouTube,evGtg81aivg,Latency kitna Hai,0,2024-10-02T15:34:09Z
Redmi Buds 5,YouTube,evGtg81aivg,Bhai yah Buds Le Lun kya?,0,2024-08-04T17:02:21Z
Redmi Buds 5,YouTube,evGtg81aivg,Call quality kesi h,0,2024-07-27T12:55:20Z
Redmi Buds 5,YouTube,evGtg81aivg,Sound is not much loud,0,2024-07-20T13:12:55Z
Redmi Buds 5,YouTube,evGtg81aivg,Redmi 5 Leni chahiye ya realme air 6,0,2024-07-20T05:32:51Z
Redmi Buds 5,YouTube,evGtg81aivg,Best earbuds batao na enc anc dono ek hi me ho ya calling me best ho,0,2024-07-04T13:44:24Z
Redmi Buds 5,YouTube,evGtg81aivg,After an update sound become very very low,1,2024-06-28T15:38:34Z
Redmi Buds 5,YouTube,evGtg81aivg,Pubg footsteps👣...?,0,2024-06-19T12:20:05Z
Redmi Buds 5,YouTube,evGtg81aivg,"Bhai log yah Paisa bol raha hai 

Rs 1500 ke earbuds liye hain 1500 wala hi Kam Karega 

5000 wala nahin Karega samjho 

Yah log batate aisa hai jaise ki 10000 ki chij 1500 mein de rahe hain 

Inko to advertising ke paise mil jaate Hain aur ham chutiya ban jaate Hain 

Dimag lagao yaaron dimag lagao aise chutiyon ki baton mein Na aao",1,2024-05-19T07:53:21Z
Redmi Buds 5,YouTube,evGtg81aivg,"दोनों ईयर फोन के से कनेट करे  ऐक साथ मे के से साथ में बजाऐ सेटिंग के से करे। 
आप का जवाब हिन्दी भाषा में लिखे।",0,2024-05-15T08:55:19Z
Redmi Buds 5,YouTube,evGtg81aivg,"Are they loud?
How is the bass?",7,2024-05-12T00:47:45Z
Redmi Buds 5,YouTube,evGtg81aivg,Very bad latency during play pubg better you buy buds 5a,0,2024-05-01T09:55:14Z
Redmi Buds 5,YouTube,evGtg81aivg,Does it damage the ears,0,2024-04-10T14:08:00Z
Redmi Buds 5,YouTube,evGtg81aivg,Sound quality redmi buds 5 ki hai ki oppo enco buds 2 hai kya ya realme air 5 under 3000 meh,0,2024-04-10T03:58:51Z
Redmi Buds 5,YouTube,evGtg81aivg,Its not gud i have used it,0,2024-04-09T04:32:40Z
Redmi Buds 5,YouTube,evGtg81aivg,What is latency,3,2024-03-25T04:39:16Z
Redmi Buds 5,YouTube,evGtg81aivg,Calling k liye kaise hai ye earbuds,0,2024-02-29T17:29:49Z
Redmi Buds 5,YouTube,evGtg81aivg,What kind of phone do you use in the video?,0,2024-02-22T10:28:53Z
Redmi Buds 5,YouTube,evGtg81aivg,Call quality in market kaisa h,1,2024-02-21T08:30:46Z
Redmi Buds 5,YouTube,evGtg81aivg,Does it have anbient noise cancellation for calls? So that others hear only my voice and not my background noise if i am using these buds.,0,2024-02-21T03:44:30Z
Redmi Buds 5,YouTube,evGtg81aivg,Realme t 300 vs redmi buds 5 which one is better ?,1,2024-02-19T14:30:23Z
Redmi Buds 5,YouTube,evGtg81aivg,Sound latency kitni hain,0,2024-02-18T12:44:10Z
Redmi Buds 5,YouTube,evGtg81aivg,38 hours with ANC off please include this also,0,2024-02-18T10:09:14Z
Redmi Buds 5,YouTube,evGtg81aivg,oppo enco buds users i am very happy 😂😂,1,2024-02-15T14:48:53Z
Redmi Buds 5,YouTube,evGtg81aivg,Price sir,0,2024-02-15T07:42:10Z
Redmi Buds 5,YouTube,evGtg81aivg,Second comment pin,0,2024-02-15T07:24:35Z
Redmi Buds 5,YouTube,evGtg81aivg,How is the sound quality in comparison to oppo enco air 2 or 3 pro,1,2024-02-15T06:50:03Z
Redmi Buds 5,YouTube,3ptpbS1h8mY,"Bro, is there any way to switch the Redmi Buds 5 OFF without putting them in the case? Please guide me with this specific info. Thks.",0,2025-09-06T06:49:05Z
Redmi Buds 5,YouTube,3ptpbS1h8mY,my laptop is not dedect only these buds. can anyone tell the reason? all other devices are detectable,0,2024-05-02T13:26:25Z
Redmi Buds 5,YouTube,3ptpbS1h8mY,I phone user use panna ah mudyium ma,0,2024-02-22T18:01:33Z
Redmi Buds 5,YouTube,3ptpbS1h8mY,"I want to know that why you increase the price rs.2,999 i search that this earbuds launch 199Yuan in china and 27$ dollar in USA its around rs2,300 and i thought your launching this rs.1,999 i don't expect from redmi and xaomi .... better like Realme, one plus, oppo they selling in India lower the price of Chinese Market so don't buy overpriced earbuds expect if your rich person........ Scamming in India 😮‍💨😮‍💨 Todays people don't know they are Scamming ..",0,2024-02-19T06:43:39Z
Redmi Buds 5,YouTube,3ptpbS1h8mY,Compare with boat 141 anc,0,2024-02-18T05:18:40Z
Redmi Buds 5,YouTube,3ptpbS1h8mY,Lepertek or this 1?,0,2024-02-17T18:40:31Z
Redmi Buds 5,YouTube,3ptpbS1h8mY,Hi first comment,0,2024-02-15T06:31:18Z
Redmi Buds 5,YouTube,c5DGoEGr4fU,Noise cancellation hai,1,2025-06-04T13:30:16Z
Redmi Buds 5,YouTube,c5DGoEGr4fU,I just bought one today and trust me it’s better than my AirPods Pro. For the price its unbelievable,9,2025-02-07T21:38:21Z
Redmi Buds 5,YouTube,c5DGoEGr4fU,which one is better overall 6 or 5?,0,2025-02-02T11:58:12Z
Redmi Buds 5,YouTube,c5DGoEGr4fU,Is its good for online classes for long hour ?,0,2025-01-17T08:47:00Z
Redmi Buds 5,YouTube,c5DGoEGr4fU,Which one is better buds 5 aur 5c,0,2025-01-09T15:54:09Z
Redmi Buds 5,YouTube,c5DGoEGr4fU,I have these 😂😂,0,2024-12-02T15:15:59Z
Redmi Buds 5,YouTube,c5DGoEGr4fU,I want that knife🥹,0,2024-11-24T09:08:22Z
Redmi Buds 5,YouTube,c5DGoEGr4fU,"I have the same 
and i was wondering how long or time to charge the box of the earbuds ?",0,2024-09-10T09:24:50Z
Redmi Buds 5,YouTube,c5DGoEGr4fU,"Would you recommend it over the soundcore r50i NC ? I think both are great but my main concern is that the buds 5 has ear detection and overall better build quality and higher NC dB ,but the r50i NC is a 25% cheaper so i wanna know is it worth going for those or the r50i nc ,amazing unboxing and thanks ❤️",0,2024-08-22T01:27:47Z
Redmi Buds 5,YouTube,c5DGoEGr4fU,Worth for the money you spend. I've been using this since past week and had no issues yet.,5,2024-07-31T07:04:03Z
Redmi Buds 5,YouTube,c5DGoEGr4fU,"I have redmi buds 5, they are perfect and the ANC is superb. Sound is excellent with very good deep bass and clear highs. Cant really ask anything else from these lovely earbuds, they are soo cheap aswell. For regular everyday user these are ultimate deal cause the anc is as good as premium priced buds.",40,2024-07-04T15:41:39Z
Redmi Buds 5,YouTube,c5DGoEGr4fU,Does it fall from ear to floor?,0,2024-07-01T17:39:19Z
Redmi Buds 5,YouTube,c5DGoEGr4fU,I have white one,0,2024-06-19T01:03:34Z
Redmi Buds 5,YouTube,c5DGoEGr4fU,เสียงดี,0,2024-06-15T06:05:26Z
Redmi Buds 5,YouTube,c5DGoEGr4fU,Which one would you recommend.. Redmi buds 5 or Realme Air 6 ?,2,2024-06-03T11:33:35Z
Redmi Buds 5,YouTube,c5DGoEGr4fU,"Which one would you recommend, These or the redmi buds 4 pro?",4,2024-05-15T00:33:17Z
Redmi Buds 5,YouTube,c5DGoEGr4fU,"Please, Where can i get it? And how much?",0,2024-05-13T23:52:24Z
Redmi Buds 5,YouTube,c5DGoEGr4fU,Latency issues😢,0,2024-05-04T12:11:22Z
Redmi Buds 5,YouTube,c5DGoEGr4fU,I have the fusion purple one🙌🏻,2,2024-04-12T06:41:11Z
Redmi Buds 5,YouTube,c5DGoEGr4fU,I have the white one,0,2024-03-28T07:08:06Z
Redmi Buds 5,YouTube,c5DGoEGr4fU,Отличные наушники!,0,2024-03-23T17:11:39Z
Redmi Buds 5,YouTube,c5DGoEGr4fU,Lovely earbuds ❤,4,2024-03-07T13:11:12Z
Redmi Buds 5,YouTube,c5DGoEGr4fU,Дешевая пародия ван плас бадз про,0,2024-02-14T20:32:10Z
Redmi Buds 5,YouTube,c5DGoEGr4fU,Kitane ka hai Redmi Buds 5 Bhai 🤔,7,2024-02-12T15:23:42Z
Redmi Buds 5,YouTube,c5DGoEGr4fU,Can't wait for the review,2,2023-10-18T13:03:35Z
Redmi Buds 5,YouTube,IX_L-mbuzJY,Calling nd music which is best,0,2026-01-11T19:47:29Z
Redmi Buds 5,YouTube,IX_L-mbuzJY,T200x is best,0,2026-01-05T05:27:43Z
Redmi Buds 5,YouTube,IX_L-mbuzJY,700/ m bolo kitna chahiy,0,2025-12-19T09:28:32Z
Redmi Buds 5,YouTube,IX_L-mbuzJY,Mere pass boult ka 1200 rupees wala hai😊,2,2025-12-16T11:03:05Z
Redmi Buds 5,YouTube,IX_L-mbuzJY,300 se 400 tak me best bata do,0,2025-12-12T06:11:47Z
Redmi Buds 5,YouTube,IX_L-mbuzJY,Yr 35 ms to 40 ms latency wale batao,0,2025-12-09T01:50:22Z
Redmi Buds 5,YouTube,IX_L-mbuzJY,Best is CMF buds 2a,0,2025-12-05T16:00:21Z
Redmi Buds 5,YouTube,IX_L-mbuzJY,Best h oneplus buds 3r  unbeatable sound no delay in bgmi 99% accuracy best battery waterproof in just rs 1500,0,2025-12-03T03:22:26Z
Redmi Buds 5,YouTube,IX_L-mbuzJY,Bhai mere pass mustang Bolt hain bhut Bdiya hain ❤,13,2025-11-29T17:23:55Z
Redmi Buds 5,YouTube,IX_L-mbuzJY,go for realme t310,0,2025-11-27T02:34:59Z
Redmi Buds 5,YouTube,IX_L-mbuzJY,Best information thanks 🎉🎉,1,2025-11-26T15:10:41Z
Redmi Buds 5,YouTube,IX_L-mbuzJY,Go for oneplus nord buds 3r,5,2025-11-19T16:00:10Z
Redmi Buds 5,YouTube,IX_L-mbuzJY,"Go for oneplus and oppo if you want to buy 1500 to 2000
I use oppo enco and oneplus 2r both are mind-blowing",1,2025-10-26T12:32:29Z
Redmi Buds 5,YouTube,IX_L-mbuzJY,Boult kachra hai. Awaaz hi nahi hai.,0,2025-10-22T15:55:58Z
Redmi Buds 5,YouTube,IX_L-mbuzJY,Go for realme T300 or T310,1,2025-10-22T14:45:18Z
Redmi Buds 5,YouTube,IX_L-mbuzJY,I use CMF by nothing buds ❤,4,2025-10-13T04:40:46Z
Redmi Buds 5,YouTube,IX_L-mbuzJY,Redmi se achcha poco ki he,13,2025-10-12T14:46:10Z
Redmi Buds 5,YouTube,IX_L-mbuzJY,Boat airdopes 800 se better hai???,1,2025-10-11T19:41:21Z
Redmi Buds 5,YouTube,IX_L-mbuzJY,headphone lelo isse to,0,2025-10-05T08:10:57Z
Redmi Buds 5,YouTube,IX_L-mbuzJY,Overpriced hai boult wala isse aacha realme lelo,3,2025-08-07T14:20:23Z
Redmi Buds 5,YouTube,IX_L-mbuzJY,Go for oppo enco 2,6,2025-06-04T05:10:21Z
Redmi Buds 5,YouTube,IX_L-mbuzJY,Bilkul bias nahi tha😂😂😂,2,2025-04-02T11:25:57Z
Redmi Buds 5,YouTube,IX_L-mbuzJY,"Boult ki  *bil*  quality ekdam bekar he 
Sound🔊 best he",8,2025-03-19T03:06:30Z
Redmi Buds 5,YouTube,IX_L-mbuzJY,"Boult ki lid quality kharab hai, baki sab accha hai❤❤❤",4,2025-03-17T15:12:37Z
Redmi Buds 5,YouTube,IX_L-mbuzJY,❤❤❤🎉🎉,4,2025-03-17T12:55:55Z
Redmi Buds 5,YouTube,J_vKBrZcZ2c,"Cmf buds =2000
Redmi buds =2500 which one",0,2024-07-20T12:21:55Z
Redmi Buds 5,YouTube,J_vKBrZcZ2c,"Overall Redmi Buds 5 is the best tws u can have under 3k!!💯🤩, even the specs says the same like in-ear detection, 46dB ANC and long battery life!! Very well reviewed sir!!💯🙌🏻",4,2024-03-14T15:09:02Z
Redmi Buds 5,YouTube,J_vKBrZcZ2c,This vs buds5 pro vs soundpeats air4pro ??,0,2024-03-11T14:17:07Z
Redmi Buds 5,YouTube,J_vKBrZcZ2c,Cmf buds pro or cmf buds new one?,0,2024-03-10T12:28:41Z
Redmi Buds 5,YouTube,J_vKBrZcZ2c,It is Budget friendly tws🔥,0,2024-03-07T15:04:39Z
Redmi Buds 5,YouTube,J_vKBrZcZ2c,Nice review bhai,1,2024-03-06T21:12:50Z
Redmi Buds 5,YouTube,J_vKBrZcZ2c,"great product for the price, thanks for the review bro!",1,2024-03-05T19:11:17Z
Redmi Buds 5,YouTube,J_vKBrZcZ2c,P,0,2024-03-05T06:30:14Z
Redmi Buds 5,YouTube,J_vKBrZcZ2c,M,0,2024-03-05T06:30:10Z
Redmi Buds 5,YouTube,J_vKBrZcZ2c,U,0,2024-03-05T06:30:07Z
Redmi Buds 5,YouTube,J_vKBrZcZ2c,B,0,2024-03-05T06:30:04Z
Redmi Buds 5,YouTube,J_vKBrZcZ2c,Share your feedback!,0,2024-03-05T06:14:18Z
Redmi Buds 5,YouTube,DjCDtRNYlyk,"✅✅ BEST OFFER LINK ✅✅
☑☑ REDMI BUDS 5☑☑
Amazon: https://amzn.to/49Sx04r",2,2024-04-11T09:56:57Z
Redmi Buds 5,YouTube,DjCDtRNYlyk,Sir mene bhi apki videi dhek kr buds mnga li lekin bo 8 din me hi kharab ho gyi or service center bale replace nhi kr rhe bo bol rhe he sirf  buds proper kharab jo jyegi to hi chng hogi barna kisi bhi dusre bjay se nhi hogi  me kya kru 😢,0,2025-11-16T12:16:04Z
Redmi Buds 5,YouTube,DjCDtRNYlyk,Aaj hi liya maine Flipkart se 1499 me,0,2025-10-19T15:40:26Z
Redmi Buds 5,YouTube,DjCDtRNYlyk,1300 me mil gaya 🥳,0,2025-07-12T17:15:56Z
Redmi Buds 5,YouTube,DjCDtRNYlyk,Rs1194 my order done,4,2025-03-09T03:27:23Z
Redmi Buds 5,YouTube,DjCDtRNYlyk,bhai at time 2 nahi chal rahe kya pro hoga setting krna pdega kya,2,2025-01-29T17:45:21Z
Redmi Buds 5,YouTube,DjCDtRNYlyk,46 DB kya hota hai,2,2024-12-22T14:44:19Z
Redmi Buds 5,YouTube,DjCDtRNYlyk,Thankyou ❤,0,2024-12-20T17:05:13Z
Redmi Buds 5,YouTube,DjCDtRNYlyk,Mori pro Vs buds 5 which one should I get,0,2024-11-16T14:43:08Z
Redmi Buds 5,YouTube,DjCDtRNYlyk,Wonderful 🎉❤,0,2024-11-02T06:33:16Z
Redmi Buds 5,YouTube,DjCDtRNYlyk,Redmi buds 5 vs iqoo 1e,1,2024-10-04T03:27:48Z
Redmi Buds 5,YouTube,DjCDtRNYlyk,Redmi buds 5 in 1300 is good or not,1,2024-10-03T06:29:24Z
Redmi Buds 5,YouTube,DjCDtRNYlyk,Bhiaya redmi buds 5c se compare kare ko kis mein best hai yeh sound priority,1,2024-09-27T18:03:50Z
Redmi Buds 5,YouTube,DjCDtRNYlyk,Bhai isme ear detection ka feature kyu work nhi kar raha hai,1,2024-09-11T13:46:03Z
Redmi Buds 5,YouTube,DjCDtRNYlyk,ENC sab se best kiska h? i need for calling,0,2024-09-10T19:13:23Z
Redmi Buds 5,YouTube,DjCDtRNYlyk,"Black colour a66e hoga 
Ya white colour yea purple
Konsa a66a hoga 
Please tell me",2,2024-08-27T12:34:29Z
Redmi Buds 5,YouTube,DjCDtRNYlyk,"WARNING: Not good I am facing uneven battery levels of buds even after using them for equal time laps, The service centre is not ready to help, with a silly excuse "" If the device is working all fine with only the service will be provided when the device is dead under warranty"". Please go for other brands.",11,2024-08-17T18:26:29Z
Redmi Buds 5,YouTube,DjCDtRNYlyk,Mene ye purchase kiya he lekin mera mobile mi note 10s he isme voice kaafi kam aa rha he bahot try ki lekin meremobileme voice bahot kam aa raha he uska koi solution batao please,3,2024-07-26T17:25:44Z
Redmi Buds 5,YouTube,DjCDtRNYlyk,mere ko best anc buds lene hn konsa lu smaaj ni aa rhe hn sub company dekle confused hora hu bhut,1,2024-07-14T18:27:07Z
Redmi Buds 5,YouTube,DjCDtRNYlyk,"Case or earpods alag se charge hote hai kya?
Reply please",2,2024-07-13T02:26:39Z
Redmi Buds 5,YouTube,DjCDtRNYlyk,Redmi buds 5 or oneplus buds 2?,1,2024-06-16T16:31:12Z
Redmi Buds 5,YouTube,DjCDtRNYlyk,Realme air buds 5 vs redmi earbuds 5,3,2024-05-02T08:19:02Z
Redmi Buds 5,YouTube,DjCDtRNYlyk,Brother in ear detection kesha hy ?? Ek youtuber bol raha tha ear detection acha se work nehi karta ?,2,2024-04-17T21:40:54Z
Redmi Buds 5,YouTube,DjCDtRNYlyk,bhai aap koi acha sa earbuds bata do under 1000 rupees me i watch too much movie and i play games and i also do gym please i am very confused please reply 🙏,1,2024-04-14T09:17:20Z
Redmi Buds 5,YouTube,DjCDtRNYlyk,Bro i am thinking to buy Truke btg x1 only 799 what you recommend???,3,2024-04-13T15:39:49Z
Redmi Buds 5,YouTube,DjCDtRNYlyk,@techrxhub Realme t100 buds or noisevs102 which is good option to buy or i should go with any other under 1500 ?? Plz reply,2,2024-04-11T15:53:11Z
Redmi Buds 5,YouTube,BCPYIawCT58,Worst earbuds..very true analysis.,0,2025-12-21T16:52:46Z
Redmi Buds 5,YouTube,BCPYIawCT58,"Dude, this is perfect comparison. Simple, short. Just to appreciate this video i opened yt app to watch video, leave comment, thumb up and sub! Great job!",0,2025-05-26T08:45:23Z
Redmi Buds 5,YouTube,BCPYIawCT58,😂😂😂,0,2025-03-24T17:20:06Z
Redmi Buds 5,YouTube,BCPYIawCT58,Amazing the best❤,0,2024-11-25T16:09:03Z
Redmi Buds 5,YouTube,BCPYIawCT58,Ty máš anglický kanál,0,2024-11-02T17:24:40Z
Redmi Buds 5,YouTube,BCPYIawCT58,best test :) quick and efficient,3,2024-09-28T16:40:49Z
Redmi Buds 5,YouTube,BCPYIawCT58,Do you have IG?,0,2024-08-25T16:28:22Z
Redmi Buds 5,YouTube,BCPYIawCT58,Xiaomi buds 5 pro is amazing,8,2024-07-28T01:59:08Z
Redmi Buds 5,YouTube,BCPYIawCT58,My man faking pressing the button on the Freebuds is hilarious!,4,2024-07-05T12:57:50Z
Redmi Buds 5,YouTube,BCPYIawCT58,i bought qcy ht05 for 31eur do u think it was worth?,2,2024-06-20T20:47:08Z
Redmi Buds 5,YouTube,BCPYIawCT58,"Did you even press the button on the Huawei Freebuds Pro 3? 😅 Thinking about those and Xiaomi Redmi Buds 5 Pro not quite sure if the difference makes up for the 100€ higher price tag, what would you recommend? Have you tried any of the microphones in the tram by any chance? :)",7,2024-05-21T07:32:19Z
Redmi Buds 5,YouTube,W4JRhZpEEQ0,Thanks for Watching th video :),2,2024-03-07T02:32:28Z
Redmi Buds 5,YouTube,W4JRhZpEEQ0,"I got it in 13 euro ...,15 Dollar ,is it worth it ?",0,2025-11-02T03:47:09Z
Redmi Buds 5,YouTube,W4JRhZpEEQ0,I just ordered it for only 1299 INR (15$) in the amazon prime day sale & i don't think anything is better than this at that price range.,0,2025-07-15T10:49:48Z
Redmi Buds 5,YouTube,W4JRhZpEEQ0,I probably have 20 pairs of earbuds. They all have glossy plastic!,0,2025-06-25T05:01:09Z
Redmi Buds 5,YouTube,W4JRhZpEEQ0,"This vs Anker soundcore life P3 which one sounds better for music. I loved my P3 but it got lost, I'm looking to replace it.",0,2025-01-22T02:24:20Z
Redmi Buds 5,YouTube,W4JRhZpEEQ0,What earbuds would you suggest me for 40$ right now in 2025?,1,2025-01-15T18:00:54Z
Redmi Buds 5,YouTube,W4JRhZpEEQ0,"is it fine to listen lectures in hall in laptop?i wana avoid tv sound which runs in low volume, while i was studying in my pc .anc is my priority (cancel tv sound )to listen lectures in hall.or should i buy oppo enco air 3 pro?",0,2024-11-26T20:09:40Z
Redmi Buds 5,YouTube,W4JRhZpEEQ0,Work it or not work ?,0,2024-11-19T22:58:05Z
Redmi Buds 5,YouTube,W4JRhZpEEQ0,"Redmi buds 5, realme t310 o realme air 5? ¿Cómo sería tu top?
Ayuda, porfi 🙏🏼.",0,2024-11-16T06:30:29Z
Redmi Buds 5,YouTube,W4JRhZpEEQ0,Your voice is like skinny from breaking bad.,1,2024-10-11T17:54:36Z
Redmi Buds 5,YouTube,W4JRhZpEEQ0,"These earbud's are very good in my mind from my use, the anc is very good for it's price, the sound volume is very higher than my other earbuds that's why you don't even listen to it at full sound if you listen to them at about 70% the sound quality is very good and the volume is still higher than my older earbuds and i use them trough my gym sessions and it never have slipped from my ears",1,2024-09-26T00:15:46Z
Redmi Buds 5,YouTube,W4JRhZpEEQ0,Got this for 20 in ph,0,2024-08-19T06:28:40Z
Redmi Buds 5,YouTube,W4JRhZpEEQ0,"one issue i run into with ANC is that if i turn it on outside on a windy day, everything sounds like when you're on call with someone and they're getting blasted with wind. It's useless in that circumstance and quite annoying",0,2024-07-24T02:08:02Z
Redmi Buds 5,YouTube,W4JRhZpEEQ0,"Are there any affordable buds that have a great sound and no ANC, no touch for contros or that shit? I just want to insert good sound in my ears for podcasts!",0,2024-06-27T21:43:06Z
Redmi Buds 5,YouTube,W4JRhZpEEQ0,should i take this for 36 euros or pros fot 60 euros,0,2024-06-26T11:57:53Z
Redmi Buds 5,YouTube,W4JRhZpEEQ0,No its not good airbuds,0,2024-05-29T09:11:35Z
Redmi Buds 5,YouTube,W4JRhZpEEQ0,I love honest reviews like this. I hate when they sound like they're trying to sell you the product and not someone's opinion. Thank you!,9,2024-05-26T18:05:32Z
Redmi Buds 5,YouTube,W4JRhZpEEQ0,Great review.,0,2024-05-16T19:33:39Z
Redmi Buds 5,YouTube,W4JRhZpEEQ0,Redmi Buds 4 Active (20 euro) or Redmi Buds 5 (32 euro)?,2,2024-04-27T09:36:24Z
Redmi Buds 5,YouTube,W4JRhZpEEQ0,"Just bought it. I have always used earphones worth hardly $1 and it stops working after 3-6 months.

Wanted to buy a branded one 
Nas I had options to choose from

Samsung, Iphone, One Plus and then Xaomi are one of the top quality phones in the world so I went with this. 
And I also own a Xaomi phone...so

It's better than 10 dollars earbuds (Non-Branded) earbuds which worked for a year for me.",0,2024-04-14T18:02:09Z
Redmi Buds 5,YouTube,W4JRhZpEEQ0,Thank you so much to remind the glossy finish inside❤,4,2024-04-06T16:41:00Z
Redmi Buds 5,YouTube,W4JRhZpEEQ0,"I think you’ve missed a big selling point from this price perspective: multipoint connectivity! That’s the only reason I bought them to replace my anker P20i. Can’t wait to have my iPad and iPhone connected at the same time, that feature alone for £29 sold it for me 🎉",23,2024-04-04T00:26:00Z
Redmi Buds 5,YouTube,W4JRhZpEEQ0,i bought these redmi 5 buds because i lost my realme buds air 5. sadly it cannot match realme buds air 5's anc quality. i have an issue with my redmi buds 5 keep switching from anc to transparent mode. super noticeable when i commute. the surroundings gets loud and quiet as if it's sensor has difficulty maintaining the noise filter unlike realme buds air 5. sucks i lost it after gym 😢. i dunno if this is a bug but i saw on reddit it seems to have the same issue with redmi buds 3.,5,2024-04-03T13:53:32Z
Redmi Buds 5,YouTube,W4JRhZpEEQ0,"I dont get it. I have the Redmi Buds 4 and I think it sounds great. ANC also is good. A 12.4mm driver is bigger than what other popular and more expensive brands and the bass is a really hard. This sounds better than my Soundcores actually. I dont have the Redmi buds 5, but i highly doubt Xiaomi would make it worse than my Redmi Buds 4.",8,2024-03-28T06:15:02Z
Redmi Buds 5,YouTube,W4JRhZpEEQ0,"Could you do a Vivo 3e tws and 3 pro review ? Your content is of extreme quality, congratulations on your efforts",0,2024-03-22T03:24:20Z
Redmi Buds 5,YouTube,W4JRhZpEEQ0,Good honest review 👍,10,2024-03-14T17:03:27Z
Redmi Buds 5,YouTube,W4JRhZpEEQ0,"Thank you for covering the glossy design.

I have the buds 3 pro and they never slip with these you need a dry ear for them to stay on.


What other buds does xiaomi have that are not like this that dont slip cause I dont think its the glossy thing only its also the design they are bigger than the 3",3,2024-03-14T00:08:55Z
Redmi Buds 5,YouTube,W4JRhZpEEQ0,"Hii Mx Tech, i buyed Redmi 5 Pro earbuds and i really cant feel any noise cancell , i put it in deep mode and i really dont feel some noise cancell , what is going on ? ☹️ It changing the quality of sound its true but i dont feel some noise cancell. Those 52 Db they mention .",3,2024-03-13T17:52:23Z
Redmi Buds 5,YouTube,W4JRhZpEEQ0,Or soundpeats air4pro?,0,2024-03-11T14:01:44Z
Redmi Buds 5,YouTube,W4JRhZpEEQ0,Buds5 vs buds5 pro? Kindly suggest,1,2024-03-11T13:59:42Z
Redmi Buds 5,YouTube,dMOyQttxgeo,Redmi buds 6 pro vs Xiaomi buds 5. Which one is the best?,0,2025-12-26T00:58:31Z
Redmi Buds 5,YouTube,dMOyQttxgeo,Great review!! All I needed thanks 🙏,0,2025-11-22T07:25:40Z
Redmi Buds 5,YouTube,dMOyQttxgeo,yeah mi is great =),0,2025-07-15T19:29:14Z
Redmi Buds 5,YouTube,dMOyQttxgeo,"I find the sound total crap. As they to not close the soundway to the ear due to the absence of a silicon tip the ANC does absolutely nothing for me, I hear not a blink of a difference. To me these buds are the biggest disappointment from Xiaomi ever.",0,2025-07-09T04:39:38Z
Redmi Buds 5,YouTube,dMOyQttxgeo,Have you done a Honor earbuds S7 review?,0,2025-05-23T06:28:07Z
Redmi Buds 5,YouTube,dMOyQttxgeo,Will this work good on Xiaomi 15?,0,2025-05-04T18:45:33Z
Redmi Buds 5,YouTube,dMOyQttxgeo,"Click supper makes any earbuds useless, it will always move outta place from your ear and have to readjust",0,2025-04-13T00:12:15Z
Redmi Buds 5,YouTube,dMOyQttxgeo,I have this and used it for a good chunk of time. All I can say is that it has horrendous battery life like borderline batshit unreliable. You listen to 3 to 4 songs and it will cut around 10% of the battery life,2,2025-03-25T10:13:21Z
Redmi Buds 5,YouTube,dMOyQttxgeo,٩❤😊😊,0,2025-03-16T12:03:09Z
Redmi Buds 5,YouTube,dMOyQttxgeo,The squeeze controls I prefer as touch controls and very annoying. I actually like the sound of these ones.,0,2025-02-06T21:30:17Z
Redmi Buds 5,YouTube,dMOyQttxgeo,no support for iOS ?,0,2025-01-28T19:25:01Z
Redmi Buds 5,YouTube,dMOyQttxgeo,"This  earbuds are beautiful, but they’re not for everyone. The design is bulkier and doesn’t fit well in smaller ears. Additionally, the smooth texture and material cause them to slip, especially after prolonged use when natural earwax exacerbates the issue. This becomes problematic when the auto-pause feature is activated, as the sensor detects the earbud as removed even with slight head or mouth movements, or even talking.

The sound quality is excellent, with great volume and ambient effects. Noise cancellation works decently in terms of software, but due to the poor fit, it doesn’t perform well.

----------------
Os fones são lindos, mas não são para todos. O design do fone de ouvido é mais gordinho, e não se encaixa bem em ouvidos pequenos, além disso pelo material e pela textura muito lisa, fazem  eles escorregarem facilmente principalmente depois de algum tempo de uso onde a cera natural do ouvido potencializa . Tem um agravante quando esta ativado o auto-pause quando se retira o earphone, pois por ter essa falha no encaixe o sensor interpreta que o phone retirado o tempo todo, mesmo quando isso não é retirado, basta um leve movimento da cabeça, ou da boca, até mesmo falar pode fazer que o sensor entenda que o earphone foi retirado.

O som é excelente, tem um otimo volume, os efeitos de ambiente, e noise cancelation funciona razoavelmente em termos de software, mas devido a essa falha no encaixe nao funcionam bem",0,2025-01-16T19:42:10Z
Redmi Buds 5,YouTube,dMOyQttxgeo,Your left ear is right for us!,0,2024-12-26T12:27:36Z
Redmi Buds 5,YouTube,dMOyQttxgeo,I want to get these but I'm afraid it would fall off when I do my everyday commute... I'm used to redmi bud 5 pro not falling of no matter what I do lol,0,2024-12-22T11:02:14Z
Redmi Buds 5,YouTube,dMOyQttxgeo,the best guide keep the good work bro !!!,0,2024-12-15T22:22:31Z
Redmi Buds 5,YouTube,dMOyQttxgeo,Why do you call them shiaomy?😂,0,2024-12-15T05:55:56Z
Redmi Buds 5,YouTube,dMOyQttxgeo,What is best xiaomi buds 5 or redmi buds 5 pro? Plz help.,1,2024-12-14T19:50:58Z
Redmi Buds 5,YouTube,dMOyQttxgeo,Between Xiaomi Buds 5 or CMF Buds pro 2 which is better?,0,2024-11-16T17:02:04Z
Redmi Buds 5,YouTube,dMOyQttxgeo,"Thanks for the review.
Can i configure the call recording to record all calls? Or i have to trigger it for every single call?",0,2024-11-12T13:36:57Z
Redmi Buds 5,YouTube,dMOyQttxgeo,"This is one of the best TWS I have ever used. The comfort is outstanding, and the dual connectivity works flawlessly with both my laptop and mobile, making it ideal for office use. The sound quality is amazing, and the click-and-swipe volume control is a fantastic feature. Call recording also works well, even for WhatsApp calls.",9,2024-11-10T08:37:37Z
Redmi Buds 5,YouTube,dMOyQttxgeo,i am on the hunt to buy a pair for earbuds ( not in-ears with the elastic tip ) for a friend ! I was checking those and the Samsung Galaxy Buds 3 ! For the samsung's the comments are that they dont fit well on/in the ears ! Does anyone has experience from both ?,0,2024-11-07T18:23:21Z
Redmi Buds 5,YouTube,dMOyQttxgeo,Is the gesture really hard to use?,0,2024-10-23T12:30:21Z
Redmi Buds 5,YouTube,dMOyQttxgeo,Snapdragon sound codec is amazing,0,2024-10-22T10:02:01Z
Redmi Buds 5,YouTube,dMOyQttxgeo,"I was searching high and low for buds without silicon tips and ended up getting the Samsung buds 3. The only thing I'm down on is Samsung not including support for multi device pairing for the purposes of locking you in because it works across Samsung devices. I absolutely love the fit of the buds 3 so I'm happy over all. Oh and something else I'm not crzy about is that to because of their triangular stems, they don't go in the case as easy as something like Airpods.",1,2024-10-19T22:59:00Z
Redmi Buds 5,YouTube,dMOyQttxgeo,Is it better than REALME buds air pro 6???,0,2024-10-12T10:00:09Z
Redmi Buds 5,YouTube,dMOyQttxgeo,"Nghe hay nha, tắt harman đi nghe đỉnh hơn nhiều",0,2024-10-12T07:42:16Z
Redmi Buds 5,YouTube,dMOyQttxgeo,Bass doesn't exist in these buds 😢,0,2024-10-10T13:46:04Z
Redmi Buds 5,YouTube,dMOyQttxgeo,Can this be paired with iphone?,1,2024-10-10T03:21:01Z
Redmi Buds 5,YouTube,dMOyQttxgeo,case is so Cool !!,0,2024-10-09T10:58:11Z
Redmi Buds 5,YouTube,dMOyQttxgeo,Does it support wireless charging? xiaomi Buds 5,2,2024-10-07T19:27:09Z
Redmi Buds 5,YouTube,dMOyQttxgeo,"i got my pair today, and i have to say they are apsolutely awesome. top notch sound quality and very customizable thru the app, you can basicaly make them sound how ever you prefer.
all those features i thought i wouldnt use are acctually really usefull... but be aware, if you dont have a xiaomi/redmi device with hyper OS and a qualcom snapdragon chipset you will not be able to use all of its potential. that said, they are are extremly high value for the money, i paid 99€ and i dont regret it at all. for sure top tier earbuds at that price range.
the only thing that i have to complain about are the touch/push buttons on the buds, they seem a little bit scatchy and somewhat strange to use, other than that really nice product from xiaomi.",9,2024-10-07T11:34:46Z
Redmi Buds 5,YouTube,dMOyQttxgeo,Is it have transparency mode?,1,2024-10-06T04:15:32Z
Redmi Buds 5,YouTube,dMOyQttxgeo,So how's the actual sound? Is it good or is it bad?,0,2024-10-05T10:51:57Z
Redmi Buds 5,YouTube,dMOyQttxgeo,this or the Redmi Buds 5 Pro?,0,2024-10-05T09:24:30Z
Redmi Buds 5,YouTube,dMOyQttxgeo,Anyone encountered a problem with the gestures? Mine's not working. Firmware up to date,2,2024-10-05T08:37:46Z
Redmi Buds 5,YouTube,dMOyQttxgeo,Is it comfortable to wear compared to the rubber tipped redmi buds series ?,1,2024-10-05T07:03:18Z
Redmi Buds 5,YouTube,dMOyQttxgeo,What's the sound leakage like on these,1,2024-10-03T06:39:03Z
Redmi Buds 5,YouTube,dMOyQttxgeo,Love your reviews. Keep working 💪🏼!,2,2024-10-02T01:46:15Z
Redmi Buds 5,YouTube,dMOyQttxgeo,"Hello Bro,

Could you please provide a score between 0 and 10 for the phone call mic quality on the Xiaomi Buds 5 TWS, along with valid reasons for your rating?

Thank you Brother 🙏🙂👍",3,2024-10-01T15:17:01Z
Redmi Buds 5,YouTube,dMOyQttxgeo,Could you please quickly compare them to the Buds 4 Pro ? Thanks,0,2024-10-01T14:10:41Z
Redmi Buds 5,YouTube,dMOyQttxgeo,I already have Xiaomi Buds 4 Pro (1 year old). Do you think it is worth to buy new ones?,1,2024-10-01T07:41:49Z
Redmi Buds 5,YouTube,dMOyQttxgeo,Is the mic better in calls than buds 5 pro?,0,2024-09-30T19:28:33Z
Redmi Buds 5,YouTube,dMOyQttxgeo,Very informative video. Thanks!  i was looking forward to buy them.,0,2024-09-30T11:57:38Z
Redmi Buds 5,YouTube,dMOyQttxgeo,So the mics work also when I am recording video with the XIaomi phone? So even if I have them connected the buds record the audio in best quality (as they don't have to send them over via bluetooth) and I can sync up the audio later in post? Basically a DJI Mic2 with earbuds attached with slighlty worse sound quality I guess?,1,2024-09-30T09:00:47Z
Redmi Buds 5,YouTube,dMOyQttxgeo,Is it better than OnePlus buds 3?,1,2024-09-29T11:07:43Z
Redmi Buds 5,YouTube,dMOyQttxgeo,"Very interesting, that record on device could be very useful, also looks great and not like a copy or refresh of many others even when there is not much room to change the design",1,2024-09-27T10:41:53Z
Redmi Buds 5,YouTube,dMOyQttxgeo,Is it better than Redmi Buds 5 Pro?,13,2024-09-27T02:31:35Z
Redmi Buds 5,YouTube,dMOyQttxgeo,"It wasnt said in the video but it also comes with a 3 month Spotify premium subscription, im seriously thinking of buying these even though i just got my moondrop ultrasonic s",5,2024-09-27T02:17:30Z
Redmi Buds 5,YouTube,dMOyQttxgeo,"@2:20 I don't need touch inputs on the sides... this is perfect for me.

Thanks for pointing this out!",7,2024-09-27T02:16:52Z
Redmi Buds 5,YouTube,dMOyQttxgeo,The recording function is super useful! I think I might get those,5,2024-09-26T21:43:47Z
Redmi Buds 5,YouTube,dMOyQttxgeo,ANC Art the level of Sony?,0,2024-09-26T21:20:32Z
Redmi Buds 5,YouTube,dMOyQttxgeo,"Do you have the Huawei Freebuds 4 by any chance? Are the Buds 5 bigger, or smaller?",0,2024-09-26T17:59:21Z
Redmi Buds 5,YouTube,81no0fY541g,VERY HELPFULL VIDEO ❤❤❤,0,2024-03-17T00:49:01Z
Redmi Buds 5,YouTube,81no0fY541g,Bhai ap bgmi ke liye koi best earbuds bata do jiski mic quality mstt ho samne wale ko dikkt nh ho please bata do yarr apne hisab se jo bologe whi lelunga love you bhaii❤,0,2024-03-16T16:48:35Z
Redmi Buds 5,YouTube,81no0fY541g,Yay baat I like the way you use that device,1,2024-03-16T08:07:26Z
Redmi Buds 5,YouTube,81no0fY541g,Doctor ka apron pahan k vedio kyu bana rahe ho Dr ho kya😅,0,2024-03-16T08:06:20Z
Redmi Buds 5,YouTube,81no0fY541g,"Calling ke liye sabse best earbuds
Btaye  under 1500-2000 tk
Please 🙏🙏🙏",0,2024-03-15T18:20:37Z
Redmi Buds 5,YouTube,81no0fY541g,Realme air 5 kaisa hai,0,2024-03-15T14:36:19Z
Redmi Buds 5,YouTube,81no0fY541g,Sir redmi buds 5 vs realme t300 which is better? Specially in terms of music and bass. I love best bass,0,2024-03-14T18:30:40Z
Redmi Buds 5,YouTube,Az-Kygq9XQs,"Bro stay neutral from start your gesture, your content, your communication way is weight down more for oneplus buds rather than redmi and it is clearly seen",0,2025-10-04T14:29:58Z
Redmi Buds 5,YouTube,Az-Kygq9XQs,Redmi ear buds 5 will slip more in sweat time.,0,2025-09-30T07:35:39Z
Redmi Buds 5,YouTube,Az-Kygq9XQs,I'm getting redmi buds 5 for 1623 what to do?,2,2025-09-20T08:34:18Z
Redmi Buds 5,YouTube,Az-Kygq9XQs,Redmi buds 6 ka review,0,2025-09-11T17:32:09Z
Redmi Buds 5,YouTube,Az-Kygq9XQs,Dono mese kiska Bass or clarity Badiya plz reply bro,0,2025-01-26T21:47:39Z
Redmi Buds 5,YouTube,Az-Kygq9XQs,One plus2 or koi phone m bhi Badiya chalegi bro,0,2025-01-26T21:26:42Z
Redmi Buds 5,YouTube,Az-Kygq9XQs,Galat bataya h mi ki battery 11+hrs chalti h abhi tak ki sabse jayada h. Or case sirf 2.5 times charge karta h,0,2024-10-05T18:30:01Z
Redmi Buds 5,YouTube,Az-Kygq9XQs,Got redmi 5 in just 1299😂😂😂😊😊,0,2024-10-03T06:27:49Z
Redmi Buds 5,YouTube,Az-Kygq9XQs,Bought oppo eco buds2 1300 two days back .now redmi buds 5 1299 offer 😢 is it better than oppo,0,2024-10-02T17:22:36Z
Redmi Buds 5,YouTube,Az-Kygq9XQs,"Oneplus nord 2 earbud vs sony wf-c700n

Pls suggest which is betttter?",0,2024-09-30T02:22:40Z
Redmi Buds 5,YouTube,Az-Kygq9XQs,Now One Plus Buds Nord 2 and Realme Buds 5 are 1999 which is the best at this Cost can you Tell soon Bro!??? I'm confused,0,2024-09-29T09:38:28Z
Redmi Buds 5,YouTube,Az-Kygq9XQs,Got Redmi Buds 5 in 1799 only 😊,1,2024-09-28T20:03:15Z
Redmi Buds 5,YouTube,Az-Kygq9XQs,which are more comfortable for long duration?,0,2024-09-26T16:53:18Z
Redmi Buds 5,YouTube,Az-Kygq9XQs,"Hi bro what you will suggest 
1) cmf buds =2000
2)redmi buds 5= 2500",0,2024-07-20T09:51:47Z
Redmi Buds 5,YouTube,Az-Kygq9XQs,dono me best kaun sa hai,0,2024-07-11T12:50:33Z
Redmi Buds 5,YouTube,Az-Kygq9XQs,Bhai redmi buds 5 vs realme air 5 video,1,2024-05-24T15:37:57Z
Redmi Buds 5,YouTube,Az-Kygq9XQs,Plz u suggested bro one+ or mi🤔,0,2024-05-12T14:01:53Z
Redmi Buds 5,YouTube,Az-Kygq9XQs,But in offline redmi buds 5 is ₹2500 directly,0,2024-05-09T09:23:10Z
Redmi Buds 5,YouTube,Az-Kygq9XQs,sir best calling tws under 3000   i hope you best suggestion 🙂,1,2024-05-04T15:37:02Z
Redmi Buds 5,YouTube,Az-Kygq9XQs,"One plus Nord buds 2 earbuds are awesome!! The media audio quality is amazing, call audio is definitely an upgrade from the previous model. Im absolutely glad that I decided to purchase these earbuds and will definitely recommend!!",2,2024-04-28T19:23:58Z
Redmi Buds 5,YouTube,Az-Kygq9XQs,"Sir I Am Using OnePlus Nord 2, 
So Can I Go With OnePlus Nord buds 2",0,2024-04-18T04:15:24Z
Redmi Buds 5,YouTube,Az-Kygq9XQs,"Redmi buds 5 vs realme buds air 5 
Which is best",0,2024-04-17T10:26:53Z
Redmi Buds 5,YouTube,Az-Kygq9XQs,Sabse bakwas one plus h battery backup me waste of money,0,2024-04-12T01:27:52Z
Redmi Buds 5,YouTube,Az-Kygq9XQs,Got oneplus nord buds 2 for just 2150😁,2,2024-04-06T15:44:07Z
Redmi Buds 5,YouTube,Az-Kygq9XQs,"Flipkart sale price currently
Oneplus -2.2 k
Redmi -2.5k",2,2024-04-01T06:16:57Z
Redmi Buds 5,YouTube,Az-Kygq9XQs,Mi buds vs cmf buds vs boat Nirvana ion anc which is best for calling and for using in laptop,1,2024-03-29T08:33:16Z
Redmi Buds 5,YouTube,Az-Kygq9XQs,"Hey, can someone translate what the conclusion was?",0,2024-03-28T22:59:27Z
Redmi Buds 5,YouTube,Az-Kygq9XQs,Bri jbl wave flex earbuds calling test,0,2024-03-25T15:15:25Z
Redmi Buds 5,YouTube,Az-Kygq9XQs,Can you suggest me which tws is better for gym under 2000 rs,0,2024-03-20T07:28:43Z
Redmi Buds 5,YouTube,Az-Kygq9XQs,Sir please suggest me a buds with ANC with app support under 3k,0,2024-03-18T09:42:06Z
Redmi Buds 5,YouTube,Az-Kygq9XQs,Nice review brother keep it up and I hope you reach 3 million subscribers thank you,2,2024-03-16T02:55:49Z
Redmi Buds 5,YouTube,Az-Kygq9XQs,4:06😁...😄,0,2024-03-14T04:02:34Z
Redmi Buds 5,YouTube,Az-Kygq9XQs,Compare with Realme buds T300 😊,0,2024-03-10T13:08:27Z
Redmi Buds 5,YouTube,Az-Kygq9XQs,Case dhakkan kholne par auto connect h kya,0,2024-03-04T22:12:36Z
Redmi Buds 5,YouTube,Az-Kygq9XQs,Bro plz review jbl tune130c usb c 😢 it’s newly launched and there is no vedio on entire YouTube 😢😢😢,0,2024-03-04T07:35:28Z
Redmi Buds 5,YouTube,Az-Kygq9XQs,boat 131 pro vs noise n1,0,2024-03-04T06:50:46Z
Redmi Buds 5,YouTube,Az-Kygq9XQs,Buds aren't worth it. They hardly last 1 - 2 years,2,2024-03-03T15:07:27Z
Redmi Buds 5,YouTube,Az-Kygq9XQs,Thank you amazing testing 👌👌,1,2024-03-03T13:40:01Z
Redmi Buds 5,YouTube,Az-Kygq9XQs,I want best earphones under 3000 ? For Music and calling,0,2024-03-03T09:13:42Z
Redmi Buds 5,YouTube,Az-Kygq9XQs,Compare with CMF buds pro,2,2024-03-03T04:30:01Z
Redmi Buds 5,YouTube,Az-Kygq9XQs,Oneplus ki service bahut gandi hai bhai,0,2024-03-02T14:17:09Z
Redmi Buds 5,YouTube,Az-Kygq9XQs,"Hi Bro, When can we expect the video review for the Boult Z40 Ultra?",0,2024-03-02T14:15:47Z
Redmi Buds 5,YouTube,Az-Kygq9XQs,Sir aap video proper aacha benate hai,0,2024-03-02T13:23:09Z
Redmi Buds 5,YouTube,Az-Kygq9XQs,Bro does cmf buds connects laptops. I’m taking online couching. People are saying it doesn’t connects with laptops. Im confused. Please please reply bro,2,2024-03-02T11:59:04Z
Redmi Buds 5,YouTube,Az-Kygq9XQs,"Sir, konsa lena better hai redmi ya OnePlus",0,2024-03-02T10:46:49Z
Redmi Buds 5,YouTube,Az-Kygq9XQs,"Redmi has the concept and the means but this headset is too buggy. Sometimes the tap doesn’t work, the in ear is buggy too. It dont let the music or video play back when you put the earphones back. For me the headache isnt worth the price for this one. But i hope they update the software. Then it will be worth it, but right now its not.",0,2024-03-02T08:35:12Z
Redmi Buds 5,YouTube,Az-Kygq9XQs,Redmi buds 5 VS oneplus buds Z2,0,2024-03-02T08:06:41Z
Redmi Buds 5,YouTube,Az-Kygq9XQs,Bro Plz suggest me under 1000 best earbuds,0,2024-03-02T05:50:18Z
Redmi Buds 5,YouTube,Az-Kygq9XQs,Redmi buds 5 vs Realme T300 review plz,0,2024-03-02T05:37:19Z
Redmi Buds 5,YouTube,Az-Kygq9XQs,"I was literally waiting for the DRS, and now I'm 100% sure. I wasn't able to tell the difference either...so yes. She is unbiased for sure 👏",0,2024-03-02T03:01:17Z
Redmi Buds 5,YouTube,Az-Kygq9XQs,Which has best anc,0,2024-03-01T20:17:16Z
Redmi Buds 5,YouTube,Az-Kygq9XQs,"I want to buy earbuds with best outdoor performance, please suggest between not just these two but any earbuds under 3000 whichever you find best for outdoor calling, thanks waiting for reply! Love your videos ✨",1,2024-03-01T18:21:09Z
Redmi Buds 5,YouTube,Az-Kygq9XQs,Aap ke  video k baad boat anc 454 liye Jo bahut bekaar nikle eardubs size big not fitting,2,2024-03-01T18:04:08Z
Redmi Buds 5,YouTube,Az-Kygq9XQs,Redmi buds 5 Vs oppo enco buds 2,2,2024-03-01T15:50:44Z
Redmi Buds 5,YouTube,Az-Kygq9XQs,Sir boult audio astra neo ka r.,0,2024-03-01T15:13:35Z
Redmi Buds 5,YouTube,Az-Kygq9XQs,"Can someone suggest me tws or neckband under 2k
With best sound quality and good battery and decent build quality",1,2024-03-01T15:10:35Z
Redmi Buds 5,YouTube,Az-Kygq9XQs,Sir muje music ke liye chaiye mai konsa lu OnePlus buds 2 or OnePlus  buds  3 sir music ke liye chaiye please sir reply do please kya 2000 extra lagake bhot sound me dark hota hai muje music ke liye chaiye mera budget 2500 hai lekin agar 4000 wala agar bhot accha hoga ye OnePlus buds 2 se toh mai woh le Sakta hu music ke liye please sir I'm so confuse please Reply hope you give me good answer 😢😢❤,1,2024-03-01T15:01:14Z
Redmi Buds 5,YouTube,Az-Kygq9XQs,Tozo tws par bhi videos banao bhai ji,0,2024-03-01T14:50:26Z
Redmi Buds 5,YouTube,Az-Kygq9XQs,Portronics s11 ko v check karo bro plzz ❤,0,2024-03-01T14:41:03Z
Redmi Buds 5,YouTube,Az-Kygq9XQs,Bro I bought boat 170 from Amazon at 999😊 but I wanna ask the reviews and ratings at Amazon are not good I am worried 🤧,1,2024-03-01T14:32:23Z
Redmi Buds 5,YouTube,Az-Kygq9XQs,Compare with nirvana ion anc pls ❤❤,0,2024-03-01T14:21:43Z
Redmi Buds 5,YouTube,Az-Kygq9XQs,Hello sir kaise hai aap sab ?,1,2024-03-01T13:58:41Z
Redmi Buds 5,YouTube,Az-Kygq9XQs,Realme t300 or nothing buds pro which is better under 2500,0,2024-03-01T13:54:48Z
Redmi Buds 5,YouTube,Az-Kygq9XQs,Bhai boult z40 ultra ka review karna jab March 6 me launch  hai aur compare pls with nirvana ion anc.,1,2024-03-01T13:38:22Z
Redmi Buds 5,YouTube,Az-Kygq9XQs,Realme sorry redmi 😂😂,1,2024-03-01T13:38:07Z
Redmi Buds 5,YouTube,Az-Kygq9XQs,Lekin ha 😂😂,0,2024-03-01T13:37:17Z
Redmi Buds 5,YouTube,Az-Kygq9XQs,What is latency ? If Latency is more than it is good or less ?,1,2024-03-01T13:36:29Z
Redmi Buds 5,YouTube,Az-Kygq9XQs,Plss tell best boat immortal tws,2,2024-03-01T13:34:19Z
Redmi Buds 5,YouTube,Az-Kygq9XQs,Sir which is best truke btg neo vs truke f1 ultra sound quality best,0,2024-03-01T13:32:28Z
Redmi Buds 5,YouTube,lvZEoJDpaj0,Dono mese bass or clarity kiski Badiya h reply bro plz,0,2025-01-26T21:46:01Z
Redmi Buds 5,YouTube,lvZEoJDpaj0,1300 mein lu kya bhai  redmi buds 5,0,2024-10-07T08:11:43Z
Redmi Buds 5,YouTube,lvZEoJDpaj0,OnePlus 2.2k mein mila muje kal😂,1,2024-08-05T02:02:54Z
Redmi Buds 5,YouTube,lvZEoJDpaj0,Bhai ka favourite hai Italian Garden,0,2024-07-23T03:19:43Z
Redmi Buds 5,YouTube,lvZEoJDpaj0,Yes i will suggest redmi buds 5,0,2024-07-06T16:47:23Z
Redmi Buds 5,YouTube,lvZEoJDpaj0,Hi @utsav could you suggest one best EarPods under 3k,0,2024-07-04T20:10:48Z
Redmi Buds 5,YouTube,lvZEoJDpaj0,I have nord  buds 2 r ... this is also good at this price,0,2024-07-03T07:16:17Z
Redmi Buds 5,YouTube,lvZEoJDpaj0,Does it support iphone,1,2024-06-04T08:56:34Z
Redmi Buds 5,YouTube,lvZEoJDpaj0,Redmi buds 2.5k me mil rha hai lu ya nhi,1,2024-06-02T06:45:59Z
Redmi Buds 5,YouTube,lvZEoJDpaj0,OnePlus too big to fit,0,2024-05-25T03:32:09Z
Redmi Buds 5,YouTube,lvZEoJDpaj0,Xiaomi loveer 😋😋,0,2024-05-21T17:02:47Z
Redmi Buds 5,YouTube,lvZEoJDpaj0,Specs sheet mat padh bs..dk.... Thodha tho khud boldaee,0,2024-05-01T19:58:28Z
Redmi Buds 5,YouTube,lvZEoJDpaj0,Nothing Cmf buds vs Redmi Buds 5 will make sense.,0,2024-04-30T09:37:45Z
Redmi Buds 5,YouTube,lvZEoJDpaj0,Dual device pricing is a deal breaker,0,2024-04-27T16:53:22Z
Redmi Buds 5,YouTube,lvZEoJDpaj0,I got oneplus nord 2 buds for 2149.,1,2024-04-24T17:59:53Z
Redmi Buds 5,YouTube,lvZEoJDpaj0,Best gaming earbuds under 3k,0,2024-04-18T08:04:59Z
Redmi Buds 5,YouTube,lvZEoJDpaj0,Go for oppo air 2 pro just 200 over 3k.,0,2024-04-07T15:26:28Z
Redmi Buds 5,YouTube,lvZEoJDpaj0,Gwalior jindabad,0,2024-04-06T14:46:39Z
Redmi Buds 5,YouTube,lvZEoJDpaj0,"Naah i will use one plus nord buds 2 only. Price ke baare mein toh baat ni kr rha, one plus k price kam h",1,2024-04-06T10:05:51Z
Redmi Buds 5,YouTube,lvZEoJDpaj0,Kabhi kabhi itna dukh hota hai... Utsav bhai hamare 1.5 saal se 600-700k subscribers me atke hue hai. Please Guys subscribe karo and reach badhao 😂,1,2024-04-06T05:31:43Z
Redmi Buds 5,YouTube,lvZEoJDpaj0,Maine to 5500 ka buds 2 lia hai samsung ka badia h,4,2024-04-06T04:53:57Z
Redmi Buds 5,YouTube,lvZEoJDpaj0,CMF By Nothing is much better at its price (2400),1,2024-04-05T20:55:52Z
Redmi Buds 5,YouTube,lvZEoJDpaj0,Realme air 5 buds better hae dono se,0,2024-04-05T20:51:10Z
Redmi Buds 5,YouTube,lvZEoJDpaj0,Under 5000 rs tws par video banaye,1,2024-04-05T18:53:26Z
Redmi Buds 5,YouTube,lvZEoJDpaj0,OnePlus ❤❤❤❤🎉🎉🎉,2,2024-04-05T17:04:20Z
Redmi Buds 5,YouTube,lvZEoJDpaj0,कितने पैसे लिये red mi se,3,2024-04-05T16:39:49Z
Redmi Buds 5,YouTube,lvZEoJDpaj0,Xiaomi Next level par ja rha hai,17,2024-04-05T16:29:05Z
Redmi Buds 5,YouTube,lvZEoJDpaj0,Kon kon smjh gya redmi ke sath collaboration m video bna h😂😂,62,2024-04-05T13:12:15Z
Redmi Buds 5,YouTube,lvZEoJDpaj0,"I have nord buds 2 and I just love it.
Very high quality audio with the option to switch mode as per your preference.
Also, the case is small and cute.",8,2024-04-05T10:20:09Z
Redmi Buds 5,YouTube,lvZEoJDpaj0,Inke Sath Cmf ka Bhi Comparison Karo Bhai.,1,2024-04-05T09:33:36Z
Redmi Buds 5,YouTube,lvZEoJDpaj0,"Got nord buds 2 only for rs 2150 😁 , maine bahut sare reviews dekh ke liye hai aur sound quality me jadatar nord buds 2 win kar rha tha , 2000 se 3000  range ke ear buds  me",7,2024-04-05T08:42:55Z
Redmi Buds 5,YouTube,lvZEoJDpaj0,Without actually reviewing the gadgets and giving an opinion about them is like talking about a car without actually driving it.,13,2024-04-05T08:12:47Z
Redmi Buds 5,YouTube,lvZEoJDpaj0,Jaldi se comment Kar de ta hu like milega 😂😂😂😊😊😊,1,2024-04-05T07:56:01Z
Redmi Buds 5,YouTube,lvZEoJDpaj0,At this point my only issue with wireless earbuds is long term battery issues.,6,2024-04-05T07:38:13Z
Redmi Buds 5,YouTube,lvZEoJDpaj0,150₹ka earphone best hai😂,2,2024-04-05T07:01:26Z
Redmi Buds 5,YouTube,lvZEoJDpaj0,Pixel 7a or Motorola edge 50 pro main kosa better rhega pixel 6a use kar rha h par eska battery backup utna achha nhi h or heating issue bhi m. Mujhe slow charging or low refresh rate matter nhi krta konsa better option h pixel 7a or Motorola edge 50 pro,4,2024-04-05T06:41:44Z
Redmi Buds 5,YouTube,lvZEoJDpaj0,Me whi uses Headphones😀.,2,2024-04-05T06:37:18Z
Redmi Buds 5,YouTube,lvZEoJDpaj0,Boat Nirvana ion anc super earbuds hai,2,2024-04-05T06:27:13Z
Redmi Buds 5,YouTube,lvZEoJDpaj0,"Cmf ,oppo try Karo 
Dono se better h",14,2024-04-05T06:22:59Z
Redmi Buds 5,YouTube,lvZEoJDpaj0,Nothing buds pro ko bhool gaye kya 😂,2,2024-04-05T06:15:23Z
Redmi Buds 5,YouTube,lvZEoJDpaj0,Oneplus bud 3 review please,0,2024-04-05T06:09:09Z
Redmi Buds 5,YouTube,lvZEoJDpaj0,Realme t300 and Air 5 Buds Laughing in the Corner 🔥🔥,19,2024-04-05T06:01:42Z
Redmi Buds 5,YouTube,lvZEoJDpaj0,Buds of 3K .... video is not for me,64,2024-04-05T06:01:03Z
Redmi Buds 5,YouTube,lvZEoJDpaj0,Please don't like me,0,2024-04-05T05:52:15Z
Redmi Buds 5,YouTube,lvZEoJDpaj0,the smile on your face feels peaceful,2,2024-04-05T05:51:47Z
Redmi Buds 5,YouTube,lvZEoJDpaj0,Kya mera comment kabhi 1000 se jyada like milega,1,2024-04-05T05:49:34Z
Redmi Buds 5,YouTube,lvZEoJDpaj0,I just bought boat nirvana. I am getting 24hr play time with 70% volume,1,2024-04-05T05:45:02Z
Redmi Buds 5,YouTube,lvZEoJDpaj0,Hello😊,1,2024-04-05T05:35:41Z
Redmi Buds 5,YouTube,lvZEoJDpaj0,First comment,0,2024-04-05T05:35:30Z
Redmi Buds 5,YouTube,lvZEoJDpaj0,Jaldi se comment kr deta hu likes milenge 😅😅,2,2024-04-05T05:34:34Z
Redmi Buds 5,YouTube,lvZEoJDpaj0,james bond subscription number😂😅😂,2,2024-04-05T05:32:15Z
Redmi Buds 5,YouTube,lvZEoJDpaj0,Jaldi comments kardeta hu likes ayenge😅,0,2024-04-05T05:31:40Z
Redmi Buds 5,YouTube,L7QYGLhtclo,"🛒For the best deal and to support this channel, please purchase these Buds through the provided links. Thank you.
CMF Buds Pro- 
Flipkart- https://halpc.in/C9MDWh
Myntra- https://halpc.in/aORWdU

OnePlus Nord Buds 2
Amazon- https://halpc.in/NbMA4E
Flipkart- https://halpc.in/1LAA2g
Oneplus Official Site- https://halpc.in/2sBdIo

Redmi Buds 5
Amazon- https://halpc.in/zRbtim
Flipkart- https://halpc.in/h8F7bX",2,2024-04-14T04:10:25Z
Redmi Buds 5,YouTube,L7QYGLhtclo,I don't like bassy sound,0,2025-04-27T12:53:45Z
Redmi Buds 5,YouTube,L7QYGLhtclo,Ye video mai redmi buds 5 se hi dekh raha hu 😂,0,2025-02-11T15:10:08Z
Redmi Buds 5,YouTube,L7QYGLhtclo,Redmi kre phone bud2 function use kr payenge ki nhi plz reply,0,2025-01-27T07:20:36Z
Redmi Buds 5,YouTube,L7QYGLhtclo,redmi buds 5 op❤,0,2024-09-28T13:08:43Z
Redmi Buds 5,YouTube,L7QYGLhtclo,Review dena hai .. apna opinion nahi,1,2024-07-02T16:53:26Z
Redmi Buds 5,YouTube,L7QYGLhtclo,Biased review. As a youtuber u should have given overview of sound first bcoz its an audio gadget. Oneplus and CMF have heavy bass which suppress the vocals and treble at the same time redmi buds 5 provide balanced sound comparatively. Also looks and dimension differs from person to person choice.,3,2024-06-28T07:18:54Z
Redmi Buds 5,YouTube,L7QYGLhtclo,redmi shi hi ensb me esko pta he nhi hi itna faaltu experience share kr rha hi build quality se kabaddi khelna hi kya😂,2,2024-06-07T01:41:50Z
Redmi Buds 5,YouTube,L7QYGLhtclo,which is better cmf by nothing earbuds (RS  2000) or Realme air 5 (RS 2500),1,2024-06-03T05:30:36Z
Redmi Buds 5,YouTube,L7QYGLhtclo,"For iOS which is better, realme t300 or redmi bud 5 or cmf earbuds",3,2024-06-01T14:10:20Z
Redmi Buds 5,YouTube,L7QYGLhtclo,"bhai , clear vocals , proper instrumental seperation , good anc chahiye to konsa sahi hoga                                redmi 2400 , cmf 2500 , oneplus 2800",1,2024-05-28T13:44:13Z
Redmi Buds 5,YouTube,L7QYGLhtclo,accha khasa paysa diya hein OnePlus wale😜,14,2024-05-15T17:27:59Z
Redmi Buds 5,YouTube,L7QYGLhtclo,what about realme buds air 5,2,2024-05-12T14:24:25Z
Redmi Buds 5,YouTube,L7QYGLhtclo,Bro does not need paid promotion he needs a wig...,4,2024-05-04T08:24:36Z
Redmi Buds 5,YouTube,L7QYGLhtclo,Are you serious about the mic test verdict? like even after listening to your own test??,1,2024-04-29T08:11:07Z
Redmi Buds 5,YouTube,L7QYGLhtclo,Sir kaunsa lu pls bata do rs  2000 or above plss reply,1,2024-04-24T16:29:35Z
Redmi Buds 5,YouTube,L7QYGLhtclo,What about oppo Enco Air 2 pro? Where eould it rank between these?,2,2024-04-12T10:00:28Z
Redmi Buds 5,YouTube,L7QYGLhtclo,"Ek CMF Buds ke saath bhi comparision kardo cmf buds pro ka
currently price difference 200 hai dono me toh confused hu bahut",3,2024-04-09T18:36:19Z
Redmi Buds 5,YouTube,L7QYGLhtclo,"Hello sir , i recently buy cmf buds pro i hava got same problem but my right piece is not working, what should i do. No, service centre (charkhi dadri, Haryana",3,2024-04-09T15:51:50Z
Redmi Buds 5,YouTube,L7QYGLhtclo,Tws or neckband pe video banao ❤❤❤,1,2024-04-09T15:04:16Z
Redmi Buds 5,YouTube,L7QYGLhtclo,"bhai ye thumbnail accha hai par mai
best under tws 3000 aaise padha ja raha hai wo 
best ke niche tws likho na ki under",2,2024-04-09T14:33:03Z
Redmi Buds 5,YouTube,L7QYGLhtclo,Which buds should i buy under 2000 rs please reply,4,2024-04-09T11:53:51Z
Redmi Buds 5,YouTube,L7QYGLhtclo,"Which buds do u recommend best under Rs.3000 - Realme T300 or CMF Buds Pro by Nothing or Redmi Buds 5. Also, pls tell considering factors like sound quality, bass experience, good clear calling on other side in normal fan environment, decent Anc, dual device pairing, Google Fast pair and good battery backup along and app.",8,2024-04-09T11:29:42Z
Redmi Buds 5,YouTube,L7QYGLhtclo,Main apka video Puri se dekh Raha hun,5,2024-04-09T10:42:07Z
Redmi Buds 5,YouTube,Dm3Zo7j4fo0,Jaiiiii hooooo radheeee ❤❤❤❤ 0:08 0:08 0:08 0:08,1,2026-01-02T16:40:57Z
Redmi Buds 5,YouTube,Dm3Zo7j4fo0,Oneplus have better mike overall redmi best❤,0,2025-12-26T07:18:21Z
Redmi Buds 5,YouTube,Dm3Zo7j4fo0,I have both 😂,0,2025-11-17T15:57:01Z
Redmi Buds 5,YouTube,Dm3Zo7j4fo0,Redmi works with IOs?,0,2025-11-06T15:29:25Z
Redmi Buds 5,YouTube,Dm3Zo7j4fo0,ऑर्डर कीया हैं आयेगा तब देखते हैं,1,2025-07-18T05:25:45Z
Redmi Buds 5,YouTube,Dm3Zo7j4fo0,Realme buds air 6 vs oppo enco buds air 3 vs oneplus nord 3 pro in teeno ka ek sath ek vs comparison video chahiye,0,2025-05-29T04:49:30Z
Redmi Buds 5,YouTube,Dm3Zo7j4fo0,Noise cancellation kiski achi hai bike me  use karne k time,0,2025-03-27T18:36:40Z
Redmi Buds 5,YouTube,Dm3Zo7j4fo0,Bought for 1194/-...,0,2025-03-10T03:42:29Z
Redmi Buds 5,YouTube,Dm3Zo7j4fo0,ordered redmi bud for 1200 today......and cancelled realme t310 which i got for 1700,4,2025-03-09T05:45:50Z
Redmi Buds 5,YouTube,Dm3Zo7j4fo0,i think oneplus sounds better when it comes to tge mic performance,0,2025-03-09T05:44:25Z
Redmi Buds 5,YouTube,Dm3Zo7j4fo0,Thnx u ☺️,0,2024-12-12T15:00:59Z
Redmi Buds 5,YouTube,Dm3Zo7j4fo0,Redmi mae mother board issue Toa nahi hoga ?😂,1,2024-10-17T09:31:13Z
Redmi Buds 5,YouTube,Dm3Zo7j4fo0,Bhai pls iqoo 1e unboxing,0,2024-10-04T03:31:28Z
Redmi Buds 5,YouTube,Dm3Zo7j4fo0,Redmi Buds 5   1499 ko mil raha hai BBD me❤❤,2,2024-10-02T16:30:30Z
Redmi Buds 5,YouTube,Dm3Zo7j4fo0,Better choice redmi buds 5,0,2024-09-28T19:18:13Z
Redmi Buds 5,YouTube,Dm3Zo7j4fo0,Redmile buds 5 ka gaming  test karo😅❤,0,2024-09-27T04:36:53Z
Redmi Buds 5,YouTube,Dm3Zo7j4fo0,Mi bakbaas,0,2024-09-26T00:29:09Z
Redmi Buds 5,YouTube,Dm3Zo7j4fo0,Mi ka buds 5 tatti buds hai koi mat lena,0,2024-09-26T00:28:56Z
Redmi Buds 5,YouTube,Dm3Zo7j4fo0,I like redmi ❤❤,0,2024-09-25T08:03:04Z
Redmi Buds 5,YouTube,Dm3Zo7j4fo0,"Today i ordered ONEPLUS NORD buds 2 at ₹2199
Lowest price ever❤",0,2024-09-18T17:22:39Z
Redmi Buds 5,YouTube,Dm3Zo7j4fo0,"Love from vasai:- mujhe OnePlus buds 2, 1.4k rs mai milra hai red cable offers se luuu kya?????? Please reply",2,2024-09-17T08:36:13Z
Redmi Buds 5,YouTube,Dm3Zo7j4fo0,"do mic test of all tws, wired earphones, in 4 types of enviornment: 
1. on road in traffic or in fish market where there is noise., 
2. in home when there is a party or family quaralling or mixer running, or siblings watching tv, so we know if other noise is cancelled
3. on bike wearing helmet, without helmet to check winds
4. sitting below AC wind, or fan in fast mode, to check if wind noise is captured.",1,2024-09-13T10:26:08Z
Redmi Buds 5,YouTube,Dm3Zo7j4fo0,He is promoting redmi,0,2024-09-07T08:45:26Z
Redmi Buds 5,YouTube,Dm3Zo7j4fo0,Realme air 5 yaa fir redmi buds 5,1,2024-08-24T18:31:05Z
Redmi Buds 5,YouTube,Dm3Zo7j4fo0,"One plus is way better than these buds , clear winner is one plus, bhai tu phle thk se music suna kr , sabse clear ar bassy sound h one plus ka",0,2024-08-13T17:25:08Z
Redmi Buds 5,YouTube,Dm3Zo7j4fo0,Redmi earbuds ki sound quality achi rehti hai...,0,2024-08-11T05:03:21Z
Redmi Buds 5,YouTube,Dm3Zo7j4fo0,OnePlus ❤,0,2024-08-08T13:40:58Z
Redmi Buds 5,YouTube,Dm3Zo7j4fo0,Redmi BEST ❤,3,2024-08-08T13:02:10Z
Redmi Buds 5,YouTube,Dm3Zo7j4fo0,"Hey 
My budget is 2000
One plus nord 2 and redmi 5C both at 1999
Which is worth for the price and for long run?
Thank you",5,2024-08-04T05:39:22Z
Redmi Buds 5,YouTube,Dm3Zo7j4fo0,one plus 3 saal poorana h fr bhi takkr pe h ye acchi bat h,0,2024-07-26T12:47:30Z
Redmi Buds 5,YouTube,Dm3Zo7j4fo0,Redmi❤,0,2024-07-10T05:56:07Z
Redmi Buds 5,YouTube,Dm3Zo7j4fo0,eske khne par mene infinix zero 5g liya sale ne kha tha heat nhi hota par bhut he ganda wala heat hota hai,1,2024-07-06T04:18:08Z
Redmi Buds 5,YouTube,Dm3Zo7j4fo0,waaah👏🏻👏🏻👏🏻,0,2024-06-17T17:52:23Z
Redmi Buds 5,YouTube,Dm3Zo7j4fo0,Mai abhi Redmi buds 5 me sun rha hun,7,2024-06-16T18:45:12Z
Redmi Buds 5,YouTube,Dm3Zo7j4fo0,Bhaiya aap Realme buds 5 vs Redmi buds 5 ka comparison lekr aayiyea,0,2024-06-15T13:35:07Z
Redmi Buds 5,YouTube,Dm3Zo7j4fo0,Redmi buds under 2.5k me mil raha hai lu ya nhi,0,2024-06-02T06:44:18Z
Redmi Buds 5,YouTube,Dm3Zo7j4fo0,I'm confused under 3000,1,2024-05-23T12:00:56Z
Redmi Buds 5,YouTube,Dm3Zo7j4fo0,"Apke recommendation best hote h bhaiya 
Mujhe under 3000 earphone lene h toh kon se lu plz bta do",1,2024-05-23T11:59:34Z
Redmi Buds 5,YouTube,Dm3Zo7j4fo0,"mujhe 1700 me nord 2
1000 me nord 2r.....mil rha hai konsa lu jaldi batao bhai",0,2024-05-12T10:25:09Z
Redmi Buds 5,YouTube,Dm3Zo7j4fo0,"Redmi sound in call is more raw.
One plus sound is little soft which sounds good.",17,2024-05-10T12:50:24Z
Redmi Buds 5,YouTube,Dm3Zo7j4fo0,Redmi walo se mota paisa mila hai lagta hai 😮,0,2024-05-02T16:58:33Z
Redmi Buds 5,YouTube,Dm3Zo7j4fo0,Very informative video... Redmi is good one option,1,2024-04-30T11:03:41Z
Redmi Buds 5,YouTube,Dm3Zo7j4fo0,"Never buy ONE+ Buds for amount over 5k +, I bought One+ Buds 2 @ 10K, after 1 year bettery got discharge immediately, and connection issue started within 6 month, need frequently reboot the system of Buds.",0,2024-04-30T11:02:48Z
Redmi Buds 5,YouTube,Dm3Zo7j4fo0,Try oppo earbuds,0,2024-04-28T14:00:59Z
Redmi Buds 5,YouTube,Dm3Zo7j4fo0,realms Ka Sb Se Mehnga And Redmi Ka Sabse Mehnga Ear Buds Ka Comprision video Banawo,3,2024-04-23T19:40:59Z
Redmi Buds 5,YouTube,Dm3Zo7j4fo0,1700 me aj one plus buds 2r order kia hai rate ke point of view de kaisa h,1,2024-04-23T13:31:50Z
Redmi Buds 5,YouTube,Dm3Zo7j4fo0,Bhai 2000 ke aandar sabse accha kaun sa hai earbuds. Latency se fark nhi padta bas sound quality and anc accha hona chaiye.,2,2024-04-17T17:43:39Z
Redmi Buds 5,YouTube,Dm3Zo7j4fo0,Bro please tell me which one is best redmi earbuds 5 or boat nirvan Anc,4,2024-04-16T17:54:23Z
Redmi Buds 5,YouTube,Dm3Zo7j4fo0,❤❤❤❤❤,0,2024-04-15T18:03:04Z
Redmi Buds 5,YouTube,Dm3Zo7j4fo0,Hoppop Padiator xo 1 tws reviewp please bro,1,2024-04-15T08:14:00Z
Redmi Buds 5,YouTube,Dm3Zo7j4fo0,OnePlus me bhi Google fast pairing milta hai. Mai use kar Raha hoon ek saal se aur Google fast pairing hai. Wrong information 😢😢,6,2024-04-11T11:34:34Z
Redmi Buds 5,YouTube,Dm3Zo7j4fo0,Don't buy oneplud nord buds2...In my experience i got 3 replacement within 5 months,0,2024-04-11T10:02:13Z
Redmi Buds 5,YouTube,Dm3Zo7j4fo0,Is redmi buds 5 the best under 3000 for gaming and music? Plz reply,5,2024-04-06T02:47:02Z
Redmi Buds 5,YouTube,Dm3Zo7j4fo0,iphone ke sath koi problem hoga kya??? pls reply!!!,5,2024-04-05T10:26:10Z
Redmi Buds 5,YouTube,Dm3Zo7j4fo0,Oppo Enco air 2 pro at 3200 ❤,0,2024-04-04T16:38:15Z
Redmi Buds 5,YouTube,Dm3Zo7j4fo0,Appki video dekh ke mene vivo x100 liya he bs buds bata do gaming ke liye konsa best rahega,2,2024-04-01T16:48:52Z
Redmi Buds 5,YouTube,Dm3Zo7j4fo0,Gaming ke liye konsa better hai,1,2024-04-01T16:48:07Z
Redmi Buds 5,YouTube,Dm3Zo7j4fo0,"Hii
Bai can you compare the nothing buds vs redmi 5",0,2024-03-31T16:52:36Z
Redmi Buds 5,YouTube,Dm3Zo7j4fo0,Ai call voice enhancement ka test jha noice ho udhar kro to jyada idea aata he vese bhi room me bethe bethe to koy bhi aavaj nhi hi aati he,0,2024-03-31T02:14:58Z
Redmi Buds 5,YouTube,Dm3Zo7j4fo0,Mai abhi OnePlus Nord 2 buds se he sun rha hun,10,2024-03-30T04:34:25Z
Redmi Buds 5,YouTube,Dm3Zo7j4fo0,Realme buds air 5 ??,1,2024-03-29T18:03:14Z
Redmi Buds 5,YouTube,Dm3Zo7j4fo0,As a user of nord buds for a log time I jut say that Design of Nord Buds and Buds 2 r very bad and not useable for long time,20,2024-03-29T16:47:28Z
Redmi Buds 5,YouTube,Dm3Zo7j4fo0,I have a OnePlus Nord 2t phone. So which is good for me,5,2024-03-29T12:16:21Z
Redmi Buds 5,YouTube,Dm3Zo7j4fo0,SIR BEST TWS FOR GAMING BATAYE 1K SE 3K TAK ❤❤❤,2,2024-03-29T08:56:32Z
Redmi Buds 5,YouTube,Dm3Zo7j4fo0,IQOO 12 ka long term review nhi laoge kya ?,2,2024-03-29T08:52:48Z
Redmi Buds 5,YouTube,Dm3Zo7j4fo0,😍😍😍,0,2024-03-29T07:54:29Z
Redmi Buds 5,YouTube,Dm3Zo7j4fo0,Will try one of this for sure,0,2024-03-29T07:54:10Z
Redmi Buds 5,YouTube,Dm3Zo7j4fo0,C type earphone k lite video bana do please,3,2024-03-29T07:53:35Z
Redmi Buds 5,YouTube,Dm3Zo7j4fo0,Redmi wale Comment ko like kr do 😅,1,2024-03-29T07:48:38Z
Redmi Buds 5,YouTube,Dm3Zo7j4fo0,Mene OnePlus use kiya hai ears mai itne comfortable nai hai jitne redmi hai,0,2024-03-29T05:53:49Z
Redmi Buds 5,YouTube,Dm3Zo7j4fo0,Haal chaal kharab hai,0,2024-03-29T05:49:05Z
Redmi Buds 5,YouTube,Dm3Zo7j4fo0,Op Bhai,0,2024-03-29T05:47:59Z
Redmi Buds 5,YouTube,Dm3Zo7j4fo0,I am using OnePlus buds,0,2024-03-29T05:45:53Z
Redmi Buds 5,YouTube,Dm3Zo7j4fo0,Redmi k buds sahi Mai aache hai,0,2024-03-29T05:44:05Z
Redmi Buds 5,YouTube,Dm3Zo7j4fo0,"gaming buds konsa assa hai bataw bro 
tar wala headphones kharit kharit kee vikari banchuka huu#😭",0,2024-03-29T05:03:54Z
Redmi Buds 5,YouTube,Dm3Zo7j4fo0,Audio leak lisme kam h?  And loud kisme h jyada music,0,2024-03-28T20:25:10Z
Redmi Buds 5,YouTube,Dm3Zo7j4fo0,Me watching with OnePlus buds 2r 😂😂😂,0,2024-03-28T18:52:03Z
Redmi Buds 5,YouTube,Dm3Zo7j4fo0,Sir abhi around 40k one plus 12r or Samsungs23fe mese konsa lena chahiye thoda bahut gaming aur movies jyada dekhta hu,1,2024-03-28T18:40:24Z
Redmi Buds 5,YouTube,Dm3Zo7j4fo0,Itne saal baad one plus ka review 😂😁😄,4,2024-03-28T18:39:22Z
Redmi Buds 5,YouTube,Dm3Zo7j4fo0,Realme t300 best 🔥,0,2024-03-28T18:38:48Z
Redmi Buds 5,YouTube,Dm3Zo7j4fo0,Boult astraa tws pe review karoo plzzz,1,2024-03-28T18:06:57Z
Redmi Buds 5,YouTube,Dm3Zo7j4fo0,Vote for Compare with cms,0,2024-03-28T16:54:32Z
Redmi Buds 5,YouTube,Dm3Zo7j4fo0,paji ek to de do ❤❤❤,0,2024-03-28T16:37:01Z
Redmi Buds 5,YouTube,Dm3Zo7j4fo0,Please review honar pad 9,1,2024-03-28T16:20:20Z
Redmi Buds 5,YouTube,Dm3Zo7j4fo0,Please compare nothing buds with redmi buds 5,0,2024-03-28T16:05:14Z
Redmi Buds 5,YouTube,Dm3Zo7j4fo0,please make video for  Dual Pairing tws available  in market,1,2024-03-28T15:57:25Z
Redmi Buds 5,YouTube,Dm3Zo7j4fo0,"Bhai OnePlus buds Nord 2 vs boult z20 karo bhai 
Main boult z20 buds 2 year se use kar Raha hu yeh buds 11000 rs me buy kare the .
To Bhai ek baar iski bhi vs Kara do........
Bhai yeh video bhi bahut achhi banai hai 👍👍👍👍👍",0,2024-03-28T14:48:54Z
Redmi Buds 5,YouTube,Dm3Zo7j4fo0,Redmi earbuds is really good any situation and features etc ❤️❤️,21,2024-03-28T14:43:25Z
Redmi Buds 5,YouTube,Dm3Zo7j4fo0,I want boat 131 pro review plz plz 😢❤❤❤❤,0,2024-03-28T14:34:52Z
Redmi Buds 5,YouTube,Dm3Zo7j4fo0,Best 1000 under tws,0,2024-03-28T13:38:18Z
Redmi Buds 5,YouTube,Dm3Zo7j4fo0,Sir plz best type c to 3.5mm adapter par video banaiye for gaming,1,2024-03-28T13:05:28Z
Redmi Buds 5,YouTube,Dm3Zo7j4fo0,"bhiya me ab online study karne city me jaaa  raha hu budget me gadget for student in budget category ki video bana do please 
huge love you 3000",1,2024-03-28T12:55:49Z
Redmi Buds 5,YouTube,Dm3Zo7j4fo0,bro headphone under 1000 for student please,2,2024-03-28T12:53:37Z
Redmi Buds 5,YouTube,Dm3Zo7j4fo0,भाई इतने सारे फोन है एक फोन मुझे भी गिफ्ट करदो😂😂,1,2024-03-28T12:48:03Z
Redmi Buds 5,YouTube,Dm3Zo7j4fo0,Bhai Honor pad 9 Unboxing kab karoge 😢,0,2024-03-28T12:39:41Z
Redmi Buds 5,YouTube,Dm3Zo7j4fo0,"Hello Bhaiya
Mane ₹1300 me Boult z40 pro liya hai
Kya ye iss price segment me best hai?",0,2024-03-28T12:13:32Z
Redmi Buds 5,YouTube,Dm3Zo7j4fo0,Redmi buds 5 is the best,0,2024-03-28T11:50:18Z
Redmi Buds 5,YouTube,Dm3Zo7j4fo0,"If you're someone who loses their earbuds alot, just go for boat 141 it gets the job done lasts a whole week and is just for 1000₹.",11,2024-03-28T11:34:21Z
Redmi Buds 5,YouTube,Dm3Zo7j4fo0,Bgmi test iqoo 12 vs vivo x100 pro,1,2024-03-28T11:09:43Z
Redmi Buds 5,YouTube,Dm3Zo7j4fo0,Bhai type c gaming earphones under 2000 ke uper video banaho please please 🙏🏻,3,2024-03-28T11:08:59Z
Redmi Buds 5,YouTube,Dm3Zo7j4fo0,I qoo 12 vs vivo x100 ka comp karo❤,0,2024-03-28T11:08:30Z
Redmi Buds 5,YouTube,Dm3Zo7j4fo0,Buy one plus Nord,0,2024-03-28T11:06:39Z
Redmi Buds 5,YouTube,Dm3Zo7j4fo0,Gaming tws 5000❤❤,2,2024-03-28T11:04:56Z
Redmi Buds 5,YouTube,Dm3Zo7j4fo0,Redmi ka price abhi 2659 hai,1,2024-03-28T11:03:34Z
Redmi Buds 5,YouTube,Dm3Zo7j4fo0,redmi ka design gazab ha,16,2024-03-28T10:55:54Z
Redmi Buds 5,YouTube,Dm3Zo7j4fo0,Fake item ka kiue dikate hy   ?????????,0,2024-03-28T10:50:58Z
Redmi Buds 5,YouTube,Dm3Zo7j4fo0,I'm using wings air buds HD dts sound,1,2024-03-28T10:50:02Z
Redmi Buds 5,YouTube,Dm3Zo7j4fo0,"Review of future Best selling android phone ???  

( ha hum toh 3-4 mahine baad price drop ke baad he kharidenge,,,,😂) aup review karo A55 ka 33k mei eya offline mei future mei aram se available hoga A54 ke time humne check kiya tha ,,,,online se kafi kaam price mei eya offline mei milta hai.",3,2024-03-28T10:45:39Z
Redmi Buds 5,YouTube,Dm3Zo7j4fo0,Happy birthday 🎉🥳,0,2024-03-28T10:44:01Z
Redmi Buds 5,YouTube,Dm3Zo7j4fo0,Thank,0,2024-03-28T10:43:24Z
Redmi Buds 5,YouTube,Dm3Zo7j4fo0,Onepuls 3ce3 5g  vs  redmi note13 pro compere video,0,2024-03-28T10:37:05Z
Redmi Buds 5,YouTube,Dm3Zo7j4fo0,bhai 1 question hai- ki fhd qhd wale phone me 4k video kaise playback hoti hai unki capacity to hai hi nahi itni❤,0,2024-03-28T10:36:57Z
Redmi Buds 5,YouTube,Dm3Zo7j4fo0,Bahi type c headphone bata do bhai nahi today acha wala  3.5 to c type adapter suggest kar do,0,2024-03-28T10:36:04Z
Redmi Buds 5,YouTube,Dm3Zo7j4fo0,Jai shree ram ❤,3,2024-03-28T10:35:49Z
Redmi Buds 5,YouTube,Dm3Zo7j4fo0,Sir First view Nice Your Video ❤❤❤,0,2024-03-28T10:34:11Z
Redmi Buds 5,YouTube,Dm3Zo7j4fo0,Wow sooooo nice videoooooo ❤❤❤,0,2024-03-28T10:34:05Z
Redmi Buds 5,YouTube,Dm3Zo7j4fo0,Bhaiya ek balanced phone chaiye under 45k konsa lu,2,2024-03-28T10:34:00Z
Redmi Buds 5,YouTube,Dm3Zo7j4fo0,iPhone 13 vs iqoo 12😊,0,2024-03-28T10:33:45Z
Redmi Buds 5,YouTube,Dm3Zo7j4fo0,Today is my birthday❤❤🎉🎉,77,2024-03-28T10:33:38Z
Redmi Buds 5,YouTube,Yrhw2de12Es,Redmi buds 5 1500 ka he,3,2025-12-03T16:08:47Z
Redmi Buds 5,YouTube,Yrhw2de12Es,best vdo...sara doubt solve kr diya bro aapne...nice effort👍,3,2025-01-31T17:25:40Z
Redmi Buds 5,YouTube,Yrhw2de12Es,Sab Se Best Hai OnePlus Nord Buds 3 Pr ❤,0,2024-11-11T18:44:51Z
Redmi Buds 5,YouTube,Yrhw2de12Es,Realme Dual Paring hai Bhai 😅,0,2024-11-11T18:40:17Z
Redmi Buds 5,YouTube,Yrhw2de12Es,Redmi buds 5 or cfm ?,1,2024-10-30T04:02:13Z
Redmi Buds 5,YouTube,Yrhw2de12Es,Bass might feel overwhelming but believe bass is really really bad for our ears...just don't listen to bass boosted songs,3,2024-10-02T14:05:32Z
Redmi Buds 5,YouTube,Yrhw2de12Es,Bhai realme buds air 5 ke left Wale buds me in ear dectect play pause nhi ho rha sirf right wala me hi hota h ye issue hai ya ki bss right Wale buds se hi hota h please reply,0,2024-09-19T09:54:41Z
Redmi Buds 5,YouTube,Yrhw2de12Es,Which should I take realme air 5 OR realme t310,1,2024-09-16T17:26:46Z
Redmi Buds 5,YouTube,Yrhw2de12Es,"Redmi 5 VS qcy melobuds pro ? 😊 
Which one is best ?",1,2024-09-13T11:36:28Z
Redmi Buds 5,YouTube,Yrhw2de12Es,Jab ap so so ka use karthaho na😅,0,2024-08-24T20:10:20Z
Redmi Buds 5,YouTube,Yrhw2de12Es,Redmi bro,0,2024-07-15T04:46:53Z
Redmi Buds 5,YouTube,Yrhw2de12Es,Boat supreme is best at rs 1399 🎉,0,2024-07-10T12:44:45Z
Redmi Buds 5,YouTube,Yrhw2de12Es,"Hello sir kounsa best rahega redmi buds ,realmi air 5 ,cmf buds pro OnePlus Nord buds 2 for music and call 😅 please suggest me",0,2024-06-21T17:06:04Z
Redmi Buds 5,YouTube,Yrhw2de12Es,"real me ka quality acha tha brro, redmi bkwass tha",0,2024-06-08T04:38:35Z
Redmi Buds 5,YouTube,Yrhw2de12Es,Bro in ANC which is better ?,1,2024-05-31T10:48:59Z
Redmi Buds 5,YouTube,Yrhw2de12Es,Bhaiya apne sahi kaha ek earbuds ka moc hi kam krta h,0,2024-05-31T09:32:19Z
Redmi Buds 5,YouTube,Yrhw2de12Es,bewkoof h kya be realmi wale ka sound better tha trafic me,0,2024-05-30T10:59:43Z
Redmi Buds 5,YouTube,Yrhw2de12Es,Realme buds air 6 vs Redmi buds 5 detailed comparison 🙏,3,2024-05-27T15:09:55Z
Redmi Buds 5,YouTube,Yrhw2de12Es,I m 100th like😅😅,0,2024-05-27T03:51:10Z
Redmi Buds 5,YouTube,Yrhw2de12Es,Sir realme air 6 vs redmi 5 buds konse lu please reply kl lene h,1,2024-05-26T16:45:32Z
Redmi Buds 5,YouTube,Yrhw2de12Es,Realem air 6 will launch tomorrow so bring video on it😊,0,2024-05-26T08:59:47Z
Redmi Buds 5,YouTube,Yrhw2de12Es,Bhai redmi buds ko single use kar sakte he kya ...matlab ek use karunga or dusra case me charge to hoga ya phor o bhi bajega box me,0,2024-05-26T03:35:07Z
Redmi Buds 5,YouTube,Yrhw2de12Es,Bhai compare redmi buds 5 with cmf buds,1,2024-05-26T02:54:55Z
Redmi Buds 5,YouTube,Yrhw2de12Es,Anyway does anyone have any idea when will redmi buds 6 launch?,0,2024-05-26T02:43:20Z
Redmi Buds 5,YouTube,Yrhw2de12Es,Mujhe laga tha realme buds air 6 mein dual pairing aa jayega😮‍💨... Thats a deal breaker for me... I will go for surely go for redmi buds 5 😊,2,2024-05-26T02:42:23Z
Redmi Buds 5,YouTube,Yrhw2de12Es,Compare Realme buds air 6 and Redmi buds 5,1,2024-05-25T16:42:37Z
Redmi Buds 5,YouTube,Yrhw2de12Es,Realme Air bads 6 new loncha huva hi review,0,2024-05-25T09:13:50Z
Redmi Buds 5,YouTube,Yrhw2de12Es,Realme buds neo 3 wireless neckband ka unboxing and review karo please 😅❤,0,2024-05-24T07:44:32Z
Redmi Buds 5,YouTube,Yrhw2de12Es,Bhai realme ka call quality behtar hain,0,2024-05-23T17:08:39Z
Redmi Buds 5,YouTube,Yrhw2de12Es,"Realme buds air 6 vs air 5
Kaunsa better hai
Pls reply fast",0,2024-05-23T11:31:24Z
Redmi Buds 5,YouTube,Yrhw2de12Es,Brother konse bud mai zada loud voice h please tell me 😢😢,0,2024-05-22T19:16:54Z
Redmi Buds 5,YouTube,Yrhw2de12Es,Realme buds air 6 launch hogaya,0,2024-05-22T14:51:51Z
Redmi Buds 5,YouTube,Yrhw2de12Es,"For the last 2 weeks, I've been searching for a comparison between these 2 earphones and I didnt find a single video. I already ordered the realme buds 5 and its on the way. The only issue ive read in the reviews is that the left bud stops working in the case of redmi. And for realme, the quality of the box is terrible and the toich control isn't that good. Thanks for uploading this video brother 🙏🏻. I can finally make a choice.",2,2024-05-22T12:41:10Z
Redmi Buds 5,YouTube,Yrhw2de12Es,Dono me best kaun sa hai sir,1,2024-05-22T09:50:35Z
Redmi Buds 5,YouTube,Yrhw2de12Es,the first one to say redmi is better... i feel you are biased towards redmi.. which is ok.,1,2024-05-22T09:31:33Z
Redmi Buds 5,YouTube,Yrhw2de12Es,Bhai Redmi call quality to fuddu lagri video me,1,2024-05-22T07:56:09Z
Redmi Buds 5,YouTube,Yrhw2de12Es,Realme is better for base. But redmi is better for voice. I'll personally choose redmi 👍👍,16,2024-05-21T17:57:03Z
Redmi Buds 5,YouTube,Yrhw2de12Es,"Redmi ka call quality ekdum ghatiya laga mujhko, pata nahi aapko kis angle se achha laga.",16,2024-05-21T17:44:19Z
Redmi Buds 5,YouTube,Yrhw2de12Es,Redmi 5 mere ko 2200 ka mil raha hai acha hai kya?,0,2024-05-21T17:15:12Z
Redmi Buds 5,YouTube,Yrhw2de12Es,best audio youtuber handsdown,1,2024-05-21T17:03:50Z
Redmi Buds 5,YouTube,Yrhw2de12Es,"Redmi mast hai bai, mere pass hai super cl qlty, melodi song top level ka hai",0,2024-05-21T16:34:59Z
Redmi Buds 5,YouTube,Yrhw2de12Es,Redmi buds 5a review when bro,1,2024-05-21T15:49:34Z
Redmi Buds 5,YouTube,Yrhw2de12Es,Redmi is getting better,2,2024-05-21T15:48:32Z
Redmi Buds 5,YouTube,whrvdSQCR7Y,Bhai realme me bass kaha kho😢gya tha pata hi nahi chala,0,2025-12-01T07:16:01Z
Redmi Buds 5,YouTube,whrvdSQCR7Y,"I have realmi t300

Sound quality 9.5 ✨✨
The Bass 9.7😍🔥🌋🌋
Amezing quality..
Worth money, 💰 💐🔥🔥🔥🌋✨💰
Any question u can ask me",1,2025-03-01T02:47:30Z
Redmi Buds 5,YouTube,whrvdSQCR7Y,"waah bhai
no mention of Battery in the whole video what a review",2,2024-10-30T09:05:53Z
Redmi Buds 5,YouTube,whrvdSQCR7Y,T310 aur redmi buds 5 me se konsa bdia hai?,1,2024-10-04T09:31:52Z
Redmi Buds 5,YouTube,whrvdSQCR7Y,"Redmi buds 5 1300 me order kiya hu kya ye music ke liye accha hai . Yaa phir order cancel kardu

Edit - today i recieved original product.steal deal product for 1300 rs. Sound quality is amazing anc work decent also all gestures work smoothly,  superfast instant pairing and also i like fast charge features vocals are clear but bass is less and not punchy not for bass lovers. Definitely these buds are worth for rs 1300 but dont buy if price is above 2000. For rs 2000 go for realme or oppo.",8,2024-10-02T17:28:42Z
Redmi Buds 5,YouTube,whrvdSQCR7Y,Abhi redmi bud 5 1300 ka mil rha h,0,2024-10-02T16:42:53Z
Redmi Buds 5,YouTube,whrvdSQCR7Y,I am listening the sound test with oppo enco buds 2😂🤣,0,2024-10-01T18:12:33Z
Redmi Buds 5,YouTube,whrvdSQCR7Y,1700 aur 1800 ke mil rhe sir (realme r redmi respectively) konsa lu?,0,2024-10-01T08:38:38Z
Redmi Buds 5,YouTube,whrvdSQCR7Y,Realme t310 vs redmi bud 5 .. Which is better for calling and music clarity,1,2024-09-19T17:18:05Z
Redmi Buds 5,YouTube,whrvdSQCR7Y,"overall which you suggest to buy  between rm t300 n redmi bud 5?, they got same price atm, hope you can help, i understand english only",1,2024-08-24T05:38:06Z
Redmi Buds 5,YouTube,whrvdSQCR7Y,Realme is better. Реалме лучше по качеству звука ощутимо. Да и по микрофонам немного лучше.,2,2024-08-22T17:03:12Z
Redmi Buds 5,YouTube,whrvdSQCR7Y,Thanks,0,2024-08-20T13:59:55Z
Redmi Buds 5,YouTube,whrvdSQCR7Y,Bhai redmi buds 5 a or boat 131 elite anc ka comparison dekho😢,2,2024-07-22T12:06:04Z
Redmi Buds 5,YouTube,whrvdSQCR7Y,Bro i lost my one siad bud so how to connect another bud bro redmi 5 right siad how i connet,3,2024-07-21T03:07:36Z
Redmi Buds 5,YouTube,whrvdSQCR7Y,"6:45 - тест.
Редми лучше!",0,2024-04-30T14:30:56Z
Redmi Buds 5,YouTube,whrvdSQCR7Y,REDMI BUD 5 VS REALME BUD AIR 5,0,2024-04-24T15:32:29Z
Redmi Buds 5,YouTube,whrvdSQCR7Y,Bro mere pas redmi note 13 pro plus hai and mera budget 2500 hai koi achha tws batav music se compromise nahi karna chahta hu,0,2024-04-23T19:03:09Z
Redmi Buds 5,YouTube,whrvdSQCR7Y,Bro i got stuck to buy airpods from  three 1.realme t300 2. Redmi buds 5 3.boat nirvana ion anc which i buy. I need to buy till tommorow. Please give me detail so i can buy fast now,2,2024-04-23T16:39:55Z
Redmi Buds 5,YouTube,whrvdSQCR7Y,"can you tell me which is better? 

Realme T 300
Huwaei se 2
Anker life note 3i",0,2024-04-18T17:55:25Z
Redmi Buds 5,YouTube,whrvdSQCR7Y,question bhai Flipkart me 1889 me mil raha aur myntra me 1784 to kon se platform se lu ?,0,2024-04-03T16:35:44Z
Redmi Buds 5,YouTube,whrvdSQCR7Y,Bhaiya outdoor calling and ache bass k liye kon s best h CMF buds ya Realme t 300,0,2024-03-31T11:01:01Z
Redmi Buds 5,YouTube,whrvdSQCR7Y,3:34 dual device pairing h realme buds T300 me. Gumrah krta h public ko. 😅,1,2024-03-12T18:59:59Z
Redmi Buds 5,YouTube,whrvdSQCR7Y,"Thanks brother,  i decide to buy realme t300",4,2024-03-11T12:01:41Z
Redmi Buds 5,YouTube,whrvdSQCR7Y,Redmi earbuds 5 vs nord buds 2 vs realme buds air 3...which is best..pls suggest,1,2024-03-10T03:10:23Z
Redmi Buds 5,YouTube,whrvdSQCR7Y,Realme t300 sabse achaa Dolby Atmos   support konse mobile ki company ko kerta h,2,2024-03-05T18:51:59Z
Redmi Buds 5,YouTube,whrvdSQCR7Y,Le me 😂- watching sound quality test of t300 on you tube 7:00  with t300 😂😂,27,2024-03-05T15:52:55Z
Redmi Buds 5,YouTube,whrvdSQCR7Y,sir best noise cancellation kis main hai realme buds air 5 pro vs boat Flex,3,2024-03-04T17:02:23Z
Redmi Buds 5,YouTube,whrvdSQCR7Y,Top 5 best tws in 1000 video plzz❤,2,2024-03-04T15:36:42Z
Redmi Buds 5,YouTube,whrvdSQCR7Y,Oppo enco buds 2 vs realme T300? Best for mic and audio?,2,2024-03-04T06:29:22Z
Redmi Buds 5,YouTube,whrvdSQCR7Y,Bhai singing ke liye konsa earphone le jisme mic quality best ho,0,2024-03-04T05:49:12Z
Redmi Buds 5,YouTube,whrvdSQCR7Y,Mai 1 saal se t300 use kar raha hu fully satisfied hu bas dual pairing mode nahi hai jo ki iski kami hai,11,2024-03-03T17:40:13Z
Redmi Buds 5,YouTube,whrvdSQCR7Y,Nice Comparison 👍,0,2024-03-03T17:24:13Z
Redmi Buds 5,YouTube,whrvdSQCR7Y,"T300 me dual device pairing option aya hai kya? Other YouTuber bol rahe hai....
Please rply",3,2024-03-03T14:33:48Z
Redmi Buds 5,YouTube,whrvdSQCR7Y,Bhaiya under 2000 konsa tws best rahega for music and casual gaming,0,2024-03-03T13:53:02Z
Redmi Buds 5,YouTube,whrvdSQCR7Y,Boat Nirvana ion ANC vs boult z40 ultra please compare Karo 👍,0,2024-03-03T13:39:45Z
Redmi Buds 5,YouTube,hBUciNwivOM,"Hi buddy, I lost case of my redmi bud 6, can I purchase redmi bud 5 as i don’t have case for redmi bud 6 as it’s cheaper than bud 6. Does redmi bud 6 ear peice charges in redmi bud 5 case ?",0,2025-10-07T16:01:13Z
Redmi Buds 5,YouTube,hBUciNwivOM,"Correction: the case itself has the same height, but the middle part is higher. Overall a bit more voluminous.",0,2025-03-01T21:34:39Z
Redmi Buds 5 Pro,YouTube,EvOWN9I3buk,This or Huawei Freebuds 6i?,0,2025-04-10T01:07:19Z
Redmi Buds 5 Pro,YouTube,EvOWN9I3buk,Can someone answer my question? Does this earbuds resits to a shower bath?,0,2025-02-07T20:48:24Z
Redmi Buds 5 Pro,YouTube,EvOWN9I3buk,9:20 	54mAh Earbuds | Charging Case: 480mAh this is correct bro?,3,2025-01-29T08:27:39Z
Redmi Buds 5 Pro,YouTube,EvOWN9I3buk,"Sir , thank you for video👏
I want to buy Redmi Buds 6 Pro, but it also does not have a gaming mode, and there are no details from the company about latency, and I am hesitant about that. I cannot buy a gaming edition headset from global markets because my country does not allow me to do that, so what do you advise me?",0,2025-01-27T18:40:09Z
Redmi Buds 5 Pro,YouTube,EvOWN9I3buk,"I have a question, does the Ambient Mode on it fade a bit when it gets windy? For me the Ambient Mode fades then goes back after the wind is gone. Is this a feature or defect? The earbuds works fine, this one thing just bothers me as I use Ambient Mode a lot",0,2025-01-07T06:27:16Z
Redmi Buds 5 Pro,YouTube,EvOWN9I3buk,"Can you please answer? I live in Turkey and I bought the Chinese version by mistake. Will there be a problem with the application connection? Please inform me about this, I am very anxious right now.",0,2025-01-03T21:11:02Z
Redmi Buds 5 Pro,YouTube,EvOWN9I3buk,I bought this product and it is really great the sound and calls too,0,2024-12-27T12:13:44Z
Redmi Buds 5 Pro,YouTube,EvOWN9I3buk,Xiaomi buds 5 or redmi buds 5 pro. Plz help,0,2024-12-14T20:21:24Z
Redmi Buds 5 Pro,YouTube,EvOWN9I3buk,My brother has one and i got mine today from the retailer. Both have the Europe logo on the back. My brother has the global version and i do aswell. I dont get why we have to change to china mainland.. (My brother earbuds are having the connection problems that were said in the video).,0,2024-12-03T18:22:56Z
Redmi Buds 5 Pro,YouTube,EvOWN9I3buk,hi boss im here to say to you that you have really good english and if anyone tells you that you have an accent ignore them,0,2024-11-09T17:33:44Z
Redmi Buds 5 Pro,YouTube,EvOWN9I3buk,"Pros

-Bluetooth connection is made very quick everytime.

-connect to multiple devices with ldac.

-sound quality is good for the price, but nothing impressive. 

-small case. 


Cons

-oval shape eartip nozzles. Hard to find replacement. 

-anc isn't as good as expected. Honestly, space a40 has better anc. I've tried with different eartip sizes and did the fit test in the app, but no improvement.

-doesn't produce feedback sounds when increasing or decreasing volume, but anc on or off it produces sound. Why inconsistent?


Overall I feel it's not as well made as anker products. I should have bought liberty 4 NC or pro.

I kind of regret buying it as it's not noticeably better than Space A40 which I already own. Space A40 is overall better as a whole package, including the quality of the app. I guess there is a difference in experience as tws manufacturer between Anker and Redmi. Anker product is more complete.


Score:

Space A40 8/10

Redmi buds 5 pro 5/10",0,2024-11-05T16:37:51Z
Redmi Buds 5 Pro,YouTube,EvOWN9I3buk,Redmi Buds 5 Pro or Soundcore Liberty 4 NC? which one is better?,1,2024-10-24T16:08:12Z
Redmi Buds 5 Pro,YouTube,EvOWN9I3buk,I am having a hard time connecting the mic to zoom (input) … can anyone help?,0,2024-09-18T00:05:16Z
Redmi Buds 5 Pro,YouTube,EvOWN9I3buk,Good review easy understanding,1,2024-09-10T17:51:32Z
Redmi Buds 5 Pro,YouTube,EvOWN9I3buk,"I have theese in black and they are fantastic. Great Airpods pro replacements at a fraction of the price, absolutely no complaints!",0,2024-07-22T07:17:07Z
Redmi Buds 5 Pro,YouTube,EvOWN9I3buk,"Please, which is better, AirPods 2 or Redmi Buds 5 Pro?",0,2024-06-09T23:38:02Z
Redmi Buds 5 Pro,YouTube,EvOWN9I3buk,in your opinion should hy purchase the redmi buds 4 pro or the 5 ?,0,2024-05-28T20:32:05Z
Redmi Buds 5 Pro,YouTube,EvOWN9I3buk,How do they compare with the JBL wave beam?,0,2024-05-27T10:44:44Z
Redmi Buds 5 Pro,YouTube,EvOWN9I3buk,What about transparency mode??? Almost every reviewer doesn't cover this smh,1,2024-04-19T10:50:10Z
Redmi Buds 5 Pro,YouTube,EvOWN9I3buk,I need global version of this video,0,2024-04-05T10:22:04Z
Redmi Buds 5 Pro,YouTube,EvOWN9I3buk,"pls tell me how is the battery life on these after a full charge , how long they last with consecutive spotify playing???",0,2024-03-21T20:53:05Z
Redmi Buds 5 Pro,YouTube,EvOWN9I3buk,"Im confused with this noise cancell , i have this earbuds and noise cancell for me sucks , very poor or i dont know to do something 😒",0,2024-03-12T20:10:09Z
Redmi Buds 5 Pro,YouTube,EvOWN9I3buk,"Redmi buds 5 pro or galaxy buds2?
The redmi buds are around 65 $ and the galaxy buds 2 are around 80$
Which one should I buy?",2,2024-03-11T20:25:27Z
Redmi Buds 5 Pro,YouTube,EvOWN9I3buk,"I ordered this from aliexpress, but battery only last 4-5 hours instead of 10, how can i know if they are genuie?",0,2024-03-09T22:10:53Z
Redmi Buds 5 Pro,YouTube,EvOWN9I3buk,Did you test low latency on LDAC codec or ACC or SBC ? My global version works in this three codecs and another qustion yours is china version ?,1,2024-03-04T01:33:40Z
Redmi Buds 5 Pro,YouTube,EvOWN9I3buk,Is better this or huawei 5i?,0,2024-03-02T09:46:42Z
Redmi Buds 5 Pro,YouTube,EvOWN9I3buk,I am happy with it 🎉,0,2024-03-01T18:45:31Z
Redmi Buds 5 Pro,YouTube,EvOWN9I3buk,So that's buds is better than Xiaomi buds 3t pro?,0,2024-02-28T11:42:53Z
Redmi Buds 5 Pro,YouTube,EvOWN9I3buk,"Please help me..... which is the best???
xiaomi buds 4 pro vs redmi buds 5 pro.
The both of them are almost the same... but the price of the Xiaomi buds 4 Pro is very expensive.
Why,???",3,2024-02-26T16:18:04Z
Redmi Buds 5 Pro,YouTube,EvOWN9I3buk,Do they work good with an iPhone?,1,2024-02-24T07:02:34Z
Redmi Buds 5 Pro,YouTube,EvOWN9I3buk,"Great video guys, really well done! I just subscribed gentlemen, and I am a real electronic geek, and you impressed me with your honesty and clarity",1,2024-02-22T15:54:01Z
Redmi Buds 5 Pro,YouTube,EvOWN9I3buk,Do you know how to check if your phone supports LHDC 5.0?,0,2024-02-11T23:59:06Z
Redmi Buds 5 Pro,YouTube,EvOWN9I3buk,"I have a question, can we pair them with samsung phones?",1,2024-02-09T15:36:40Z
Redmi Buds 5 Pro,YouTube,EvOWN9I3buk,Which is better this or one oneplus Nord buds 2? I have a Oneplus Nord 3.,2,2024-02-09T07:36:35Z
Redmi Buds 5 Pro,YouTube,EvOWN9I3buk,Best reviewer for redmibuds5pro,0,2024-02-05T18:06:05Z
Redmi Buds 5 Pro,YouTube,EvOWN9I3buk,This is good for gaming like PUBG game ?,0,2024-02-04T23:57:38Z
Redmi Buds 5 Pro,YouTube,EvOWN9I3buk,How is the bass? Deep or balanced? I'm a bass lover and I'm confusing between Redmi buds 5 pro and realme buds air 5 pro which has great bass as the reviews said.,7,2024-02-02T04:52:09Z
Redmi Buds 5 Pro,YouTube,EvOWN9I3buk,is it better than huawei freebuds 5i?,0,2024-01-31T22:04:36Z
Redmi Buds 5 Pro,YouTube,EvOWN9I3buk,Como puedo habilitar la aplicación para mi región si tengo los buds 5 pro soy argentina,0,2024-01-30T03:24:13Z
Redmi Buds 5 Pro,YouTube,EvOWN9I3buk,"Well produced review, just some feedback, please dont rush your words because your pronunciation gets VERY confusing and difficult to understand.  So rather slow than unintelligible. Cheers",0,2024-01-23T23:44:12Z
Redmi Buds 5 Pro,YouTube,EvOWN9I3buk,Does the headphone box support wireless charging?,1,2024-01-23T19:58:29Z
Redmi Buds 5 Pro,YouTube,EvOWN9I3buk,is there a huge diffrence between Buds 5 and Buds 5 Pro ?,2,2024-01-23T19:07:03Z
Redmi Buds 5 Pro,YouTube,EvOWN9I3buk,Can someone compare these to realme buds air 5 pro or liberty 4nc,1,2024-01-20T12:59:50Z
Redmi Buds 5 Pro,YouTube,EvOWN9I3buk,Can you please help me what is best to take? Xiaomi Redmi Buds 5 pro or Realme Buds Air 5 pro?,2,2024-01-19T17:38:29Z
Redmi Buds 5 Pro,YouTube,EvOWN9I3buk,"Got mine just today, the immersive sound feature isn't as impressive as I thought it would be. Probably good for watching movies but not for music. I still suggest using the default setting and adjust your bass/treble according to your preference.",24,2024-01-17T05:54:10Z
Redmi Buds 5 Pro,YouTube,EvOWN9I3buk,Is ANC work good?,0,2024-01-16T17:53:22Z
Redmi Buds 5 Pro,YouTube,EvOWN9I3buk,compatible with ios?,1,2024-01-16T09:38:51Z
Redmi Buds 5 Pro,YouTube,EvOWN9I3buk,Is latency actually 49ms? Did xiaomi publish this no.? If not is it accurate 49ms based on your testing? Thank very much you are the only channel that reviewed this product!,3,2024-01-16T06:49:24Z
Redmi Buds 5 Pro,YouTube,EvOWN9I3buk,Why does the Global Version says LDAC instead of LHDC? I'm confused.,3,2024-01-15T21:30:51Z
Redmi Buds 5 Pro,YouTube,EvOWN9I3buk,"Damn I'm impressed with the mic quality. I'm gonna get this for my brother, thanks for this review!",27,2024-01-15T17:58:07Z
Redmi Buds 5 Pro,YouTube,EvOWN9I3buk,does this have in ear detection,0,2024-01-15T15:53:51Z
Redmi Buds 5 Pro,YouTube,EvOWN9I3buk,Any localisation needed in China  or possible in other countries like europe ?,1,2024-01-13T19:44:25Z
Redmi Buds 5 Pro,YouTube,EvOWN9I3buk,"Does it have spatial audio with head tracking?

(3d sound, 360 sound)",0,2024-01-13T16:37:57Z
Redmi Buds 5 Pro,YouTube,EvOWN9I3buk,Can you compare with liberty 4nc soundcore,10,2024-01-13T05:59:59Z
Redmi Buds 5 Pro,YouTube,EvOWN9I3buk,Hi I have owned the redmi buds 5 pro for about a month now and I want to clarify some things on game mode of this earbuds. You need to have a xiaomi phone to have that feature which is a bummer with at least bluetooth 5.2 (You have to switch to LHDC codec to turn on low latency mode) since LHDC is only supported from bluetooth 5.2 and above.,1,2024-01-13T04:09:59Z
Redmi Buds 5 Pro,YouTube,EvOWN9I3buk,NAMASTE I AM GOING TO BE WITH THE COMPANY FOR THE NEXT WEEK AND THE OTHER HALF OF THE MORNING OF THE MORNING AND I WILL COME,1,2024-01-12T14:48:38Z
Redmi Buds 5 Pro,YouTube,EvOWN9I3buk,Thank  you!!!!!,0,2024-01-12T08:02:19Z
Redmi Buds 5 Pro,YouTube,EvOWN9I3buk,00:36 I saw Poco C65 smartphone behind you. When will you make a video about it?,3,2024-01-11T17:01:02Z
Redmi Buds 5 Pro,YouTube,EvOWN9I3buk,The design of the charging case is really nice,3,2024-01-11T16:36:31Z
Redmi Buds 5 Pro,YouTube,EvOWN9I3buk,Where did you buy the earbuds? I cannot find them on Aliexpress,0,2024-01-11T15:58:22Z
Redmi Buds 5 Pro,YouTube,EvOWN9I3buk,Redmi Buds 5 Pro is better than Xiaomi Buds 4 Pro? not Redmi,1,2024-01-11T15:38:21Z
Redmi Buds 5 Pro,YouTube,EvOWN9I3buk,what is the price?,1,2024-01-11T15:07:43Z
Redmi Buds 5 Pro,YouTube,gemNsCIgNys,Price sir? In Singapore available?,0,2025-11-14T19:36:25Z
Redmi Buds 5 Pro,YouTube,gemNsCIgNys,"I don't know what are you saying BUT I AM ENJOYING.

..COS


I AM MAHARASHTRA MUMBAI",0,2025-10-20T15:35:18Z
Redmi Buds 5 Pro,YouTube,gemNsCIgNys,Bro xiaomi 15 il aano try cheyth nokye. I think its supported there.,0,2025-09-21T03:20:29Z
Redmi Buds 5 Pro,YouTube,gemNsCIgNys,ഊക്കി നടുവൊടിച്ചു😂,0,2025-09-20T17:15:00Z
Redmi Buds 5 Pro,YouTube,gemNsCIgNys,Oh 🔞🥝🔌📞🎥🎥😵‍💫😵‍💫🥸🥸🥸😮☝️😎👈♥️😎👈☝️👈👈💤💢💨💦💯🔥🕳️🕳️,0,2025-09-19T06:52:14Z
Redmi Buds 5 Pro,YouTube,gemNsCIgNys,"Loseless audio kittanam ennale ithinde oru feel kittulu.
Try apple music.
Allenkil oru flac file idanam.
4k tv yil 480p ittal enganirikkum athupole an ithil youtube audio vannal or any mp3 or aac file.",0,2025-08-27T19:50:35Z
Redmi Buds 5 Pro,YouTube,gemNsCIgNys,"Ath privacy ethiakuvo , siri, boat ok kanichathpole?",0,2025-06-10T22:54:36Z
Redmi Buds 5 Pro,YouTube,gemNsCIgNys,"Xiaomi, redmi earbuds പോര... അതിനൊക്കെ realme.. Oneplus...vivo.. Oppo.. എല്ലാം കൊള്ളാം",0,2025-05-13T17:41:58Z
Redmi Buds 5 Pro,YouTube,gemNsCIgNys,CrossBeats Hawk BUDS ഇതിനെപ്പറ്റി പറയുവൊ,0,2025-05-03T14:48:47Z
Redmi Buds 5 Pro,YouTube,gemNsCIgNys,😅,0,2025-04-30T18:14:12Z
Redmi Buds 5 Pro,YouTube,gemNsCIgNys,പോരാ 😂😂അത് കേട്ടപ്പോ ചിരിച്ചു പോയി 😁,0,2025-04-29T19:26:36Z
Redmi Buds 5 Pro,YouTube,gemNsCIgNys,Bro under 25000 best phone onnu suggest chymo 🥺,0,2025-04-28T17:02:20Z
Redmi Buds 5 Pro,YouTube,gemNsCIgNys,പൊക്കി കൊണ്ട് വരുന്ന കണ്ടപ്പോഴേ തോന്നി കാലേ വാരി നിലത്തടിക്കാൻ ആണെന്ന് 😁😂,0,2025-04-28T12:10:16Z
Redmi Buds 5 Pro,YouTube,gemNsCIgNys,നീളത്തിൽ പറഞ്ഞു വട്ടത്തിൽ ഊക്കി,0,2025-04-26T21:10:30Z
Redmi Buds 5 Pro,YouTube,gemNsCIgNys,Starting 😯 ending 💀,1,2025-04-26T20:08:09Z
Redmi Buds 5 Pro,YouTube,gemNsCIgNys,Leo cinima kanda feel😂😂,0,2025-04-25T16:22:43Z
Redmi Buds 5 Pro,YouTube,gemNsCIgNys,Indian kittatha sanam enthina anna evda parayane .🙏,0,2025-04-25T15:23:16Z
Redmi Buds 5 Pro,YouTube,gemNsCIgNys,Eeeswaraa katholane..,0,2025-04-25T13:14:28Z
Redmi Buds 5 Pro,YouTube,gemNsCIgNys,Poyi mod poyi,0,2025-04-24T00:37:49Z
Redmi Buds 5 Pro,YouTube,gemNsCIgNys,Chdi,0,2025-04-23T20:35:48Z
Redmi Buds 5 Pro,YouTube,gemNsCIgNys,Bro under 40k oru best phone parayavvo plz......🟥🟥🟥,0,2025-04-23T13:36:25Z
Redmi Buds 5 Pro,YouTube,gemNsCIgNys,first paranju thudangiyapol enthokkeyyo prethikshichu 😊  paske poraa😂😂😂,4,2025-04-23T05:56:46Z
Redmi Buds 5 Pro,YouTube,gemNsCIgNys,Anker liberty review cheyyamo😁😌,2,2025-04-23T03:18:51Z
Redmi Buds 5 Pro,YouTube,gemNsCIgNys,Overhead head phone  under 10k?,0,2025-04-22T17:59:02Z
Redmi Buds 5 Pro,YouTube,gemNsCIgNys,Bro boatinte 141 pro review cheyyumo,0,2025-04-22T15:37:21Z
Redmi Buds 5 Pro,YouTube,gemNsCIgNys,Realme bud air7 please do review,0,2025-04-22T08:51:34Z
Redmi Buds 5 Pro,YouTube,gemNsCIgNys,Audio products inu tech mathrem pora. Audio tuning um venam,0,2025-04-22T08:38:31Z
Redmi Buds 5 Pro,YouTube,gemNsCIgNys,https://youtube.com/shorts/CvkoRbogZvw?si=Z6WDGxsLzlw6If3i,0,2025-04-22T06:59:41Z
Redmi Buds 5 Pro,YouTube,gemNsCIgNys,എന്തരൊക്കെയുണ്ടെങ്കിലും ഒരു മെന വരുന്നില്ല😂,0,2025-04-21T18:40:30Z
Redmi Buds 5 Pro,YouTube,gemNsCIgNys,അവസാനം പള്ളിപ്പറമ്പ് കൊണ്ടുപോയി ശവമടക്ക് നടത്തി എന്റെ പൊന്നു അണ്ണാ കൊതിപ്പിച്ചു 😂😂😂,3,2025-04-21T16:05:15Z
Redmi Buds 5 Pro,YouTube,gemNsCIgNys,Soundcore liberty 4 pro black innu order cheitu,0,2025-04-21T12:14:07Z
Redmi Buds 5 Pro,YouTube,gemNsCIgNys,Under 20k I'll best gaming phone atha????,0,2025-04-21T10:11:22Z
Redmi Buds 5 Pro,YouTube,gemNsCIgNys,പാതി നോക്കി ഇപ്പം ഒപ്പിച്ചേനെ 😮,0,2025-04-21T07:21:55Z
Redmi Buds 5 Pro,YouTube,gemNsCIgNys,this is tech,0,2025-04-21T07:04:48Z
Redmi Buds 5 Pro,YouTube,gemNsCIgNys,Jibidaangiya  avasaanam pora enna vaakum,0,2025-04-21T03:58:19Z
Redmi Buds 5 Pro,YouTube,gemNsCIgNys,Full കേട്ടത് നന്നായി. ഇല്ലെങ്കിൽ പെട്ടിരുന്നു,0,2025-04-21T02:36:43Z
Redmi Buds 5 Pro,YouTube,gemNsCIgNys,എന്ത് ചെയ്തിട്ടും ഒരു മെനയാകുന്നില്ല അല്ലെ bro.....,0,2025-04-21T00:48:02Z
Redmi Buds 5 Pro,YouTube,gemNsCIgNys,എപ്പോഴാ അണ്ണാ ശവമടക്ക് 🤣😁,9,2025-04-21T00:23:18Z
Redmi Buds 5 Pro,YouTube,gemNsCIgNys,നല്ലത് പറഞ്ഞിട്ട് അവസാനം ഊക്കുന്നോ ടെ 😂😂,0,2025-04-20T22:24:11Z
Redmi Buds 5 Pro,YouTube,gemNsCIgNys,Iq z10x review cheyyo,0,2025-04-20T15:37:39Z
Redmi Buds 5 Pro,YouTube,gemNsCIgNys,മുടി കണ്ണിൽ കുത്തുന്നു( സുരാജ്)😂😂,4,2025-04-20T13:13:06Z
Redmi Buds 5 Pro,YouTube,gemNsCIgNys,Bro help... Should I get Technics az80 or Sennheiser momentum 4 ?,0,2025-04-20T13:12:09Z
Redmi Buds 5 Pro,YouTube,gemNsCIgNys,പെട്ടന്ന് വെളിച്ചപ്പാടിനെ കണ്ടപ്പോൾ പേടിച്ചു പോയി 😂😂😂😂,3,2025-04-20T12:33:39Z
Redmi Buds 5 Pro,YouTube,gemNsCIgNys,Huawei Freelace Pro 2 pls review,0,2025-04-20T12:23:03Z
Redmi Buds 5 Pro,YouTube,gemNsCIgNys,😂😂😂😂,0,2025-04-20T10:42:44Z
Redmi Buds 5 Pro,YouTube,gemNsCIgNys,Bro motrola edge 60 Stylus ഒന്ന് review ചെയ്യാവോ..?? And samsung s pen നെ ആയിട്ട് ഒരു comaprison ഉം..,0,2025-04-20T10:27:34Z
Redmi Buds 5 Pro,YouTube,gemNsCIgNys,Adutha apple airpodilundakum 😂😂😂.  Ennit parayum ever 😂😂😂,0,2025-04-20T10:26:32Z
Redmi Buds 5 Pro,YouTube,gemNsCIgNys,❤❤,0,2025-04-20T10:06:27Z
Redmi Buds 5 Pro,YouTube,gemNsCIgNys,Jibidangi sadanam😂😂,0,2025-04-20T09:51:17Z
Redmi Buds 5 Pro,YouTube,gemNsCIgNys,Ente boat nirvana ANC terrace il poyaalum paatt kelkkaam,0,2025-04-20T09:24:14Z
Redmi Buds 5 Pro,YouTube,gemNsCIgNys,Features എല്ലാം പറഞ്ഞ് കോത്പിച്ചിട്ട് ആരും എടുക്കല്ല് പ്ലീസ്😂,1,2025-04-20T08:44:10Z
Redmi Buds 5 Pro,YouTube,gemNsCIgNys,കൊന്നിട്ട് റീത്തും കൂടെ വെച്ചിട്ട് പോയത് പോലെ ആയി...,1,2025-04-20T08:30:33Z
Redmi Buds 5 Pro,YouTube,gemNsCIgNys,കൊഞ്ചിച്ചു കൊണ്ടന്നപ്പോഴേ എനിക്ക് കാര്യം കത്തി കാലെവാരി നിലത്തടിക്കും എന്ന് 😂😂,15,2025-04-20T08:19:26Z
Redmi Buds 5 Pro,YouTube,gemNsCIgNys,Bro boat nirvana crystal review cheyyu,1,2025-04-20T08:18:06Z
Redmi Buds 5 Pro,YouTube,gemNsCIgNys,Bro realme air 7 cheyyooo,0,2025-04-20T08:14:44Z
Redmi Buds 5 Pro,YouTube,gemNsCIgNys,Enthonnedey ithu 😂 📈📉,1,2025-04-20T07:33:25Z
Redmi Buds 5 Pro,YouTube,gemNsCIgNys,Realme buds T 300 use cheyyunnu kollam nalla bass and overall performance kidu better than most anker products,0,2025-04-20T07:07:26Z
Redmi Buds 5 Pro,YouTube,gemNsCIgNys,നല്ലോം പ്രോത്സാഹിപ്പിച്ചു ... ഊക്കി വിട്ട് 😂😂😂,1,2025-04-20T06:14:27Z
Redmi Buds 5 Pro,YouTube,gemNsCIgNys,"ന്റെ പൊന്നോ.,. ചിരിച്ചു ചത്തു 😂😂😂😂😅😅😅",42,2025-04-20T06:13:52Z
Redmi Buds 5 Pro,YouTube,gemNsCIgNys,Plot kollamaayirunuu but climax average📈🤣✨️,0,2025-04-20T05:47:07Z
Redmi Buds 5 Pro,YouTube,gemNsCIgNys,Xiaomi 15 review?,0,2025-04-20T05:11:42Z
Redmi Buds 5 Pro,YouTube,gemNsCIgNys,Yenthino,0,2025-04-20T05:02:16Z
Redmi Buds 5 Pro,YouTube,gemNsCIgNys,ലാസ്റ്റ് കേട്ടപ്പോൾ തോന്നി ഇനി നാട്ടിൽ ഇറങ്ങി ഇല്ലെകിലും കുഴപ്പമില്ല എന്ന് തോന്നി 😂,3,2025-04-20T04:58:44Z
Redmi Buds 5 Pro,YouTube,gemNsCIgNys,"How to buy,where",0,2025-04-20T04:51:37Z
Redmi Buds 5 Pro,YouTube,gemNsCIgNys,Bro stop advertising Lossless like it's some heaven,0,2025-04-20T04:13:29Z
Redmi Buds 5 Pro,YouTube,gemNsCIgNys,Oru pwaadarav ila 😂,0,2025-04-20T03:24:42Z
Redmi Buds 5 Pro,YouTube,gemNsCIgNys,pls do infinix note 50s 5G,1,2025-04-20T03:23:52Z
Redmi Buds 5 Pro,YouTube,gemNsCIgNys,അവസാനം അതിനെ കൊന്നു...😂😂,1,2025-04-20T03:10:01Z
Redmi Buds 5 Pro,YouTube,gemNsCIgNys,Thank you for the knowledge Shazam 😂😂😂,1,2025-04-20T02:54:20Z
Redmi Buds 5 Pro,YouTube,gemNsCIgNys,"Mr Marumakan le aa scene orma vannu
Hamsan MBBS 🤣",9,2025-04-20T01:11:07Z
Redmi Buds 5 Pro,YouTube,gemNsCIgNys,ജിബിടാങ്കി സാനം 😂😂😂😂😂,0,2025-04-19T21:30:09Z
Redmi Buds 5 Pro,YouTube,gemNsCIgNys,Can you do a detailed review of Moto buds plus?,0,2025-04-19T21:05:50Z
Redmi Buds 5 Pro,YouTube,gemNsCIgNys,realme 6pro poliyanu,0,2025-04-19T20:23:51Z
Redmi Buds 5 Pro,YouTube,gemNsCIgNys,Battery life engane,0,2025-04-19T20:20:01Z
Redmi Buds 5 Pro,YouTube,gemNsCIgNys,Gamers only need wired ii kunna sanna arrk vennam alle anna nigal para,0,2025-04-19T20:06:34Z
Redmi Buds 5 Pro,YouTube,gemNsCIgNys,sound core❤,0,2025-04-19T19:55:01Z
Redmi Buds 5 Pro,YouTube,gemNsCIgNys,Bro eye problem varunund ketto sredhicho🥺,0,2025-04-19T19:52:33Z
Redmi Buds 5 Pro,YouTube,gemNsCIgNys,Ninakentheda vattano 😅,1,2025-04-19T19:39:59Z
Redmi Buds 5 Pro,YouTube,gemNsCIgNys,Ore puchamm...❤,0,2025-04-19T19:13:49Z
Redmi Buds 5 Pro,YouTube,gemNsCIgNys,ലെ ഷാവോമി :- ഇത്രയും പൊക്കത്തിൽ കൊണ്ടുപോയി താഴെ ഇടണ്ടാരുന്നു 😂,1,2025-04-19T18:57:25Z
Redmi Buds 5 Pro,YouTube,gemNsCIgNys,Pucham mathram alle annaa... 🫂,0,2025-04-19T18:55:15Z
Redmi Buds 5 Pro,YouTube,gemNsCIgNys,Bro realme air 6 pro review cheyyo,0,2025-04-19T18:48:02Z
Redmi Buds 5 Pro,YouTube,gemNsCIgNys,"Annan samsrkkna kaanumbol
Painkili movie yle suku vezhambal ettane orma vernnu",0,2025-04-19T18:44:48Z
Redmi Buds 5 Pro,YouTube,gemNsCIgNys,"ഒരു നാട്ടിലെ ഒരുത്തൻ വലിയെ ഒരു ബലൂൺ ഊതി ഊതി വന്നു എല്ലാവരും ആകാംഷയോടെ നിന്നു പക്ഷെ എല്ലാവരെയും ഞെട്ടിച്ചു കൊണ്ട് അവൻ ബലൂൺ കുത്തി പൊട്ടിച്ചു എന്നിട്ട് വേറെ ബലൂൺ എടുത്ത് ഊതി...
അപ്പോ കാണികൾ പറഞ്ഞു :പോടാ ഊളെ😂",1,2025-04-19T18:41:07Z
Redmi Buds 5 Pro,YouTube,gemNsCIgNys,Konnu 😅,0,2025-04-19T18:35:39Z
Redmi Buds 5 Pro,YouTube,gemNsCIgNys,Pora😅,0,2025-04-19T18:15:49Z
Redmi Buds 5 Pro,YouTube,gemNsCIgNys,Soundcore  poli❤,0,2025-04-19T18:15:30Z
Redmi Buds 5 Pro,YouTube,gemNsCIgNys,Shaz ang adich parathi thanne vitt😂😂😂😂😂,4,2025-04-19T17:52:18Z
Redmi Buds 5 Pro,YouTube,gemNsCIgNys,"Bro, xiaomi 15 review?",0,2025-04-19T17:47:50Z
Redmi Buds 5 Pro,YouTube,gemNsCIgNys,Chami buds,0,2025-04-19T17:46:26Z
Redmi Buds 5 Pro,YouTube,gemNsCIgNys,Bro ഫോണിന്റെ ഡി റ്റേൽസ് വന്നില്ല,0,2025-04-19T17:35:35Z
Redmi Buds 5 Pro,YouTube,gemNsCIgNys,Entel anker p40i,0,2025-04-19T17:32:24Z
Redmi Buds 5 Pro,YouTube,gemNsCIgNys,ആമ ചേട്ടൻ 🐢🐢🐢🐢🐢🐢,1,2025-04-19T17:20:15Z
Redmi Buds 5 Pro,YouTube,gemNsCIgNys,Jibidangi ✅,0,2025-04-19T17:15:13Z
Redmi Buds 5 Pro,YouTube,gemNsCIgNys,ഇമ്പം.... ഇമ്പം... ഇത് കിട്ടുന്നില്ല കുട്ടാപി 😅,0,2025-04-19T17:14:04Z
Redmi Buds 5 Pro,YouTube,gemNsCIgNys,അണ്ണാ...എന്നാലും എന്നോടീ ചതി വേണ്ടായിരുന്നു😭,0,2025-04-19T17:02:57Z
Redmi Buds 5 Pro,YouTube,gemNsCIgNys,📈📈📈📉📉📉😂,1,2025-04-19T16:58:54Z
Redmi Buds 5 Pro,YouTube,gemNsCIgNys,എന്തിന് അണ്ണാ🤨,0,2025-04-19T16:51:06Z
Redmi Buds 5 Pro,YouTube,gemNsCIgNys,realme buds review chyu,0,2025-04-19T16:49:26Z
Redmi Buds 5 Pro,YouTube,gemNsCIgNys,Veetil wifi connection.illa ennalum conect avuo veetil kerumbo😅,0,2025-04-19T16:28:26Z
Redmi Buds 5 Pro,YouTube,gemNsCIgNys,Me with jbl 😌,0,2025-04-19T16:21:16Z
Redmi Buds 5 Pro,YouTube,gemNsCIgNys,Privacy left the chat😂,0,2025-04-19T16:12:31Z
Redmi Buds 5 Pro,YouTube,gemNsCIgNys,🤣🤣🤣🤣🤣🤣,0,2025-04-19T16:10:07Z
Redmi Buds 5 Pro,YouTube,gemNsCIgNys,എന്തുവാടെ,0,2025-04-19T16:09:03Z
Redmi Buds 5 Pro,YouTube,gemNsCIgNys,Shazzam oru doctor aakanjathu nammude okke bhaagyavedey.. 😏 😂,0,2025-04-19T15:58:31Z
Redmi Buds 5 Pro,YouTube,gemNsCIgNys,Le  nalla ugranallatha buds,0,2025-04-19T15:55:28Z
Redmi Buds 5 Pro,YouTube,gemNsCIgNys,പൊക്കി പൊക്കി എഴുതാൻ ആകാശത്ത് വരെയെത്തി പെട്ടെന്നു നിലത്തിട്ട് 😂😂😂,48,2025-04-19T15:51:41Z
Redmi Buds 5 Pro,YouTube,gemNsCIgNys,ഉറങ്ങി കിടക്കുന്നവനെ വിളിച്ച് ഉണർത്തിയിട്ട് ചോറ് ഇല്ല എന്ന് 😂😂😂,1,2025-04-19T15:50:07Z
Redmi Buds 5 Pro,YouTube,gemNsCIgNys,ലെ xiaomi : പ്രഭാകരാ 😮😕,185,2025-04-19T15:48:12Z
Redmi Buds 5 Pro,YouTube,gemNsCIgNys,ഇതാണോ മല പോലെ വന്നത് എലി പോലെ പോയി എന്ന് പറയുന്നത് 😂😂😂😂😂😂😂,0,2025-04-19T15:47:14Z
Redmi Buds 5 Pro,YouTube,gemNsCIgNys,Bro latency indo???!!,0,2025-04-19T15:42:53Z
Redmi Buds 5 Pro,YouTube,gemNsCIgNys,വിളിച്ചു വരുത്തി ഊക്കിയാ പോലെ ആയി 😂,0,2025-04-19T15:40:10Z
Redmi Buds 5 Pro,YouTube,gemNsCIgNys,Jibbadaangii sadhanam anenkill nokkandaa🤩🤪,0,2025-04-19T15:23:00Z
Redmi Buds 5 Pro,YouTube,gemNsCIgNys,Bro which is better moondrop chu2 or 7Hz Salnotes Zero,0,2025-04-19T14:50:16Z
Redmi Buds 5 Pro,YouTube,gemNsCIgNys,Shazz anna which gaming laptop to get in 3000aed range,0,2025-04-19T14:46:50Z
Redmi Buds 5 Pro,YouTube,gemNsCIgNys,Under 25k oru smartphone suggest cheyyumo??,3,2025-04-19T14:40:20Z
Redmi Buds 5 Pro,YouTube,gemNsCIgNys,Under 2.5k oru all rounder iem suggest cheyo bro. Usage watching movies and playing games,0,2025-04-19T14:36:34Z
Redmi Buds 5 Pro,YouTube,gemNsCIgNys,Xioami 15 review idoo ottak ulath ultra venda,1,2025-04-19T14:35:34Z
Redmi Buds 5 Pro,YouTube,gemNsCIgNys,Xiaomi 15 review 🫠,0,2025-04-19T14:33:59Z
Redmi Buds 5 Pro,YouTube,gemNsCIgNys,Anker alakan aliyattilla mone 😂😂,0,2025-04-19T14:25:45Z
Redmi Buds 5 Pro,YouTube,gemNsCIgNys,നാറാണത്ത് ഭ്രാന്തൻ 😀,1,2025-04-19T14:20:19Z
Redmi Buds 5 Pro,YouTube,gemNsCIgNys,🥲,0,2025-04-19T14:16:42Z
Redmi Buds 5 Pro,YouTube,gemNsCIgNys,Case copy from Mivi,0,2025-04-19T14:13:47Z
Redmi Buds 5 Pro,YouTube,gemNsCIgNys,SoundCore,0,2025-04-19T14:08:47Z
Redmi Buds 5 Pro,YouTube,gemNsCIgNys,Bro.. Best fast wifi setup ethaanu,5,2025-04-19T14:08:35Z
Redmi Buds 5 Pro,YouTube,gemNsCIgNys,Liberty 4pro vs OnePlus buds 3pro onnu comparison video cheyy bro,0,2025-04-19T14:08:01Z
Redmi Buds 5 Pro,YouTube,gemNsCIgNys,Bro 15ultra review ennu varum,2,2025-04-19T14:05:01Z
Redmi Buds 5 Pro,YouTube,gemNsCIgNys,"Begining🤡
Ending ☠️",3,2025-04-19T14:03:38Z
Redmi Buds 5 Pro,YouTube,gemNsCIgNys,പോരാ 😅,0,2025-04-19T13:59:11Z
Redmi Buds 5 Pro,YouTube,gemNsCIgNys,Begining 😮 ending 😅,5,2025-04-19T13:59:02Z
Redmi Buds 5 Pro,YouTube,gemNsCIgNys,Xiomi 15 review,0,2025-04-19T13:53:14Z
Redmi Buds 5 Pro,YouTube,gemNsCIgNys,Super intro but anticlimax at the end 😂,0,2025-04-19T13:49:26Z
Redmi Buds 5 Pro,YouTube,gemNsCIgNys,💙💙💙💙,10,2025-04-19T13:44:14Z
Redmi Buds 5 Pro,YouTube,gemNsCIgNys,Earfun air 4 pro review cheyyoo,0,2025-04-19T13:42:08Z
Redmi Buds 5 Pro,YouTube,gemNsCIgNys,പൊക്കി പൊക്കി പൊക്കി കൊണ്ട് വന്നിട്ട് കാലേവാരി നിലത്തടിച്ചത് പോലെയായിപ്പോയി😂😂,551,2025-04-19T13:34:08Z
Redmi Buds 5 Pro,YouTube,gemNsCIgNys,Bro xiaomi 15 review plzz 🌝🌝,1,2025-04-19T13:33:12Z
Redmi Buds 5 Pro,YouTube,gemNsCIgNys,Wifi illathavarde veetiloo 😮😅,0,2025-04-19T13:28:40Z
Redmi Buds 5 Pro,YouTube,gemNsCIgNys,"Anna under 30k nalla phone suggest cheyyo 😢 
Anna under 30k nalla phone suggest cheyyo 😢
Anna under 30k nalla phone suggest cheyyo 😢
Anna under 30k nalla phone suggest cheyyo 😢
Anna under 30k nalla phone suggest cheyyo 😢
Anna under 30k nalla phone suggest cheyyo 😢
Anna under 30k nalla phone suggest cheyyo 😢
Anna under 30k nalla phone suggest cheyyo 😢
Anna under 30k nalla phone suggest cheyyo 😢",0,2025-04-19T13:28:09Z
Redmi Buds 5 Pro,YouTube,gemNsCIgNys,Enik army kitty 25 in nnaj pova ❤❤,339,2025-04-19T13:26:24Z
Redmi Buds 5 Pro,YouTube,gemNsCIgNys,Bro ennik oru gaming phone suggest cheyamo range 25k-30k,0,2025-04-19T13:26:22Z
Redmi Buds 5 Pro,YouTube,gemNsCIgNys,❤🎉🎉❤❤🎉🎉❤,0,2025-04-19T13:26:14Z
Redmi Buds 5 Pro,YouTube,gemNsCIgNys,"Anna., 28th nu Thrissur varindo for the Inauguration? 🤔",5,2025-04-19T13:26:12Z
Redmi Buds 5 Pro,YouTube,gemNsCIgNys,28 years later trailer reaction,32,2025-04-19T13:26:00Z
Redmi Buds 5 Pro,YouTube,gemNsCIgNys,Nyc❤️,0,2025-04-19T13:25:43Z
Redmi Buds 5 Pro,YouTube,gemNsCIgNys,Hi bro,1,2025-04-19T13:25:39Z
Redmi Buds 5 Pro,YouTube,gemNsCIgNys,Annnaaaaaaa❤❤❤❤❤,0,2025-04-19T13:25:31Z
Redmi Buds 5 Pro,YouTube,gemNsCIgNys,🔥🔥🔥🔥🔥🔥,0,2025-04-19T13:25:24Z
Redmi Buds 5 Pro,YouTube,9q4HJZXap70,Bad battery life after 6 months,0,2025-10-16T19:33:45Z
Redmi Buds 5 Pro,YouTube,9q4HJZXap70,this is a great video! im highly considering getting a pair. i do have a couple questions. did the ANC meet expectaitons (50+ db reduction would be crazy). the other question i have is did you have any issues with the earbuds disconnecting or get any sound disortion. reviews on amazon talked a lot of those.,0,2025-06-23T22:26:18Z
Redmi Buds 5 Pro,YouTube,9q4HJZXap70,Great review! Iam used to the Apple AirPods 2 but the batteries are just so bad right now. Because of the price I bought the Redmi 5 Pro buds to try a different one and less expensive. Thanks and I’m from Brazil!,2,2025-04-28T15:57:35Z
Redmi Buds 5 Pro,YouTube,9q4HJZXap70,January 2025 so far so good one day of use,0,2025-01-12T02:53:54Z
Redmi Buds 5 Pro,YouTube,9q4HJZXap70,"Thnx a lot for in depth great review, was pleasantly surprised about the noise cancellation function ..never used buds before so just ordered mine, been using a redmi 9T for the last few years and I'm very pleased with the Xiaomi quality",9,2024-12-30T17:07:00Z
Redmi Buds 5 Pro,YouTube,9q4HJZXap70,Its killing me how you go through everything so fast,0,2024-12-10T14:09:31Z
Redmi Buds 5 Pro,YouTube,9q4HJZXap70,"I have owned the said Redmi Buds 5 Pro headphones for a few months, but what worries me is that in continuous music streaming, without noise cancelling, after two, three hours of continuous, it drops to 20-30%. I don't know if the volume I put plays a role or something else...🤔",2,2024-12-01T00:23:57Z
Redmi Buds 5 Pro,YouTube,9q4HJZXap70,These or realme buds air 5 pro?,0,2024-10-19T19:27:02Z
Redmi Buds 5 Pro,YouTube,9q4HJZXap70,How does the Redmi 5 Pro compares with the Huawei Freebuds Pro 2?,2,2024-10-07T09:00:36Z
Redmi Buds 5 Pro,YouTube,9q4HJZXap70,ANC ... Wich ..air pods 2 pro vs this Redmi?,0,2024-09-15T19:40:06Z
Redmi Buds 5 Pro,YouTube,9q4HJZXap70,You've earned my dislike !,2,2024-09-13T19:58:48Z
Redmi Buds 5 Pro,YouTube,9q4HJZXap70,"Rumors say that He still does not know what their price is ! 🤣🤣🤣
What a junk youtuber !",1,2024-09-13T19:57:49Z
Redmi Buds 5 Pro,YouTube,9q4HJZXap70,WERY BAD REVIEW & EXPLANATION🫣🫣😵‍💫😵‍💫😵‍💫😵‍💫😵‍💫,1,2024-09-11T14:10:21Z
Redmi Buds 5 Pro,YouTube,9q4HJZXap70,"Nice video 👍, I just did a review after 5 months of using the product",0,2024-08-22T09:44:23Z
Redmi Buds 5 Pro,YouTube,9q4HJZXap70,"Could you please compare it with the Apple AirPods Pro 2? Just the noise, cancellation difference.",0,2024-08-13T14:43:52Z
Redmi Buds 5 Pro,YouTube,9q4HJZXap70,"The case has a terrible battery drain problem. My case loses about 10% on every phones recharge, even if I only use the phone for about 1 hour. The battery on Redmi Buds 4 Pro is way better",3,2024-08-10T17:22:25Z
Redmi Buds 5 Pro,YouTube,9q4HJZXap70,Very disappointed with the ANC. Its not working even in the deep mode. You can literally hear a fly next to you!!! I dont know how u say they r good quality!!!!! You are not legit or you haven't tried a premium earbuds before,18,2024-08-08T02:08:33Z
Redmi Buds 5 Pro,YouTube,9q4HJZXap70,"Great Review, does it have Google fast pairing, does it connect to your Iphone straight away after you take earbuds out?",1,2024-08-04T07:47:06Z
Redmi Buds 5 Pro,YouTube,9q4HJZXap70,"Not sure if this is a defect, but whenever i use it, it just randomly stops working for a second then works again. ANY 1know how to fix? Yes they are real, but thr from the shop",3,2024-07-30T05:33:20Z
Redmi Buds 5 Pro,YouTube,9q4HJZXap70,how is mic quality for zoom meetings at pc?,10,2024-07-24T17:07:55Z
Redmi Buds 5 Pro,YouTube,9q4HJZXap70,If you record your voice no way the mics are better than your phone. Even the best like galaxy buds 3 pro are worse than even my old galaxy s8. And i record my song ideas often with my phone.,2,2024-07-20T10:46:17Z
Redmi Buds 5 Pro,YouTube,9q4HJZXap70,Hey please reply are they better than one plus buds z2  please reply please,0,2024-07-16T21:44:55Z
Redmi Buds 5 Pro,YouTube,9q4HJZXap70,"They pretty good i think but not loud enough, they sound a lot better with wavelet app",0,2024-07-02T21:14:10Z
Redmi Buds 5 Pro,YouTube,9q4HJZXap70,"got mine 2 days ago,  couldnt love em more, everything is rly good about em, no bad words and for the price they ask for them these are an absolute STEAL, you get SO much for such a low price",2,2024-06-17T12:33:45Z
Redmi Buds 5 Pro,YouTube,9q4HJZXap70,Does this support wireless charging,2,2024-06-16T17:30:44Z
Redmi Buds 5 Pro,YouTube,9q4HJZXap70,Are these really worth upgrading from the Buds 5 non pro variant?,7,2024-06-15T20:42:24Z
Redmi Buds 5 Pro,YouTube,9q4HJZXap70,"Greetings from Brazil! Your video greatly helped me make the decision to buy this earbuds. I found the microphone fantastic and with very clear quality, which will assist me in virtual meetings at work. Thank you for your work.",12,2024-05-23T02:27:29Z
Redmi Buds 5 Pro,YouTube,9q4HJZXap70,"wow crystal clear hahaha. I ordered these buds this day, I can't wait  this week",6,2024-05-20T01:32:25Z
Redmi Buds 5 Pro,YouTube,9q4HJZXap70,"""you can't hear anything, you can't hear anything at all"" I bought these based on what you said and based on your whole review, but noise canceling is not even working. NC goes automatically, with not much surrounding sound it says ""light"", more surrounding sound it says ""balanced"", more it says ""deep"". So that you can't hear nothing while it's quiet in your room is hard to believe. And between light, balanced, or deep, there is absolutely no difference between them. I send them straight back.",7,2024-05-14T09:29:13Z
Redmi Buds 5 Pro,YouTube,9q4HJZXap70,"Hello! I'd just like to say that it was the first time i came across your videos and your review was the one that made me decide on buying the Redmi Buds 5 Pro!

Thankss and congrats for the nice work, all the way from Rio de Janeiro/Brazil",6,2024-05-10T19:08:12Z
Redmi Buds 5 Pro,YouTube,9q4HJZXap70,Garbage not worth it do not recommend 😢,9,2024-04-22T15:20:48Z
Redmi Buds 5 Pro,YouTube,9q4HJZXap70,These buds is so bad their eq customization is buggy some frequencies cut off,1,2024-04-10T13:00:34Z
Redmi Buds 5 Pro,YouTube,9q4HJZXap70,"First time coming across one of your videos. You did such a phenomenal job reviewing these buds. Thanks and look forward to future videos, subbing now!",7,2024-03-28T04:33:16Z
Redmi Buds 5 Pro,YouTube,9q4HJZXap70,"Hello, AirPods 3 or Buds 5 Pro?",1,2024-03-23T17:25:12Z
Redmi Buds 5 Pro,YouTube,9q4HJZXap70,can u switch the types of noise cancellation through holding/pressing the eartip?,1,2024-03-22T08:17:59Z
Redmi Buds 5 Pro,YouTube,9q4HJZXap70,Their battery life is really sucks. Don't buy it,5,2024-03-18T09:24:57Z
Redmi Buds 5 Pro,YouTube,9q4HJZXap70,"There is lc3 mentioned in the manual in the list of supported codecs, which means they support bluetooth le audio is supported by these earbuds, not that it can be used with the phone in the video(they lack isochronous channels)",9,2024-03-13T09:26:40Z
Redmi Buds 5 Pro,YouTube,9q4HJZXap70,"My first 360cam was a Xiaomi and i had a Redmi phone once its great stuff, looking forward to your non pro review which is 50% cheaper here in the Netherlands then the Pro version (   euro's 75 for pro and 37,95 for regular 5 on amazon). I'm wondering having a great noice cancelling, would these do ok on a motorcycle???????",3,2024-03-10T23:19:44Z
Redmi Buds 5 Pro,YouTube,9q4HJZXap70,Thanks for the look at these ear buds.,5,2024-03-10T13:21:07Z
Redmi Buds 5 Pro,YouTube,-DYNAnTIaPw,"Make sure to join my Redmi Buds 5 giveaway on Instagram! Instructions below ⬇

By February 5, 2024,
1. Follow @hoyoungwon on Instagram
2. ♥ the pinned post
3. ✅ Done!

This giveaway is open worldwide! Winner will be announced via IG Story + DM on February 8, 2024.

Good luck!",13,2024-01-25T13:41:21Z
Redmi Buds 5 Pro,YouTube,-DYNAnTIaPw,Bad Battery life after 6 months,0,2025-10-16T19:33:08Z
Redmi Buds 5 Pro,YouTube,-DYNAnTIaPw,1 year in my batteries are dead. Avoid,2,2025-09-25T07:44:13Z
Redmi Buds 5 Pro,YouTube,-DYNAnTIaPw,"In my left ear buds 5 none pro, the touch and the ear sensor just stopped working but the sound works normally
Does anyone knows anything about it?",0,2025-08-04T06:13:59Z
Redmi Buds 5 Pro,YouTube,-DYNAnTIaPw,Hello bro thanks for the review. Since it has been more than a year may I ask is the connection problem still present? Thank you very much!,0,2025-02-11T12:54:05Z
Redmi Buds 5 Pro,YouTube,-DYNAnTIaPw,"Quiet environment the pro sounds cleaner, noisy environment the regular sounds better. Why? No idea",0,2025-02-06T08:21:47Z
Redmi Buds 5 Pro,YouTube,-DYNAnTIaPw,👍🏻👌,0,2025-01-14T20:13:16Z
Redmi Buds 5 Pro,YouTube,-DYNAnTIaPw,"my left buds is much faster to drain than my right buds, is it normal? bug or what? 😅",1,2024-12-08T17:55:11Z
Redmi Buds 5 Pro,YouTube,-DYNAnTIaPw,How does the noise cancelling compare to the airpod pros? My pro's are scratching so much I want to replace them. Apple :/,0,2024-12-06T21:05:38Z
Redmi Buds 5 Pro,YouTube,-DYNAnTIaPw,I’m just watched this video in earbuds 5. Very clear sound:),1,2024-12-05T19:33:25Z
Redmi Buds 5 Pro,YouTube,-DYNAnTIaPw,How to connect,0,2024-11-19T21:02:02Z
Redmi Buds 5 Pro,YouTube,-DYNAnTIaPw,That is a great,0,2024-11-19T02:31:00Z
Redmi Buds 5 Pro,YouTube,-DYNAnTIaPw,Thank you.,0,2024-11-15T08:58:19Z
Redmi Buds 5 Pro,YouTube,-DYNAnTIaPw,"Pros
-Bluetooth connection is made very quick everytime.
-connect to multiple devices with ldac.
-sound quality is good for the price, but nothing impressive. 
-small case. 

Cons
-oval shape eartip nozzles. Hard to find replacement. 
-anc isn't as good as expected. Honestly, space a40 has better anc. I've tried with different eartip sizes and did the fit test in the app, but no improvement.
-doesn't produce feedback sounds when increasing or decreasing volume, but anc on or off it produces sound. Why inconsistent?

Overall I feel it's not as well made as anker products. I should have bought liberty 4 NC or pro.
I kind of regret buying it as it's not noticeably better than Space A40 which I already own. Space A40 is overall better as a whole package, including the quality of the app. I guess there is a difference in experience as tws manufacturer between Anker and Redmi. Anker product is more complete.

Score:
Space A40 8/10
Redmi buds 5 pro 5/10",0,2024-11-05T16:36:58Z
Redmi Buds 5 Pro,YouTube,-DYNAnTIaPw,Are they good for running?,0,2024-10-31T13:19:49Z
Redmi Buds 5 Pro,YouTube,-DYNAnTIaPw,Soundcore Liberty 4 NC or Redmi Buds 5 Pro? which one to buy?,4,2024-10-24T15:58:49Z
Redmi Buds 5 Pro,YouTube,-DYNAnTIaPw,"This is a great review, thank you so much. I'll buy one as a gift and u just helped me lots",0,2024-10-16T08:52:43Z
Redmi Buds 5 Pro,YouTube,-DYNAnTIaPw,Hey bro I have a Samsung Galaxy s23 Ultra I would like to buy the pro version but I don't know what app to use because I'm not a xiaomi user,0,2024-10-08T16:08:50Z
Redmi Buds 5 Pro,YouTube,-DYNAnTIaPw,hi. can you please tell which is better? redmi buds 5 or xiaomi buds 3,0,2024-09-27T16:25:26Z
Redmi Buds 5 Pro,YouTube,-DYNAnTIaPw,should i get the mi buds 3 or the redmi buds 5 pro?,1,2024-09-25T12:15:43Z
Redmi Buds 5 Pro,YouTube,-DYNAnTIaPw,"Such an in depth review, well done!",1,2024-09-17T10:06:58Z
Redmi Buds 5 Pro,YouTube,-DYNAnTIaPw,"Very good review.
I am listening this through my Infinix XE27. Just bought a month ago in price equivalent to USD 16.5 in Pakistan.
It's the cheapest earbuds with ANC/ENC and Voice Through.
Also review theses too.
Thanks",0,2024-09-09T19:47:56Z
Redmi Buds 5 Pro,YouTube,-DYNAnTIaPw,"Got the regs for a friend, i think i made a good choice. Looking at the pros for myself now vs the galaxy buds fes at the same price",0,2024-08-21T23:06:30Z
Redmi Buds 5 Pro,YouTube,-DYNAnTIaPw,"Bought these buds yesterday and so far my speculation about them:

1) very comfortable, they don't fall off which is very nice, the sound quality isnt that bad
2) battery life is poor, it is said they last 10hrs straight, but they only last 4-5hrs. In the first hour the battery will already have fallen down to 85%
3) constant and loud white noise. I know it's because of noise cancellation which you can turn off on the app, but as someone who needs noise cancellation it gets really annoying and distracting when listening to shit
4) the design is nice lol
5) redmi buds 3 pro had better noise cancellation. (these buds died after 2 years which is shitty tbh, so i hope these ones last longer)
6) the case battery is terrible. You will only be able to recharge the buds once, and the second time not even fully. Also, I found it weird that the case heats up while charging the buds?

     The battery being shit and the white noise being loud are my main problems with there earbuds, even tho my buds 3 pro only lasted 2 years, its battery n noise cancellation was so much better 
     Do I recommend? Only if they're on a huge sale. They're not worth the money they're being sold for.",1,2024-08-12T18:33:11Z
Redmi Buds 5 Pro,YouTube,-DYNAnTIaPw,Nice review! Wish I found this video sooner as searching on YouTube doesn't show this video. Had to get recommended by the algorithm to find this gem.,1,2024-08-11T15:56:27Z
Redmi Buds 5 Pro,YouTube,-DYNAnTIaPw,How's the hold if use them for exercising? Eg running.,0,2024-08-10T13:41:03Z
Redmi Buds 5 Pro,YouTube,-DYNAnTIaPw,Does anybody know if they fixed the bluetooth disconnecting bug yet on the 5 pro?,0,2024-08-07T19:36:25Z
Redmi Buds 5 Pro,YouTube,-DYNAnTIaPw,I wish they would have kept hte charging light inside the case. Not sure why they put it in front. Is it possible to disable it in the app?,0,2024-08-04T07:55:07Z
Redmi Buds 5 Pro,YouTube,-DYNAnTIaPw,Getting the pro ones 😍,2,2024-08-04T02:03:53Z
Redmi Buds 5 Pro,YouTube,-DYNAnTIaPw,How long do these feel after wearing them for a long period of time?,0,2024-07-21T05:44:31Z
Redmi Buds 5 Pro,YouTube,-DYNAnTIaPw,"I just got AirPods 2 on a deal after my old earbuds broke and I think I will actually return them to buy these. Like for in ear buds, they should be more than enough and if I want some good sound, over ear headphones will do better anyways",2,2024-07-20T17:56:15Z
Redmi Buds 5 Pro,YouTube,-DYNAnTIaPw,"Very detailed presentation, really loved the actual mic recording preview. Thank you",1,2024-07-20T11:32:03Z
Redmi Buds 5 Pro,YouTube,-DYNAnTIaPw,Do you know the diffeeence between this and oraimo freepods pro?,0,2024-07-15T08:17:38Z
Redmi Buds 5 Pro,YouTube,-DYNAnTIaPw,"Best reviewer, not very technical but I love the close up look on the product, in-ear loook, and covering everything good and bad about the product 👍 i hate when other revieweers focus more on their face talking than the products itself, you did a very good job",11,2024-07-11T07:17:06Z
Redmi Buds 5 Pro,YouTube,-DYNAnTIaPw,should i buy 5 for 34 euros or 5 pro for 60 euros on sale,1,2024-07-07T19:51:57Z
Redmi Buds 5 Pro,YouTube,-DYNAnTIaPw,Super great review comparison!!! I'll go for the cheapest. I just need noise cancellation for calling outside and in MRT,0,2024-06-26T10:56:55Z
Redmi Buds 5 Pro,YouTube,-DYNAnTIaPw,How to know if my Redmi Buds 5 Pro are fully charged from charging??? Should the LED light in the case be OFF??,0,2024-06-21T13:19:06Z
Redmi Buds 5 Pro,YouTube,-DYNAnTIaPw,"2 days ago got my buds 5 pro and love em, they work really good and i have no bugs or anything with the software or firmware of eiither the app or the buds themselves, my phone doesnt have wireless charging so i couldnt use the wireless charging feature even if they had it but if my phone supprted wireless charging then i would have probably liked to have wireless charging",22,2024-06-17T12:44:16Z
Redmi Buds 5 Pro,YouTube,-DYNAnTIaPw,How can i download the app in the US?,0,2024-06-11T01:29:21Z
Redmi Buds 5 Pro,YouTube,-DYNAnTIaPw,Is the conectivity issues are resolved?,0,2024-06-10T12:22:04Z
Redmi Buds 5 Pro,YouTube,-DYNAnTIaPw,What about the latency? Is it good?,0,2024-06-09T14:42:52Z
Redmi Buds 5 Pro,YouTube,-DYNAnTIaPw,why tf does it reverted back to have the rubber thingy again lol,0,2024-06-06T05:12:19Z
Redmi Buds 5 Pro,YouTube,-DYNAnTIaPw,"Although I use a iPhone, I was trying to find the best earbuds that are cheap because I don’t mind the brand for earbuds only. When I bought it I was satisfied with its quality and how good it was at its price. Like it’s the same as AirPods except cheaper with lower quality ANC but still great. I had the 4 pro but will get the 5 pro.",7,2024-06-06T03:42:27Z
Redmi Buds 5 Pro,YouTube,-DYNAnTIaPw,"Nice review.
Does the driver size which is 10mm vs. the OG buds 5 (regular variant) 12.4mm really matters
Is the Buds 5 regular variant enough to keep my loud audio listening sessions fully satisfied. I'm slightly confused regarding which variant to buy a Redmi Buds 5 simple of Buds 5 Pro?
Please advise",2,2024-06-03T03:10:47Z
Redmi Buds 5 Pro,YouTube,-DYNAnTIaPw,Great review. Thanks!,1,2024-06-02T00:45:07Z
Redmi Buds 5 Pro,YouTube,-DYNAnTIaPw,"Thank you sir it's very helpful Best review I found 
💖👍",0,2024-06-01T22:45:43Z
Redmi Buds 5 Pro,YouTube,-DYNAnTIaPw,This is the comparison that I neeced to decide whether it was worth to go for the pros or not. I'll definitely go for the regular Buds 5 😎,0,2024-05-24T13:20:01Z
Redmi Buds 5 Pro,YouTube,-DYNAnTIaPw,"In your opinion, which buds do you recommend for me Huawei Freebuds Pro (2) or Xiaomi Buds 5 Pro in terms of sound quality witch one sounds better
Thanks",0,2024-05-23T18:57:47Z
Redmi Buds 5 Pro,YouTube,-DYNAnTIaPw,Yesterday i bought redmi buds 5 and it's ANC is just terrible. You don't even feel anything whatever you turn it on or off. No difference at all.,0,2024-05-18T12:49:40Z
Redmi Buds 5 Pro,YouTube,-DYNAnTIaPw,you did a very best review indeed,0,2024-05-05T03:14:12Z
Redmi Buds 5 Pro,YouTube,-DYNAnTIaPw,"why after buying it, i just saw that there;'s a pro version . 
Its so weirdly lightweight, the sound is not that exceptional, just like how other earbuds sounds. The tap control is not that responsive.  It is so sad the brand i usually buy earbuds from is no longer in distribution, that's why i end up buying this one, but for me it is not that worth for the price ,comparing to what i used in Haylou brand, which is much cheaper , tap control is so responsive , plus the sound quality is so good ,lastly the charging case can last 2 weeks.",0,2024-05-04T10:03:31Z
Redmi Buds 5 Pro,YouTube,-DYNAnTIaPw,"Do you think the audio on buds 5 pro is “crispier” than Apple AirPods? 
The AirPods are on sale on my country and I’m not sure if I save a few bucks on Xiaomi buds or go for the apple AirPods.
Thank you.",2,2024-05-02T00:28:11Z
Redmi Buds 5 Pro,YouTube,-DYNAnTIaPw,Xiaomi redmi buds 5 or nothing cmf buds,0,2024-04-26T19:01:53Z
Redmi Buds 5 Pro,YouTube,-DYNAnTIaPw,Which earbuds provide the clearest audio quality?,0,2024-04-18T17:48:50Z
Redmi Buds 5 Pro,YouTube,-DYNAnTIaPw,"Redmi Buds 5 Pro, Its very good once you adjust the bass and treable",0,2024-04-14T20:17:41Z
Redmi Buds 5 Pro,YouTube,-DYNAnTIaPw,"Subscribed. Thanks for the great comparison review - going with the Buds 5. Legend, thanks again.",4,2024-04-10T14:07:01Z
Redmi Buds 5 Pro,YouTube,-DYNAnTIaPw,Will this work well on Samsung cellphones? I'm looking for an alternative to the Galaxy Buds because they are too expensive compared to the Redmi Buds,0,2024-04-07T23:46:32Z
Redmi Buds 5 Pro,YouTube,-DYNAnTIaPw,Eq recommendations?,0,2024-04-06T10:10:14Z
Redmi Buds 5 Pro,YouTube,-DYNAnTIaPw,is the connectivity issue with the pro version fixed? kinda scared because just ordered today the white version which looks like the airpods pro.,21,2024-04-06T09:21:24Z
Redmi Buds 5 Pro,YouTube,-DYNAnTIaPw,"Considering mic quality with ANC, battery and anc strength which will you recommend between the bud 5 pro and soundcore liberty 4 nc",26,2024-04-04T18:22:19Z
Redmi Buds 5 Pro,YouTube,-DYNAnTIaPw,"After the outdoor test of both of these PRO and NONE PRO, I knew the sound is not premium MIC wise. We're buying the Buds 4 Active and saving a couple of dollars here. =)",6,2024-04-01T14:20:51Z
Redmi Buds 5 Pro,YouTube,-DYNAnTIaPw,Outdoor quality was excellent on buds pro😊😊😊,0,2024-03-31T18:17:43Z
Redmi Buds 5 Pro,YouTube,-DYNAnTIaPw,Buds 5 seems to sound better outdoor?,0,2024-03-25T20:26:22Z
Redmi Buds 5 Pro,YouTube,-DYNAnTIaPw,"6:57 and sometimes, people are doing software engineer interviews with me on these type of earbuds. So they go like ""You are given an array of integers nums, there is a sliding window of size k which is moving from the very left of the array to the very right. You can only see the k numbers in the window. Each time the sliding window moves right by one position.  Return the max sliding window."" and I was going like, ""huh? I can only hear 70% of what you said"" People think what they said are crystal clear, when in fact, what they said was not as clear as a regular phone in the '80s",3,2024-03-24T05:51:24Z
Redmi Buds 5 Pro,YouTube,-DYNAnTIaPw,so I suppose Apple Airpods 3rd gen or Airpods Pro 2nd are better... although expensive and somewhat easy to lose... on a restaurant table or if it drops down to some gap in the car,0,2024-03-24T05:47:11Z
Redmi Buds 5 Pro,YouTube,-DYNAnTIaPw,"TWS is ""True Wireless Stereo""?  That's a weird acronym... what is a ""Fake Wireless Stereo"", and .... ""Stereo""... do we need to say it past the '80s? Otherwise what is it? Mono?",5,2024-03-24T05:44:09Z
Redmi Buds 5 Pro,YouTube,-DYNAnTIaPw,But bud 3 pro have wireless charging,0,2024-03-22T02:19:30Z
Redmi Buds 5 Pro,YouTube,-DYNAnTIaPw,How do they measure against the liberty 4 np,0,2024-03-19T20:24:49Z
Redmi Buds 5 Pro,YouTube,-DYNAnTIaPw,"In my country i find xiaomi buds 5 for 30$ and 5 pro cheapest one like 65$
Only different is in microphone quality as i notice for 5 pro and not that big.
Outdoor both sucks, indoor pro 5 are little better.
So im think im gonna take buds 5 because cheaper x2
I anyway have xiaomi 14 so if i really need talk i will do it by phone  microphone simple.😂",0,2024-03-16T06:12:33Z
Redmi Buds 5 Pro,YouTube,-DYNAnTIaPw,"The buds 3 pro were comfortable and never fell , the buds 5 fall off very easily",2,2024-03-14T00:05:24Z
Redmi Buds 5 Pro,YouTube,-DYNAnTIaPw,"For me noise cancelling almost dont even work , i put it on Deep and its like i dont feel nothing about noise cancell 😐 Dont feel any silence , still can hear everything",2,2024-03-12T20:44:22Z
Redmi Buds 5 Pro,YouTube,-DYNAnTIaPw,I'm suprised that you say that the buds 5 are IP54 certified. I couldn't find any infos abojt that anywhere. Even on their website.,0,2024-03-09T19:39:47Z
Redmi Buds 5 Pro,YouTube,-DYNAnTIaPw,Hello. quick question. does it have a volume control?,2,2024-03-03T15:22:11Z
Redmi Buds 5 Pro,YouTube,-DYNAnTIaPw,Redmi buds 5 or Jabra Elite 3?,0,2024-02-24T16:43:35Z
Redmi Buds 5 Pro,YouTube,-DYNAnTIaPw,"Your videos are excellent! They deserve much more recognition, congratulations!",22,2024-02-22T20:51:57Z
Redmi Buds 5 Pro,YouTube,-DYNAnTIaPw,"You might want to have your hearing checked.  Your Nothing Ear 2 (depending on setting) has far greater detail than the Buds 5 pro.  Find a track with vocals, it should become apparent.",0,2024-02-22T11:59:21Z
Redmi Buds 5 Pro,YouTube,-DYNAnTIaPw,"i have buds 5, very good for this price. The treble is maybe too pronounced, but it sounds really good.",15,2024-02-20T10:11:45Z
Redmi Buds 5 Pro,YouTube,-DYNAnTIaPw,How to buy in India ? 😅,0,2024-02-13T20:37:15Z
Redmi Buds 5 Pro,YouTube,-DYNAnTIaPw,ye tho launch nhai hue na abhi tak par ?,0,2024-02-13T02:52:01Z
Redmi Buds 5 Pro,YouTube,-DYNAnTIaPw,Can we pair them with Samsung phones?,1,2024-02-12T12:10:12Z
Redmi Buds 5 Pro,YouTube,-DYNAnTIaPw,is this better than Redmi Buds 3 Pro???,0,2024-02-09T13:41:12Z
Redmi Buds 5 Pro,YouTube,-DYNAnTIaPw,"Does anyone still have issues for Redmi Buds 5 Pro on iOS?
I turn on 'Transparency' mode and few minutes later it defaults back to 'Off' but when I check on the app it's on 'Transparency'

Switching back and forth doesn't make any difference lol. If I put away the earbuds and place back in, it'll work for few seconds only",3,2024-02-08T12:13:44Z
Redmi Buds 5 Pro,YouTube,-DYNAnTIaPw,"How did dual connectivity worked for you? Did they switch between the connected devices smoothly? I had XRB3 Pro and it worked perfectly. Now, with this model, since im able to connect to 2 devices, i have to stop the sound source on one device in order to listen to the second device. It is so annoying ! so im wondering if it is some kind of mallfunction or if it is just how they are made now. Thank you !",0,2024-02-07T18:03:46Z
Redmi Buds 5 Pro,YouTube,-DYNAnTIaPw,what about the audio quality on buds 5?,0,2024-02-06T22:03:32Z
Redmi Buds 5 Pro,YouTube,-DYNAnTIaPw,whats the low latency for both of them in game mode ?,2,2024-02-06T17:29:08Z
Redmi Buds 5 Pro,YouTube,-DYNAnTIaPw,"I have a problem with the 5 pro, when I active the noise cancellation the right earbud makes a very irritating sound does anyone have a solution?",0,2024-02-06T08:41:12Z
Redmi Buds 5 Pro,YouTube,-DYNAnTIaPw,How is the volume on these? I have the Redmi buds 4 pro and I feel like it's not loud enough,1,2024-02-06T08:13:16Z
Redmi Buds 5 Pro,YouTube,-DYNAnTIaPw,"Hi
Xiaomi redmi buds 5 pro VS Realme Buds Air 5 Pro?!

Best bass and sound...",0,2024-02-05T18:26:53Z
Redmi Buds 5 Pro,YouTube,-DYNAnTIaPw,"레드미 버즈 4 프로 사용자입니다. LDAC 코덱 이용시 끊김현상이 발생하곤 하는데 버즈5프로도 여전한가보네요.

또 해당코덱을 이용하면서 두 개의 기기와 패어링 했을때 (저는 레드미 K60 Pro와 갤럭시탭 S7FE를 이용합니다.) 태블릿쪽에서 LDAC를 지원함에도 연결문제가 생기는 현상이 생기던데 버즈5 프로에선 개선되었는지 궁금합니다.",3,2024-02-04T06:42:29Z
Redmi Buds 5 Pro,YouTube,-DYNAnTIaPw,Good review! I will order bud 5 instead of bud 5 pro 👍,0,2024-02-03T09:08:59Z
Redmi Buds 5 Pro,YouTube,-DYNAnTIaPw,how about the latency?,1,2024-02-03T02:57:17Z
Redmi Buds 5 Pro,YouTube,-DYNAnTIaPw,Just ordered Buds 5 from Xiaomi store Pakistan,1,2024-01-31T13:47:40Z
Redmi Buds 5 Pro,YouTube,-DYNAnTIaPw,What about latency test in game and specially in video play back? Could you please make a video playing test for buds 5?,2,2024-01-31T12:40:26Z
Redmi Buds 5 Pro,YouTube,-DYNAnTIaPw,"I'm having problems tô connect them, they connect but it's mute, when i connect one side he plays, but never on 2 😢 I have a moto edge 30 pro",0,2024-01-29T20:22:44Z
Redmi Buds 5 Pro,YouTube,-DYNAnTIaPw,how is the audio quality and anc on the buds 5? i might consider getting one although i’m eyeing the buds 4 since it is much more cheaper,3,2024-01-29T07:47:41Z
Redmi Buds 5 Pro,YouTube,-DYNAnTIaPw,Redmi buds 5 Pro Design 🤗😍 but  buds 5 Also ❤,2,2024-01-28T14:46:37Z
Redmi Buds 5 Pro,YouTube,-DYNAnTIaPw,How about the latency!,57,2024-01-27T14:15:12Z
Redmi Buds 5 Pro,YouTube,-DYNAnTIaPw,please compare them with liberty 4 nc,9,2024-01-27T11:57:03Z
Redmi Buds 5 Pro,YouTube,-DYNAnTIaPw,"Thank you very much for your review, 


I have a question:

Does it work on iPhones and have the same sound quality as Android devices? I tested the Redmi Buds 4 Pro and they have great sound quality with Xiaomi devices but not much better on Iphone.",1,2024-01-27T08:45:13Z
Redmi Buds 5 Pro,YouTube,-DYNAnTIaPw,Redmi buds 5 pro is beat,2,2024-01-27T02:21:15Z
Redmi Buds 5 Pro,YouTube,-DYNAnTIaPw,Great review 👍👍,1,2024-01-26T18:35:10Z
Redmi Buds 5 Pro,YouTube,-DYNAnTIaPw,"Great work! Thank you! 
Got a juicy deal on the Pro model for $50.

Edit: Though I wonder why they removed the wireless charging which the previous Buds Pro 3 and 4 had in store. What a bummer!",4,2024-01-26T13:36:55Z
Redmi Buds 5 Pro,YouTube,-DYNAnTIaPw,do their battery test with hi-res audio esp. on pro,0,2024-01-26T11:22:18Z
Redmi Buds 5 Pro,YouTube,-DYNAnTIaPw,Moondrop Space Travel and Tanchjim Mino are the better choice if you like music. Better drivers & better default tuning. Redmi/Xiaomi should ask those companies for tuning their cheap TWS. I like the 5 Pro's design. Its definitely better than the Mino or Space Travel.,0,2024-01-25T17:07:01Z
Redmi Buds 5 Pro,YouTube,-DYNAnTIaPw,"You're honestly my go to channel when it comes to reviewing TWS. I've been daily driving the Xiaomi Buds 3T Pro for quite a while now, and it's sad that the immersive audio is Xiaomi flagship exclusive. Is the immersive sound on the 5 pro compatible with mid-range Xiaomi/Redmi/Poco phones?",8,2024-01-25T16:05:09Z
Redmi Buds 5 Pro,YouTube,-DYNAnTIaPw,"Watching this video after i bought it, cant wait!  Thanks for the video its exactly what i was looking for, subbed!",21,2024-01-25T14:42:52Z
Redmi Buds 5 Pro,YouTube,AwEsXiCKJ4c,Does this Support voice to chat feature?,0,2025-10-10T12:03:09Z
Redmi Buds 5 Pro,YouTube,AwEsXiCKJ4c,Waiting for review. ❤,0,2025-10-08T18:37:14Z
Redmi Buds 5 Pro,YouTube,AwEsXiCKJ4c,Price in 🇮🇳,0,2025-08-11T20:46:38Z
Redmi Buds 5 Pro,YouTube,AwEsXiCKJ4c,How to purchase in india,0,2025-07-26T10:17:42Z
Redmi Buds 5 Pro,YouTube,AwEsXiCKJ4c,H bhi to 22k ka😂,0,2025-06-19T09:10:48Z
Redmi Buds 5 Pro,YouTube,AwEsXiCKJ4c,Angrezo ke lore hindi shor kr haramj bante hoye😂,0,2025-05-30T17:51:58Z
Redmi Buds 5 Pro,YouTube,AwEsXiCKJ4c,Not available in India😢,0,2025-05-27T05:19:01Z
Redmi Buds 5 Pro,YouTube,AwEsXiCKJ4c,Where is review,0,2025-05-19T00:06:19Z
Redmi Buds 5 Pro,YouTube,AwEsXiCKJ4c,Where tf your video?,0,2025-05-10T12:42:08Z
Redmi Buds 5 Pro,YouTube,AwEsXiCKJ4c,What if i am a wifi user then that?,0,2025-05-01T15:14:01Z
Redmi Buds 5 Pro,YouTube,AwEsXiCKJ4c,"2 % strength not there in army by musilims , they claim their national integrity😅",0,2025-04-23T14:48:40Z
Redmi Buds 5 Pro,YouTube,AwEsXiCKJ4c,"Leica for camera and harman for audio, xiaomi is going next level",3,2025-04-19T23:08:24Z
Redmi Buds 5 Pro,YouTube,AwEsXiCKJ4c,is this support others brand mobile with wifi ?,0,2025-04-14T09:38:43Z
Redmi Buds 5 Pro,YouTube,AwEsXiCKJ4c,Most of these features is also comes in boat Nirvana ion anc and it comes with a massive battery life,0,2025-04-08T14:29:12Z
Redmi Buds 5 Pro,YouTube,AwEsXiCKJ4c,"Hi bro love your channel and videos I always listen your detailed reviews and I want you do detailed review on these buds cuz I'm waiting only for your review and also please compair it with Huawei freebuds 3 pro or OnePlus buds 3 pro 

Please 🥺☹️",0,2025-03-31T13:53:46Z
Redmi Buds 5 Pro,YouTube,AwEsXiCKJ4c,Bro how to buy in india pls help me,0,2025-03-29T06:14:12Z
Redmi Buds 5 Pro,YouTube,AwEsXiCKJ4c,What about radiation?,0,2025-03-24T06:47:59Z
Redmi Buds 5 Pro,YouTube,AwEsXiCKJ4c,Mic quality is the only concerning point,0,2025-03-23T19:17:39Z
Redmi Buds 5 Pro,YouTube,AwEsXiCKJ4c,Kinda looks like buds 3 pro😅,0,2025-03-18T12:07:49Z
Redmi Buds 5 Pro,YouTube,AwEsXiCKJ4c,Finally innovation has shifted to china from the USA 😂😂😂,0,2025-03-17T10:50:26Z
Redmi Buds 5 Pro,YouTube,AwEsXiCKJ4c,Meanwhile samsung still keep removing something good from their smartphones forget about innovation 😂,7,2025-03-17T05:33:43Z
Redmi Buds 5 Pro,YouTube,AwEsXiCKJ4c,Samsung c'mon with this wifi earbuds,0,2025-03-16T04:05:31Z
Redmi Buds 5 Pro,YouTube,AwEsXiCKJ4c,Why forget??? I've got galaxy buds 3 pro. It was very expensive... Not able to forget them for some chinese product😌,0,2025-03-12T11:49:50Z
Redmi Buds 5 Pro,YouTube,AwEsXiCKJ4c,Which sound better samsung bud pro 3 or Xiaomi buds 5 pro??,1,2025-03-12T10:26:06Z
Redmi Buds 5 Pro,YouTube,AwEsXiCKJ4c,Can u do a video on what features are there and Missing in hyperos 2 android 14 devices,0,2025-03-11T04:05:23Z
Redmi Buds 5 Pro,YouTube,AwEsXiCKJ4c,ANC?,0,2025-03-10T04:03:05Z
Redmi Buds 5 Pro,YouTube,AwEsXiCKJ4c,Don't think that they can beat the sound quality of oneplus buds pro 3 😂,1,2025-03-09T15:45:55Z
Redmi Buds 5 Pro,YouTube,AwEsXiCKJ4c,"Kitna paisa dete hai re  xiaomi tumlok ko? Calling features dekhe ho esab ka? 

Paisa dete hai aur promote krne aa jate h",0,2025-03-09T11:00:18Z
Redmi Buds 5 Pro,YouTube,AwEsXiCKJ4c,How is the sound in comparison with JBL TWS LIVE PRO 2,0,2025-03-08T15:14:10Z
Redmi Buds 5 Pro,YouTube,AwEsXiCKJ4c,Harman is owned by Samsung😂😂,0,2025-03-07T17:17:35Z
Redmi Buds 5 Pro,YouTube,AwEsXiCKJ4c,"Ooo 
Harman by xiaomi",0,2025-03-07T16:32:47Z
Redmi Buds 5 Pro,YouTube,AwEsXiCKJ4c,But can I use it while connected to wifi router? 🧐🤔,1,2025-03-06T16:45:01Z
Redmi Buds 5 Pro,YouTube,AwEsXiCKJ4c,5 driver TWS goes insane wtfff,1,2025-03-06T15:46:55Z
Redmi Buds 5 Pro,YouTube,AwEsXiCKJ4c,Very cool! I need to check these out. When would these be available to buy?,3,2025-03-06T09:06:01Z
Redmi Buds 5 Pro,YouTube,AwEsXiCKJ4c,Somehow it still manages to sound wrost than AirPods despite all that tech,0,2025-03-06T00:29:35Z
Redmi Buds 5 Pro,YouTube,AwEsXiCKJ4c,You went china for this ? Waiting for review,0,2025-03-05T14:40:07Z
Redmi Buds 5 Pro,YouTube,AwEsXiCKJ4c,"How do you import it????
Any sellers please suggest...",2,2025-03-04T20:51:42Z
Redmi Buds 5 Pro,YouTube,AwEsXiCKJ4c,"Suprisingly,Harman is owned by samsung 😂",2,2025-03-04T02:47:21Z
Redmi Buds 5 Pro,YouTube,AwEsXiCKJ4c,I am using oneplus 13r I don't know what will happen in future but for sore this mobile is beast 💯💯💯 hope it won't get any issues,0,2025-03-03T20:17:22Z
Redmi Buds 5 Pro,YouTube,AwEsXiCKJ4c,Does xiaomi launching its Redmi book laptops in India?,0,2025-03-03T13:01:59Z
Redmi Buds 5 Pro,YouTube,AwEsXiCKJ4c,MWC ?,0,2025-03-03T12:50:02Z
Redmi Buds 5 Pro,YouTube,AwEsXiCKJ4c,Xiaomi's comeback 💪🏼,0,2025-03-03T12:38:08Z
Redmi Buds 5 Pro,YouTube,AwEsXiCKJ4c,"Bhai , Nothing Tws ( any News )",0,2025-03-03T11:49:15Z
Redmi Buds 5 Pro,YouTube,AwEsXiCKJ4c,Waiting for your review,0,2025-03-03T11:02:47Z
Redmi Buds 5 Pro,YouTube,AwEsXiCKJ4c,"Xiaomi is going overkill 
They even launched a cool concept phone with detachable lens",0,2025-03-03T10:33:07Z
Redmi Buds 5 Pro,YouTube,AwEsXiCKJ4c,Waiting for this review,0,2025-03-03T09:50:49Z
Redmi Buds 5 Pro,YouTube,AwEsXiCKJ4c,India needs to clean their bodies and city,0,2025-03-03T08:53:36Z
Redmi Buds 5 Pro,YouTube,AwEsXiCKJ4c,"While introducing new technology Xiaomi Never fails 

Ershad bro make a comparison between HyperOS and OneUI BRO 

Love from Chennai Following channel since 3 years",3,2025-03-03T08:37:01Z
Redmi Buds 5 Pro,YouTube,AwEsXiCKJ4c,"The problem with this track is it has a small number of audience coma only the enthusiast buys the product like this majority of audience using tws don't even feel the difference and they don't care too. If a person's demand is lossless audio and high quality music he will obviously buy wired headphones because he knows the pros and cons of tws cause he is an audiophile, and he probably won't need those equipment to listen to normal music that's why much of the market dont innovate in this field",2,2025-03-03T07:48:38Z
Redmi Buds 5 Pro,YouTube,AwEsXiCKJ4c,"But it doesn't support ldac ,please put it in😢😢",4,2025-03-03T06:42:57Z
Redmi Buds 5 Pro,YouTube,AwEsXiCKJ4c,I'm waiting,0,2025-03-03T06:42:44Z
Redmi Buds 5 Pro,YouTube,AwEsXiCKJ4c,"Xiaomi and other Chinese companies are some of the few that step out of their safe zone and still innovate. First, the 15 Ultra and now this! My next phone is likely to be a Xiaomi!",258,2025-03-03T06:41:42Z
Redmi Buds 5 Pro,YouTube,AwEsXiCKJ4c,What's the new feature with wifi connection like what's different than blutooth connection,0,2025-03-03T06:08:52Z
Redmi Buds 5 Pro,YouTube,AwEsXiCKJ4c,"When it's about actually innovation, xiomi never fails",65,2025-03-03T05:59:56Z
Redmi Buds 5 Pro,YouTube,AwEsXiCKJ4c,What about latency for gaming,2,2025-03-03T05:57:24Z
Redmi Buds 5 Pro,YouTube,AwEsXiCKJ4c,What about Latency???,23,2025-03-03T05:54:28Z
Redmi Buds 5 Pro,YouTube,AwEsXiCKJ4c,So in gaming i will get good ping or 999ms?,2,2025-03-03T05:37:11Z
Redmi Buds 5 Pro,YouTube,AwEsXiCKJ4c,Sounds interesting,1,2025-03-03T05:34:07Z
Redmi Buds 5 Pro,YouTube,AwEsXiCKJ4c,"It's truly heartwarming to see Xiaomi continuing to produce such impressive products. I really admire the efforts they put into their work. Xiaomi has been one of my favorite companies for a long time, and it’s uplifting to witness their dedication to innovation and quality.",75,2025-03-03T05:33:52Z
Redmi Buds 5 Pro,YouTube,dZdc4JqPqHk,"Man, how large are your holes (ear🤣)!? Anyway, in Ireland as of mid 2025, these can be got for €45!!! I had previously the Sony wf-c510 (what ridiculous naming Sony has! 😂) for the same price. But, the Redmi has a lot over Sony, or many others:
LDAC 
IP54
Decent mics
Decent pass-through 
Decent ANC 
For 45 quid, they're a steal, I think.",0,2025-09-20T20:34:05Z
Redmi Buds 5 Pro,YouTube,dZdc4JqPqHk,"Hi , I hv 1 technical  question.   Can  I pair these buds to a new device without the presence  of the case?",0,2025-04-06T02:22:30Z
Redmi Buds 5 Pro,YouTube,dZdc4JqPqHk,You put me to sleep,0,2025-01-16T20:11:54Z
Redmi Buds 5 Pro,YouTube,dZdc4JqPqHk,I’m quite afraid they won’t fit well in my ears and then I have to find eartips 😅,0,2024-12-29T00:25:07Z
Redmi Buds 5 Pro,YouTube,dZdc4JqPqHk,I need midrange buds have very good microphones for calls ... recommend me about 50$,0,2024-12-19T14:01:44Z
Redmi Buds 5 Pro,YouTube,dZdc4JqPqHk,These or the soundcore liberty 4 NC? which one is better?,0,2024-10-24T16:08:54Z
Redmi Buds 5 Pro,YouTube,dZdc4JqPqHk,"Been using the gaming  edition of these buds for almost a year now. They are amazing especially for the price. The transparency mode is kinda meh, but the ANC is AMAZING",0,2024-10-15T08:11:02Z
Redmi Buds 5 Pro,YouTube,dZdc4JqPqHk,These are awesome. Had mine since August. Sometimes i get no sound when connected and have to turb BT off and on again. The sound disappears after switching song/video..,0,2024-10-13T08:28:44Z
Redmi Buds 5 Pro,YouTube,dZdc4JqPqHk,"i need help guys, this ones or Oppo Enco x2",0,2024-10-12T23:54:58Z
Redmi Buds 5 Pro,YouTube,dZdc4JqPqHk,"Wow didn't know Xiaomi be making this type of earphones with these features and benefits, i own Xiaomi phone but dang this is great stuff!",0,2024-10-09T06:12:43Z
Redmi Buds 5 Pro,YouTube,dZdc4JqPqHk,"Nice video 👍, i just did a review after 5 months of using this product",1,2024-08-22T09:42:32Z
Redmi Buds 5 Pro,YouTube,dZdc4JqPqHk,that mic test was definitely coming from your phone,4,2024-08-19T12:23:50Z
Redmi Buds 5 Pro,YouTube,dZdc4JqPqHk,Great review. Is it possible to disable LED light on the case somewhere in the app?,0,2024-08-05T14:25:35Z
Redmi Buds 5 Pro,YouTube,dZdc4JqPqHk,"But there is customizable EQ, its there in the app",0,2024-07-14T05:09:33Z
Redmi Buds 5 Pro,YouTube,dZdc4JqPqHk,can iphone use this earbud?,0,2024-07-10T20:40:00Z
Redmi Buds 5 Pro,YouTube,dZdc4JqPqHk,"Hey i have a question, does the ACN works when using only 1 earbud ?",0,2024-07-09T09:59:29Z
Redmi Buds 5 Pro,YouTube,dZdc4JqPqHk,What eartips did you use?,1,2024-06-17T05:49:01Z
Redmi Buds 5 Pro,YouTube,dZdc4JqPqHk,No EQ?,0,2024-06-15T08:08:25Z
Redmi Buds 5 Pro,YouTube,dZdc4JqPqHk,"People need to be careful when buying Xiaomi ear buds, as there plenty of fakes out there, and these are very poor quality, never buy Xiaomi when too cheap, 💯 fake",0,2024-06-13T23:47:55Z
Redmi Buds 5 Pro,YouTube,dZdc4JqPqHk,"How does the Redmi Buds 5 pro compares to the SoundPeats Air 4 pro? In terms of ANC, Mic and Sound Quality? Thank you.",0,2024-06-08T01:22:40Z
Redmi Buds 5 Pro,YouTube,dZdc4JqPqHk,"Please make a comparison with SoundCore Libery 4 NC as their prices are similar. ANC, sound quality, ear fit and design will be main comparison points.",3,2024-06-03T05:27:50Z
Redmi Buds 5 Pro,YouTube,dZdc4JqPqHk,are these better than Airpods pro 2?,1,2024-05-16T17:41:14Z
Redmi Buds 5 Pro,YouTube,dZdc4JqPqHk,No wireless charging though,1,2024-05-06T15:10:08Z
Redmi Buds 5 Pro,YouTube,dZdc4JqPqHk,"It has Custom EQ option, have you updated your app?",1,2024-04-23T20:33:11Z
Redmi Buds 5 Pro,YouTube,dZdc4JqPqHk,..what eartips did you put on them?...,0,2024-04-21T19:20:09Z
Redmi Buds 5 Pro,YouTube,dZdc4JqPqHk,What EQ does you use? can you post it here,0,2024-04-06T11:51:48Z
Redmi Buds 5 Pro,YouTube,dZdc4JqPqHk,Considering call mic quality battery and ANC should I go for this or the soundcore liberty 4 nc,0,2024-04-04T17:38:47Z
Redmi Buds 5 Pro,YouTube,dZdc4JqPqHk,Redmi Buds 4 Pro or Redmi Buds 5 Pro?,0,2024-04-03T08:01:54Z
Redmi Buds 5 Pro,YouTube,dZdc4JqPqHk,Why there is no frequency graph?,0,2024-03-30T07:16:02Z
Redmi Buds 5 Pro,YouTube,dZdc4JqPqHk,No go to previous song :( by tripple tap omg i was almost gona buy these everything seemed so perfect 😢😢,1,2024-03-21T17:53:29Z
Redmi Buds 5 Pro,YouTube,dZdc4JqPqHk,Do these have wireless charging and reverse wireless cgarging as well??,0,2024-03-21T17:51:23Z
Redmi Buds 5 Pro,YouTube,dZdc4JqPqHk,"How long is the battery on these , on non stop spotify and youtube on a single full charge ???",0,2024-03-21T17:36:44Z
Redmi Buds 5 Pro,YouTube,dZdc4JqPqHk,"How are these compared to Soundpeats Air 4 pro in sound quality, volume and ANC?",10,2024-03-20T09:07:00Z
Redmi Buds 5 Pro,YouTube,dZdc4JqPqHk,Latency?,0,2024-03-12T03:00:16Z
Redmi Buds 5 Pro,YouTube,dZdc4JqPqHk,Do a review on Oneplus buds 3,0,2024-03-10T03:00:57Z
Redmi Buds 5 Pro,YouTube,dZdc4JqPqHk,"Man, you cannot review the sound of earbuds when using non-standard tips, because the tuning is very heavily centered around those.",2,2024-03-09T02:59:07Z
Redmi Buds 5 Pro,YouTube,dZdc4JqPqHk,Are these compatible with iPhones?,0,2024-03-06T21:46:10Z
Redmi Buds 5 Pro,YouTube,dZdc4JqPqHk,Yesterday I bough new phone xiaomi redmi note 13 pro 5g and got redmi buds 5 pro as a gift. Really love a quality 😊,14,2024-03-06T12:35:51Z
Redmi Buds 5 Pro,YouTube,dZdc4JqPqHk,"Hi, can we use LDAC and multipoint simutaneously?",0,2024-03-05T10:23:55Z
Redmi Buds 5 Pro,YouTube,dZdc4JqPqHk,Oh nooo i got late for the giveaway 😢,0,2024-03-03T07:55:04Z
Redmi Buds 5 Pro,YouTube,dZdc4JqPqHk,I got it today🎉,0,2024-03-01T15:48:16Z
Redmi Buds 5 Pro,YouTube,dZdc4JqPqHk,If compare with soundcore liberty 4nc and Earfun free pro 3 who's the best?,0,2024-02-26T22:46:49Z
Redmi Buds 5 Pro,YouTube,dZdc4JqPqHk,How does this compare to the Huawei Freebuds 3 Pro?,0,2024-02-26T06:18:35Z
Redmi Buds 5 Pro,YouTube,dZdc4JqPqHk,These or the Redmi Buds 4 Pro or the Redmi Buds 4 ?,0,2024-02-25T23:25:40Z
Redmi Buds 5 Pro,YouTube,dZdc4JqPqHk,10h battery life is insane,2,2024-02-25T12:41:34Z
Redmi Buds 5 Pro,YouTube,dZdc4JqPqHk,These things are awesome.. love the sound and ANC,5,2024-02-21T20:37:35Z
Redmi Buds 5 Pro,YouTube,dZdc4JqPqHk,LDAX is near lossless. Still in the lossy side,0,2024-02-19T07:39:16Z
Redmi Buds 5 Pro,YouTube,dZdc4JqPqHk,Xiaomi Buds 5 Pro or Huawei Freebuds 5i? Which is better for you?,0,2024-02-16T08:11:12Z
Redmi Buds 5 Pro,YouTube,dZdc4JqPqHk,Please send the name of the eartip since my redmi buds 5 pro keep falling from my ears.,0,2024-02-16T07:19:26Z
Redmi Buds 5 Pro,YouTube,dZdc4JqPqHk,Sub $100 earphones have really come a long way in a short period of time.,30,2024-02-16T05:05:44Z
Redmi Buds 5 Pro,YouTube,dZdc4JqPqHk,Where'd you buy that cat?,1,2024-02-16T03:35:55Z
Redmi Buds 5 Pro,YouTube,dZdc4JqPqHk,This or soundpeats engine 4?,1,2024-02-15T07:30:50Z
Redmi Buds 5 Pro,YouTube,dZdc4JqPqHk,Can you send the name of the eartip you used on the video? The free eartips don't fit right on my ears.,6,2024-02-15T02:56:11Z
Redmi Buds 5 Pro,YouTube,dZdc4JqPqHk,"In terms of sound, how do they compare to the Tanchjim Mino?",1,2024-02-14T05:42:35Z
Redmi Buds 5 Pro,YouTube,dZdc4JqPqHk,How about the latency good sir?,0,2024-02-14T05:27:50Z
Redmi Buds 5 Pro,YouTube,dZdc4JqPqHk,This or soundcore liberty 4 nc?,1,2024-02-13T22:36:33Z
Redmi Buds 5 Pro,YouTube,dZdc4JqPqHk,"Although I'm drooling at the Sony XM5 buds, this looks like the cheaper cousin(with some drawbacks of course).",10,2024-02-13T07:18:57Z
Redmi Buds 5 Pro,YouTube,dZdc4JqPqHk,"Would LDAC still work if its connected on 2 devices? Previous multi point feature, LDAC does not work.",0,2024-02-13T07:11:10Z
Redmi Buds 5 Pro,YouTube,dZdc4JqPqHk,What kind of eartips would you use if the included eartips don't fit your ears properly,0,2024-02-13T05:15:17Z
Redmi Buds 5 Pro,YouTube,dZdc4JqPqHk,These buds do have a custom Equalizer (easily missed) - check under Audio effects > Audio balance > Custom,21,2024-02-12T21:19:34Z
Redmi Buds 5 Pro,YouTube,dZdc4JqPqHk,Thanks for the chance!,0,2024-02-12T21:15:25Z
Redmi Buds 5 Pro,YouTube,dZdc4JqPqHk,Can you compare it with OnePlus buds 3.😊,1,2024-02-12T18:25:45Z
Redmi Buds 5 Pro,YouTube,dZdc4JqPqHk,"Comment for da algorithm
Streak count: 334",0,2024-02-12T14:55:30Z
Redmi Buds 5 Pro,YouTube,dZdc4JqPqHk,Airpods pro at home,4,2024-02-12T13:34:25Z
Redmi Buds 5 Pro,YouTube,dZdc4JqPqHk,"I love the redmi 4 pro but didn't try the buds 5 pro . Hope so they will dominate sub 100
Cp1025+ May hlp them😂",1,2024-02-12T11:56:47Z
Redmi Buds 5 Pro,YouTube,s3w_e_dthGQ,Volume control adjustment hoti he touch se  buds me?,0,2025-12-10T15:30:12Z
Redmi Buds 5 Pro,YouTube,s3w_e_dthGQ,Inntihai 3rd class review,0,2024-10-20T22:29:03Z
Redmi Buds 5 Pro,YouTube,s3w_e_dthGQ,"mere bhai kisi or achey youtuber ki video hi dekh leni thi keh kesey review kertey hain airbuds ka,",0,2024-10-20T01:24:11Z
Redmi Buds 5 Pro,YouTube,s3w_e_dthGQ,iski ENC kesi h?,0,2024-09-10T19:15:22Z
Redmi Buds 5 Pro,YouTube,s3w_e_dthGQ,Bekar hai 3 ghanty say ziyada nahi chalta,0,2024-09-08T18:24:54Z
Redmi Buds 5 Pro,YouTube,s3w_e_dthGQ,"13000 ka kahan sai lia hai, hummain tu kahin bhi 20000 sai kam nahin mill raha",0,2024-06-03T20:37:20Z
Redmi Buds 5 Pro,YouTube,s3w_e_dthGQ,Be Fuzool Ki Lambi Kari he Bhai Tuney,0,2024-05-29T20:22:45Z
Redmi Buds 5 Pro,YouTube,s3w_e_dthGQ,Bhai review improve karo. Sound k bare me batio....,0,2024-05-20T05:54:48Z
Redmi Buds 5 Pro,YouTube,s3w_e_dthGQ,"I want to ask you three things about these buds:
1-Does its active noise cancellation eliminate fan noise and traffic noise completely?
2- I have Apple AirPods Pro 2nd generation, which block almost every noise.When I use my AirPods, I never feel pressure on my ears, and the transparency mode works like magic. Is it as comfortable?
3-Which local shop in Pakistan did you visit to get them for 13,000 PKR?",2,2024-03-24T14:15:27Z
Redmi Buds 5 Pro,YouTube,s3w_e_dthGQ,Earbuds kesay hai yeh,0,2024-03-21T13:25:48Z
Redmi Buds 5 Pro,YouTube,s3w_e_dthGQ,Good job 👏,0,2024-03-18T11:58:21Z
Redmi Buds 5 Pro,YouTube,s3w_e_dthGQ,Behtareeeen ❤,0,2024-03-18T00:03:39Z
Redmi Buds 5 Pro,YouTube,nhO2rJehwCc,De cuánto es la latencia?,0,2025-11-14T15:12:39Z
Redmi Buds 5 Pro,YouTube,nhO2rJehwCc,Isse achha to mera wired lightning headphone hai 😂,1,2025-05-16T13:10:04Z
Redmi Buds 5 Pro,YouTube,nhO2rJehwCc,bro your iphone have latency xDD,1,2025-03-25T14:40:29Z
Redmi Buds 5 Pro,YouTube,nhO2rJehwCc,"Это не оригинал, по коробке  видно",1,2024-12-23T16:05:42Z
Redmi Buds 5 Pro,YouTube,nhO2rJehwCc,Use the low latency setting in the xiaomi earbuds app,0,2024-11-10T09:45:23Z
Redmi Buds 5 Pro,YouTube,nhO2rJehwCc,Son impresionaste,0,2024-11-01T19:23:51Z
Redmi Buds 5 Pro,YouTube,nhO2rJehwCc,"How is ""immersive audio"" features in Redmi Buds 5 Pro for music and movies?!

(I have Buds 5 regular with me and quite satisfied with it)",8,2024-08-30T22:49:46Z
Redmi Buds 5 Pro,YouTube,nhO2rJehwCc,"I have a question 
How good is the noise cancellation",0,2024-06-26T17:36:28Z
Redmi Buds 5 Pro,YouTube,nhO2rJehwCc,Seems not that good,0,2024-06-02T20:46:40Z
Redmi Buds 5 Pro,YouTube,nhO2rJehwCc,"Bro, que tal va con cod mobile?",1,2024-04-25T15:24:31Z
Redmi Buds 5 Pro,YouTube,nhO2rJehwCc,So i should stay with my realme air 5. this Redmi 5 pro seems delay,0,2024-04-16T22:48:11Z
Redmi Buds 5 Pro,YouTube,nhO2rJehwCc,"Hi! Thanks for the video test
This latency looks good to me 

I just have a question, the ones used on this video clip are de Chinese or the Global ones?",17,2024-03-20T15:27:41Z
Redmi Buds 5 Pro,YouTube,nhO2rJehwCc,"Просто дикая задержка 😂 однозначно не для игр. Я например от Сони играю , более менее привык хоть и тоже не игровые",2,2024-03-15T18:13:05Z
Redmi Buds 5 Pro,YouTube,nhO2rJehwCc,I have a question. Can people hear what you are listening to with the earbuds?,6,2024-02-15T19:29:47Z
Redmi Buds 5 Pro,YouTube,nhO2rJehwCc,So? Do you recommend to play Pubg Mobile?,4,2024-01-28T20:10:09Z
Redmi Buds 5 Pro,YouTube,nhO2rJehwCc,Do you have an exact ms. On your testing?,4,2024-01-17T01:00:54Z
Redmi Buds 5 Pro,YouTube,nEMBFtbbjdk,"Haluz, ze vzdy rozoznas Cecha, ked vytiahne anglictinu :D Dobra anglictina a dobre video, len konstatujem :)",0,2025-12-25T16:40:23Z
Redmi Buds 5 Pro,YouTube,nEMBFtbbjdk,Thank you❤,0,2025-09-02T15:47:17Z
Redmi Buds 5 Pro,YouTube,nEMBFtbbjdk,Very useful and point of view review,0,2025-06-16T15:50:56Z
Redmi Buds 5 Pro,YouTube,nEMBFtbbjdk,I have redmi buds 5 pro and its mics are so good,0,2025-04-21T05:15:50Z
Redmi Buds 5 Pro,YouTube,nEMBFtbbjdk,You jumped right into it without any BS. Thanks for this amazing review you got a new subscriber.,1,2025-03-17T04:12:32Z
Redmi Buds 5 Pro,YouTube,nEMBFtbbjdk,How does this test work. You record the sound you hear while using the ANC?,0,2025-03-15T04:40:16Z
Redmi Buds 5 Pro,YouTube,nEMBFtbbjdk,I just bought Redmi Buds 5 Pro today and I have no regrets 😍😌,2,2025-01-14T18:49:28Z
Redmi Buds 5 Pro,YouTube,nEMBFtbbjdk,"Thnx I just ordered my Buds 5 Pro, my biggest problem is low intensity noises from the neighbors, can't wait to try them on",0,2024-12-30T16:28:23Z
Redmi Buds 5 Pro,YouTube,nEMBFtbbjdk,It's really awesome in calls Redmi 5 Pro,0,2024-12-27T12:17:07Z
Redmi Buds 5 Pro,YouTube,nEMBFtbbjdk,ㅇ,0,2024-11-22T14:52:38Z
Redmi Buds 5 Pro,YouTube,nEMBFtbbjdk,"one of the best youtuber who care your every seconds, love you",3,2024-10-24T00:50:10Z
Redmi Buds 5 Pro,YouTube,nEMBFtbbjdk,"Angličtina děsná, ale aspoň něco umíš oproti mě 👍",0,2024-10-23T23:19:48Z
Redmi Buds 5 Pro,YouTube,nEMBFtbbjdk,The best comparison ever.,2,2024-09-24T19:51:17Z
Redmi Buds 5 Pro,YouTube,nEMBFtbbjdk,Samsung is 💩,1,2024-08-29T13:47:25Z
Redmi Buds 5 Pro,YouTube,nEMBFtbbjdk,"I'll pay a few more bucks but you saved me more. Redmi 5, pro",1,2024-08-28T03:28:40Z
Redmi Buds 5 Pro,YouTube,nEMBFtbbjdk,it was very helpfull to make a choice,0,2024-08-21T22:52:03Z
Redmi Buds 5 Pro,YouTube,nEMBFtbbjdk,"I bought the redmi buds 5 pro and I can confirm thats how these buds perform, they are amazing",23,2024-08-14T15:05:08Z
Redmi Buds 5 Pro,YouTube,nEMBFtbbjdk,Bravo 👏,0,2024-08-07T14:11:16Z
Redmi Buds 5 Pro,YouTube,nEMBFtbbjdk,thanks for the video! very helpful~,0,2024-08-05T12:26:57Z
Redmi Buds 5 Pro,YouTube,nEMBFtbbjdk,Thanks 🙏,0,2024-07-31T21:24:09Z
Redmi Buds 5 Pro,YouTube,nEMBFtbbjdk,"very nice test, simple but 🔥🔥",1,2024-07-31T08:41:49Z
Redmi Buds 5 Pro,YouTube,nEMBFtbbjdk,Redmi buds 5pro 🔥🔥🔥🔥,13,2024-07-11T03:15:20Z
Redmi Buds 5 Pro,YouTube,nEMBFtbbjdk,Que diab0 é esse b4it0l4 tá falando😮,0,2024-06-20T20:15:16Z
Redmi Buds 5 Pro,YouTube,nEMBFtbbjdk,I think bro pushed te wrong button in the first one 💀,31,2024-06-14T15:40:03Z
Redmi Buds 5 Pro,YouTube,nEMBFtbbjdk,How to use earbuds (redmi buds 5 pro) as mic in recording?,1,2024-06-11T12:21:13Z
Redmi Buds 5 Pro,YouTube,nEMBFtbbjdk,"Great. I was wondering about the difference between Redmi Pro and no-Pro, and I am about to use it in meetings. You answered the question with razor-sharp precision.",16,2024-06-09T06:58:35Z
Redmi Buds 5 Pro,YouTube,nEMBFtbbjdk,Got my Redmi Buds 5 Pro for (2200 PHP / 32 USD) Damn the mic is better than Apple and Samsung? What a steal.,21,2024-05-14T12:53:51Z
Redmi Buds 5 Pro,YouTube,nEMBFtbbjdk,great video bro,0,2024-05-14T04:54:53Z
Redmi Buds 5 Pro,YouTube,nEMBFtbbjdk,you have to compare huawei freebud 3 pro too,1,2024-05-13T10:30:42Z
Redmi Buds 5 Pro,YouTube,nEMBFtbbjdk,Soo the xiaomi buds pro are the best ?!,48,2024-05-09T15:10:50Z
Redmi Buds 5 Pro,YouTube,nEMBFtbbjdk,Excelent! Thank you!,4,2024-04-25T10:31:23Z
Redmi Buds 5 Pro,YouTube,cq9APYC438U,"When Wi-Fi Mode Is Off, Does This Mean It Will Only Use Bluetooth Like The Xiaomi Buds 5 Pro Standard Bluetooth Version?",0,2025-07-15T04:51:09Z
Redmi Buds 5 Pro,YouTube,cq9APYC438U,Super tecnología lo mas top de Qualcomm,0,2025-05-23T22:24:45Z
Redmi Buds 5 Pro,YouTube,cq9APYC438U,"wonderful features and price, but I think some functions, such as wifi connectivity, don't work on my iphone15",0,2025-03-31T05:15:46Z
Redmi Buds 5 Pro,YouTube,cq9APYC438U,whatt?? wifi earbuds? how does it work?,0,2025-03-29T15:59:13Z
Redmi Buds 5 Pro,YouTube,cq9APYC438U,Xiaomi can't come up with anything on their own. Design copied from Soundcore Liberty 4 NC.,0,2025-03-27T07:50:32Z
Redmi Buds 5 Pro,YouTube,cq9APYC438U,"WE NEED THIS IN SAMSUNG, but it'll cost 2.5x the price and they'll call it Samsung Buds S Pro Ultra Wi-fi",39,2025-03-25T14:05:30Z
Redmi Buds 5 Pro,YouTube,cq9APYC438U,Works on samsung a55?tanx,1,2025-03-25T13:06:11Z
Redmi Buds 5 Pro,YouTube,cq9APYC438U,I want to buy mi earbuds because i am a redmi user i love redmi so how much price?,0,2025-03-25T09:07:55Z
Redmi Buds 5 Pro,YouTube,cq9APYC438U,Does the wifi tech work with any phone with Snapdragon gen 3 or elite? Or only Xiaomi?,17,2025-03-25T04:21:38Z
Redmi Buds 5 Pro,YouTube,cq9APYC438U,sennheiser or dis,0,2025-03-24T11:24:57Z
Redmi Buds 5 Pro,YouTube,cq9APYC438U,"no bluetooth lag, longer range",16,2025-03-23T20:39:22Z
Redmi Buds 5 Pro,YouTube,cq9APYC438U,Your device name?🤔🤔🤔🤔🤔,0,2025-03-23T19:27:20Z
Redmi Buds 5 Pro,YouTube,cq9APYC438U,I want a detailed video of this Xiaomi Buds 5 Pro with iPhone 15 or 16 Pro Max.,0,2025-03-23T18:17:02Z
Redmi Buds 5 Pro,YouTube,cq9APYC438U,Clock widget?,0,2025-03-21T05:16:25Z
Redmi Buds 5 Pro,YouTube,cq9APYC438U,Hopefully Samsung will have Wi-Fi earbuds soon,4,2025-03-19T10:25:42Z
Redmi Buds 5 Pro,YouTube,cq9APYC438U,boom,3,2025-03-13T17:32:01Z
Redmi Buds 5 Pro,YouTube,cq9APYC438U,หรูหราแมวมองดีไซน์พรีเมี่ยมมาก😎,4,2025-03-13T16:42:29Z
Redmi Buds 5 Pro,YouTube,XXmyq8BvUvU,Es bueno con apple music en Lossless?,0,2025-02-06T23:32:38Z
Redmi Buds 5 Pro,YouTube,XXmyq8BvUvU,👍👍👍👍👍,1,2024-11-23T21:16:33Z
Redmi Buds 5 Pro,YouTube,XXmyq8BvUvU,is it support spatial audio?,0,2024-11-09T23:40:22Z
Redmi Buds 5 Pro,YouTube,XXmyq8BvUvU,Is the immersive audio on this variant really so bad for movies/music?!😮,0,2024-08-30T22:31:54Z
Redmi Buds 5 Pro,YouTube,XXmyq8BvUvU,I got and it's fantastic it's mic and noise cancellation is so good,8,2024-08-26T10:01:07Z
Redmi Buds 5 Pro,YouTube,XXmyq8BvUvU,Hi my fernd - please tell me redmi buds 5 pro for music it's ok or anker librity 4????,1,2024-08-18T16:57:58Z
Redmi Buds 5 Pro,YouTube,18h7f_UK_mY,Redmi buds under 2.5k mil rha hai,1,2024-06-02T06:41:21Z
Redmi Buds 5 Pro,YouTube,18h7f_UK_mY,Bhaiya Maine bhi liye realme k buds market se usme 130 hours likha tha 30 min main bnd ho jaye he kya kru ? 😢,1,2024-03-18T02:31:03Z
Redmi Buds 5 Pro,YouTube,18h7f_UK_mY,Hey melody app has still not added OnePlus nord buds 2 for iphone. So no app support for iPhone users with OnePlus,0,2024-03-08T20:05:17Z
Redmi Buds 5 Pro,YouTube,18h7f_UK_mY,Bro make a dedicated video on newly launched cmf buds,1,2024-03-06T04:24:52Z
Redmi Buds 5 Pro,YouTube,18h7f_UK_mY,Does anyone have a suggestion for tws or neckband with neutral sound signature?,1,2024-03-05T15:37:40Z
Redmi Buds 5 Pro,YouTube,18h7f_UK_mY,"Hlo bhaiya 1800 ke around koi buds batao jiska bass aur sound quality sahi ho
Non gaming v chalega
❤❤❤❤",0,2024-03-04T10:16:16Z
Redmi Buds 5 Pro,YouTube,18h7f_UK_mY,Bhai apki video dekh noise n1 liya th fitting sai nhi aa rhi pls help 🥺🙏🏻,1,2024-03-04T05:51:43Z
Redmi Buds 5 Pro,YouTube,18h7f_UK_mY,Bro truke f1 ultra vs noise N1 which one should I pick under 1000 rs,2,2024-03-03T11:14:11Z
Redmi Buds 5 Pro,YouTube,2emzN7lwJjM,"Nothing ear a or buds fe, which has better sound quality?",0,2025-10-10T08:54:43Z
Redmi Buds 5 Pro,YouTube,2emzN7lwJjM,nothing  ... constantly disconnects and left bud turns quiet from time to time. i changed still same.problem,0,2025-07-06T19:22:37Z
Redmi Buds 5 Pro,YouTube,2emzN7lwJjM,"Great comparison. For me, that 5hr battery was enough to disqualify Nothing Ear and go for CMF Pro 2 instead.",1,2025-06-01T12:39:51Z
Redmi Buds 5 Pro,YouTube,2emzN7lwJjM,Thanks man this helped me a lot,1,2025-01-16T16:36:25Z
Redmi Buds 5 Pro,YouTube,2emzN7lwJjM,"Enjoyed this comparison video👍 enough to convince me to buy Nothing, however the price in my country were huge difference for this two😅

Keep it up 😊",1,2024-12-22T00:12:22Z
Redmi Buds 5 Pro,YouTube,2emzN7lwJjM,"@hoyoungwon please do me a favour, I know its niche but Spatial Audio Reviews don't exist and the company's take advantage of people's lack of knowledge.

I mean there's:
360 Audio
Spatial Audio
Dolby Atmos

And no distinct way to know if any have actual head-tracking where the immersion is TRULY multi-dimensional.",0,2024-12-07T15:05:43Z
Redmi Buds 5 Pro,YouTube,2emzN7lwJjM,cfm buds pro 2 review and comparison please,0,2024-11-02T21:53:01Z
Redmi Buds 5 Pro,YouTube,2emzN7lwJjM,Ok total Nothing earbuds fan lol,7,2024-10-31T04:26:01Z
Redmi Buds 5 Pro,YouTube,2emzN7lwJjM,Compare this earbuds to cmf bud 🤝,1,2024-10-27T12:31:49Z
Redmi Buds 5 Pro,YouTube,2emzN7lwJjM,Make a video about phone on different price $200 $400 $600 $800 and $1000 find a best phone on each price and compare them ❤,2,2024-10-27T12:26:41Z
Redmi Buds 5 Pro,YouTube,2emzN7lwJjM,Do you have any thoughts on the Redmi 6 Active vs Play?,2,2024-10-25T18:42:07Z
Redmi Buds 5 Pro,YouTube,2emzN7lwJjM,"I just went for the galaxy buds FE. Nice sound quality (depends on the person), very good ANC because of the fit, and good price for what it has to offer. The only problem I'm having is comfort even though it has a very good fit that matches with the ANC but I'm having a hard time having a good fit and another problem is the lack of wireless charging which i dont use much but its useful to charge straight from your phone but overall its good buds are good buds for a good price",1,2024-10-22T14:43:18Z
Redmi Buds 5 Pro,YouTube,503tSa7yTcQ,Buds 5 pro vs buds 6 pls,0,2025-04-10T22:01:39Z
Redmi Buds 5 Pro,YouTube,W5BFnLHHgTg,"The same ,but different",1,2025-03-26T20:59:28Z
Redmi Buds 5 Pro,YouTube,W5BFnLHHgTg,"slight correction redmi buds 6 pro has three drivers 1x dynamic 11mm+6.7 ceramic piezoelectric 2x, Redmi Buds 5 Pro uses a chipset made by Airoha with the Airoha AB1577SA chipset type",11,2024-12-09T12:51:10Z
Redmi Buds 5 Pro,YouTube,oaIjhzI65Oc,I am using Redmi Earbuds 3 lite. Should i buy 5 pro ? Its better sound Quality?,1,2025-01-08T22:32:27Z
Redmi Buds 5 Pro,YouTube,oaIjhzI65Oc,Is that chinees version?,0,2024-11-22T00:19:45Z
Redmi Buds 5 Pro,YouTube,oaIjhzI65Oc,"Help me I can't pair Redmi buds 5C, I recently order........",0,2024-10-19T10:58:39Z
Redmi Buds 5 Pro,YouTube,oaIjhzI65Oc,Are those better or soundcore liberty 4 NC?,0,2024-09-27T22:52:25Z
Redmi Buds 5 Pro,YouTube,oaIjhzI65Oc,Do you advise me to buy them or not?,0,2024-08-06T17:27:47Z
Redmi Buds 5 Pro,YouTube,oaIjhzI65Oc,"Realme Buds Air 6 pro VS Redmi Buds 5 pro..which is best for sound ?? and also for ANC ???? 

plz replayyyyy😭😭😭",1,2024-07-27T11:08:44Z
Redmi Buds 5 Pro,YouTube,oaIjhzI65Oc,Can anybody tell me why the battery last like 2 hours of playtime,0,2024-07-14T12:33:11Z
Redmi Buds 5 Pro,YouTube,oaIjhzI65Oc,How much is active noise cancelling?,0,2024-06-26T13:10:41Z
Redmi Buds 5 Pro,YouTube,oaIjhzI65Oc,I want ask you a question i want to buy a earbuds But I'm torn between redmi buds 5 pro and soundpeats air 4 pro Can you tell me which one is better between them?,2,2024-04-08T08:49:17Z
Redmi Buds 5 Pro,YouTube,oaIjhzI65Oc,Do you it’s better than JBL Tune 230NC TWS?,0,2024-04-05T18:17:09Z
Redmi Buds 5 Pro,YouTube,oaIjhzI65Oc,With Soundpeats engine 4 and Anker Liberty 4 NC which win mister 🙏🏻,1,2024-03-06T09:34:01Z
Redmi Buds 5 Pro,YouTube,oaIjhzI65Oc,Are better these or Huawei freebuds 5i?,0,2024-03-05T21:56:07Z
Redmi Buds 5 Pro,YouTube,oaIjhzI65Oc,Cant help but notice that beautiful knife 😍 where can i get it,0,2024-03-05T10:21:23Z
Redmi Buds 5 Pro,YouTube,oaIjhzI65Oc,Redmi buds 5pro or realme buds air 5 pro .. i want to but it tonight,0,2024-02-24T03:35:16Z
Redmi Buds 5 Pro,YouTube,oaIjhzI65Oc,ALL OF YOUR SHORTS AND VIDEOS ARE AWESOME GUYS,7,2024-02-23T20:40:06Z
Redmi Buds 5 Pro,YouTube,oaIjhzI65Oc,Is it worth it buying huawei freebuds 5i than redmi buds 5 pro?,0,2024-02-20T12:06:44Z
Redmi Buds 5 Pro,YouTube,oaIjhzI65Oc,"Is it better than OnePlus buds 3?
And how is the bass and sound quality?
Please reply",2,2024-02-19T21:53:49Z
Redmi Buds 5 Pro,YouTube,oaIjhzI65Oc,How much is this?,0,2024-01-31T08:42:23Z
Redmi Buds 5 Pro,YouTube,oaIjhzI65Oc,Con que aplicacion funcionan,1,2024-01-27T21:58:32Z
Redmi Buds 5 Pro,YouTube,oaIjhzI65Oc,"Hi, does it have Qi Wireless charging feature?",0,2024-01-17T13:03:42Z
Redmi Buds 5 Pro,YouTube,oaIjhzI65Oc,Will you also cover the gaming version sir? I'm vying on buying either one but wants to see the whole comparison,2,2024-01-08T13:10:42Z
Redmi Buds 5 Pro,YouTube,oaIjhzI65Oc,AHHH!!! FINALLY!!!,0,2024-01-08T13:09:46Z
Redmi Buds 5 Pro,YouTube,k5f8JKor12A,"For the best deal and to support this channel, please purchase these Buds through the provided links. Thank you.
Amazon- https://halpc.in/zRbtim
Flipkart- https://halpc.in/h8F7bX",2,2024-04-14T04:08:18Z
Redmi Buds 5 Pro,YouTube,k5f8JKor12A,"redmi buds 5 or soundcoure r50i nc? 
i want good sound quality and long battery life ALONG with ANC. please suggest.",0,2026-01-11T04:06:46Z
Redmi Buds 5 Pro,YouTube,k5f8JKor12A,Sir mujhe yeh 1500 m mil rha h 2026 m toh le lu ky,0,2025-12-31T18:28:58Z
Redmi Buds 5 Pro,YouTube,k5f8JKor12A,Bro abhi le sakta hu kya 1500 mein mil raha hai aur na tho konsa lu iss budget meinn,0,2025-12-09T14:27:38Z
Redmi Buds 5 Pro,YouTube,k5f8JKor12A,Kya yeh vale buds nothing buds se achha hai kya ??,0,2025-11-05T19:06:50Z
Redmi Buds 5 Pro,YouTube,k5f8JKor12A,"Maine aaj hi Mangaya ye Redmi Buds 5..      ₹1499 me 

Build quality- 3/5 
Look - 4/5
Sound - 4/5
Noise Cancellation- 4/5

Isse pehle main Oneplus Nord Buds 2r use kar rha tha , usko daily charge karna padta tha , voice break hota tha kaafi..
Kuch din baad firse review update karunga.
BTW video me aapne kaafi ache se bataya hai...Appreciated 🎉",1,2025-10-19T15:15:10Z
Redmi Buds 5 Pro,YouTube,k5f8JKor12A,bahut fursat se video banaya hai bhai.....great job,0,2025-10-03T15:33:21Z
Redmi Buds 5 Pro,YouTube,k5f8JKor12A,Bro plz help me similar proce redmi buds 5 or realme t310 at 1.7k,0,2025-08-02T02:31:04Z
Redmi Buds 5 Pro,YouTube,k5f8JKor12A,Sir mujhe redmi buds 5 and OnePlus nord buds 3 me se konsa lu mujhe dono ek hi price par mil rhe h,0,2025-05-07T00:16:48Z
Redmi Buds 5 Pro,YouTube,k5f8JKor12A,Bahut hi bekar call quality hai😢,1,2025-04-08T02:51:45Z
Redmi Buds 5 Pro,YouTube,k5f8JKor12A,"08:06
Konsa gana❌
Po*n✅
😁",0,2025-03-12T13:16:34Z
Redmi Buds 5 Pro,YouTube,k5f8JKor12A,😂 mene to offer me mangae 1100 me or is range me mujhe to sona mil gaya 😅😅😅,2,2025-03-10T16:05:53Z
Redmi Buds 5 Pro,YouTube,k5f8JKor12A,1200₹ ke order kiya hoon😂😂,0,2025-03-10T01:52:13Z
Redmi Buds 5 Pro,YouTube,k5f8JKor12A,I buy 1200 only,0,2025-03-09T12:17:27Z
Redmi Buds 5 Pro,YouTube,k5f8JKor12A,Bro 1100 me mil raha abhi..kaisa rahega aur volume level iska kaisa tha..,0,2025-03-09T05:54:58Z
Redmi Buds 5 Pro,YouTube,k5f8JKor12A,Bass k liye konsi achi h,0,2025-01-27T07:04:49Z
Redmi Buds 5 Pro,YouTube,k5f8JKor12A,Bhaiya mujhe online lecture attend karne hote hai long time tak  to please mujhe btaye with ANC konsa shi hai readmi buds 5 or Realme t310,0,2025-01-21T09:36:21Z
Redmi Buds 5 Pro,YouTube,k5f8JKor12A,"Voice quality achi hony chahyeee,,joh s mey hai,Good airbud,  ,,,",0,2024-12-02T18:13:29Z
Redmi Buds 5 Pro,YouTube,k5f8JKor12A,Adivasi hair oil use kr k review do .aapke results s hm product ko judge krenge,0,2024-11-23T17:37:38Z
Redmi Buds 5 Pro,YouTube,k5f8JKor12A,Bhai mene liya par charging light work nahi kar Raha 😢😢😢,0,2024-11-09T17:58:52Z
Redmi Buds 5 Pro,YouTube,k5f8JKor12A,Bro my redmi buds 5 is left is louder than right 😢 its normal orr not,1,2024-10-08T11:24:05Z
Redmi Buds 5 Pro,YouTube,k5f8JKor12A,Aajj received hua.. but volume and vocals bohut law he yar..kaha  loud he hi nhi .🫠🫠mene Nord 1 se switch kia  but maza nhi aa raha music sunke,0,2024-10-02T19:02:08Z
Redmi Buds 5 Pro,YouTube,k5f8JKor12A,Bhiaya Redmi Buds 5 1700 Ka Mil Raha Hai Aur Realme Buds 310 1800 Ka Kon Sa Lu,0,2024-09-30T09:28:51Z
Redmi Buds 5 Pro,YouTube,k5f8JKor12A,Bro yhe abhi 1999 ke mil rahe abhi 2024 mai lena kaisa rahega please batao mera budget 3000 ka hai,0,2024-09-26T06:47:38Z
Redmi Buds 5 Pro,YouTube,k5f8JKor12A,MI ka earbuds 5 bakbaas hai koi mat lena,0,2024-09-26T00:27:43Z
Redmi Buds 5 Pro,YouTube,k5f8JKor12A,"Sir please reply me, which buds are better cmf buds , cmf buds pro, OnePlus Nord buds 2 or redmi buds5?
Plz reply sir i have redmi buds 5, if u reply me fast i can return it.🙏🙏🙏🙏🥺.
I am your new subscriber ❤",1,2024-09-16T14:46:10Z
Redmi Buds 5 Pro,YouTube,k5f8JKor12A,Nice review,2,2024-08-24T13:08:24Z
Redmi Buds 5 Pro,YouTube,k5f8JKor12A,Adiwashi hair tel laga le bete uske baad rivie de bhai,1,2024-08-18T17:21:01Z
Redmi Buds 5 Pro,YouTube,k5f8JKor12A,I like redmi buds 5 but im not hatting this guy review  🙌🙌,5,2024-07-27T06:25:32Z
Redmi Buds 5 Pro,YouTube,k5f8JKor12A,Ye to meetha lag tha h😂😂😂😂,1,2024-07-22T19:04:06Z
Redmi Buds 5 Pro,YouTube,k5f8JKor12A,"Sir, I like your review. The way you're giving the review, point to point and clearly exact to topic. I likr the most. Congratulations",2,2024-07-22T08:30:23Z
Redmi Buds 5 Pro,YouTube,k5f8JKor12A,Cmf buds or redmi buds 5?,2,2024-07-17T13:21:24Z
Redmi Buds 5 Pro,YouTube,k5f8JKor12A,Mere ko looks ek dum bakwas laga 🤷‍♂️,3,2024-07-17T02:16:09Z
Redmi Buds 5 Pro,YouTube,k5f8JKor12A,Jitne improvement ki baat kr rh wo 10K wle mei aate hai,1,2024-07-15T12:09:01Z
Redmi Buds 5 Pro,YouTube,k5f8JKor12A,I am oneplus phone user... I need to buy earbud for mostly calling ... And music for apprx 1 hour daily only... Which one to buy.. OnePlus nord buds2 or redmmi bud 5,1,2024-07-11T03:23:30Z
Redmi Buds 5 Pro,YouTube,k5f8JKor12A,Which one should I buy redmi buds 5 or OnePlus buds 2 I am confused 😕,1,2024-06-29T05:37:09Z
Redmi Buds 5 Pro,YouTube,k5f8JKor12A,Best review ever...ignore the idiots here....,4,2024-06-24T09:09:49Z
Redmi Buds 5 Pro,YouTube,k5f8JKor12A,Jhoot bol raha hai jhoot pakadne ka expiriance h redmi ki burai ke time aankhe dekho or other airbuds ke baare me nola tab dekho eyes,1,2024-06-23T10:03:05Z
Redmi Buds 5 Pro,YouTube,k5f8JKor12A,Lagta h isko redmi ne revew ke liye kuch bhi nahi diya isliye uska  bycott kar raha hai ya fir man me khot h,1,2024-06-23T10:00:24Z
Redmi Buds 5 Pro,YouTube,k5f8JKor12A,Apne kaan me tel ya cotton rui daal le better rahega 😂😂😂 aagya revew karne redmi ka virodhi😂😂😂,3,2024-06-23T09:57:50Z
Redmi Buds 5 Pro,YouTube,k5f8JKor12A,Which tws is best for calls under 3000 please reply Brother,3,2024-06-09T19:14:12Z
Redmi Buds 5 Pro,YouTube,k5f8JKor12A,Buai 2-3thousand budget mai best tws konsa hoga,1,2024-06-08T23:10:43Z
Redmi Buds 5 Pro,YouTube,k5f8JKor12A,Is it a review???😂😂😂😂😂,1,2024-06-08T04:10:52Z
Redmi Buds 5 Pro,YouTube,k5f8JKor12A,"Redmi buds 5 vs Realme buds air 6 vs Oneplus buds 3
Need a comparision and answer",4,2024-05-28T18:37:50Z
Redmi Buds 5 Pro,YouTube,k5f8JKor12A,"Which are the two downside you mentioned?
Reply",5,2024-05-28T18:05:18Z
Redmi Buds 5 Pro,YouTube,k5f8JKor12A,This vs realme air 5?,3,2024-05-17T21:02:40Z
Redmi Buds 5 Pro,YouTube,k5f8JKor12A,Is it called a review? Lol🤣,6,2024-05-13T17:52:21Z
Redmi Buds 5 Pro,YouTube,k5f8JKor12A,review kaar raha hai yaa earbuds ko maar raha hai pata nehi chal raha.,1,2024-05-12T05:25:58Z
Redmi Buds 5 Pro,YouTube,k5f8JKor12A,Bhi tum rehne do review krne k liye,42,2024-04-30T22:03:32Z
Redmi Buds 5 Pro,YouTube,k5f8JKor12A,Sir it is connected to 5.0,1,2024-04-30T07:32:18Z
Redmi Buds 5 Pro,YouTube,k5f8JKor12A,Bro when you're coming back to telegram,1,2024-04-20T19:19:06Z
Redmi Buds 5 Pro,YouTube,k5f8JKor12A,"Bhai last year Panasonic AC liya tha aapne, usme stablizer lagaya kya ?",2,2024-03-26T21:19:57Z
Redmi Buds 5 Pro,YouTube,k5f8JKor12A,🥲after a  long time mila,1,2024-03-16T04:52:43Z
Redmi Buds 5 Pro,YouTube,k5f8JKor12A,💙💙,3,2024-03-15T19:37:07Z
Redmi Buds 5 Pro,YouTube,e733BjdGhsw,anna troll ill realme enn aahn ith redmi aahn😂❤,0,2025-12-31T16:27:28Z
Redmi Buds 5 Pro,YouTube,e733BjdGhsw,Oneplus buds 3 pro vs soundcore liberty 4 pro cheyuvo….which one is better to buy?,0,2025-07-24T06:02:21Z
Redmi Buds 5 Pro,YouTube,e733BjdGhsw,13 pro work ആണോ bro,0,2025-04-18T07:51:20Z
Redmi Buds 5 Pro,YouTube,e733BjdGhsw,Earbuds features kollam 👌,1,2025-03-28T23:17:00Z
Redmi Buds 5 Pro,YouTube,e733BjdGhsw,"Redmi buds 5
JBL Tune 235nc 
Realme T310 
Realme buds air 3
Realme buds air 6
ചേട്ടാ ഇതിലേതാ നല്ലത് please replay 🙏🙏",1,2025-02-01T08:39:05Z
Redmi Buds 5 Pro,YouTube,e733BjdGhsw,Super review🥰🥰!,1,2024-04-05T15:19:08Z
Redmi Buds 5 Pro,YouTube,e733BjdGhsw,Cool earbads🥰,1,2024-04-05T15:18:55Z
Redmi Buds 5 Pro,YouTube,e733BjdGhsw,Warnty?,1,2024-03-31T16:42:36Z
Redmi Buds 5 Pro,YouTube,e733BjdGhsw,Bro soundum korachu editum cherthu aytu koreku🥲,6,2024-03-26T17:59:16Z
Redmi Buds 5 Pro,YouTube,e733BjdGhsw,Chettane Kanan asianetile mounaragam serialile Chandra senane pole Ind ❤❤❤,1,2024-03-26T14:10:36Z
Redmi Buds 5 Pro,YouTube,e733BjdGhsw,Brand redmi anelum apple ട്രോളിയതു realme ye😅,3,2024-03-26T09:10:22Z
Redmi Buds 5 Pro,YouTube,e733BjdGhsw,Bro kurre nalleayi njan bro valiafanea or gift taramo earphone bye cheayan payissa Ella 😢,1,2024-03-26T08:33:24Z
Redmi Buds 5 Pro,YouTube,e733BjdGhsw,Ente ponnu jayarajetta ah sound effect on korak orumathiri vrithiketta sound.... 😐,12,2024-03-26T08:22:45Z
Redmi Buds 5 Pro,YouTube,e733BjdGhsw,Cmf buds ❤️,2,2024-03-26T07:53:16Z
Redmi Buds 5 Pro,YouTube,e733BjdGhsw,Kollam,1,2024-03-26T06:55:54Z
Redmi Buds 5 Pro,YouTube,e733BjdGhsw,അപ്പൊ ഇത് ഇട്ട് കെടന്നാൽ കൊതിഖിന്റെ പാട്ട് കേക്കാൻ പറ്റൂല ലെ 😂,2,2024-03-26T06:38:42Z
Redmi Buds 5 Pro,YouTube,OSIzGARzb4o,"Kya ye budget ke hisab se aabhi le sakta hu? Aabhi iska price 1500 ke under hai mujhe approximately 1100ka padega, to decos6kya rehega, please reply to me, with your honest answer.....",0,2025-12-21T15:14:43Z
Redmi Buds 5 Pro,YouTube,OSIzGARzb4o,In ear detection works only on left earbuds?,0,2025-11-13T16:49:05Z
Redmi Buds 5 Pro,YouTube,OSIzGARzb4o,Redmi buds 5 lu ya realme t310 lu redmi buds 5 1800 me mil raha hai,0,2025-07-30T14:58:58Z
Redmi Buds 5 Pro,YouTube,OSIzGARzb4o,"Bro plz reply realme T310 vs mi buds 5 which is best , especially for calling iam working outdoor",0,2025-07-07T09:37:17Z
Redmi Buds 5 Pro,YouTube,OSIzGARzb4o,Sir Redmi buds 5 and Realme Buds T310 konsa acha rahenga..,1,2025-04-15T17:46:52Z
Redmi Buds 5 Pro,YouTube,OSIzGARzb4o,Got it for 1194,0,2025-03-14T07:33:25Z
Redmi Buds 5 Pro,YouTube,OSIzGARzb4o,Bought for 1194😂,0,2025-03-10T03:40:57Z
Redmi Buds 5 Pro,YouTube,OSIzGARzb4o,"I have Redmi Buds 5, Realme Buds T300+T310 and Nirvana ION+ION ANC. If you have any questions, ask me. I will reply.",0,2024-12-21T09:20:35Z
Redmi Buds 5 Pro,YouTube,OSIzGARzb4o,Also please compare this with the Buds 6,0,2024-12-08T18:03:33Z
Redmi Buds 5 Pro,YouTube,OSIzGARzb4o,How was the call quality during riding a bike?,1,2024-12-02T03:21:32Z
Redmi Buds 5 Pro,YouTube,OSIzGARzb4o,voice out going sound is very bad 😔,0,2024-10-31T04:49:04Z
Redmi Buds 5 Pro,YouTube,OSIzGARzb4o,Bhai muje koi earbuds suggest kro jisme best calling or gamming kar sake plz under 5000,0,2024-10-15T16:53:45Z
Redmi Buds 5 Pro,YouTube,OSIzGARzb4o,1299😂,0,2024-10-02T17:52:06Z
Redmi Buds 5 Pro,YouTube,OSIzGARzb4o,1299 mein worth hain kya ye???,0,2024-10-02T17:51:23Z
Redmi Buds 5 Pro,YouTube,OSIzGARzb4o,1299 worth it to buy it ?,20,2024-10-02T17:25:06Z
Redmi Buds 5 Pro,YouTube,OSIzGARzb4o,Redmi buds 5 aur realme t310 me kiska ANC quality achha hai please reply,0,2024-09-29T11:07:33Z
Redmi Buds 5 Pro,YouTube,OSIzGARzb4o,"Oppo Enco Air 3 = dual device, in-ear detection, 3-mic, LDAC, BT 5.3


Redmi Buds 5 = dual device, in-ear detection, 2-mic, BT 5.3. No LDAC


OnePlus Nord Buds 3 Pro =  dual device, in-ear detection, 3-mic, BT 5.4.  No LDAC


Realme Buds 6 = in-ear detection, 3-mic, BT 5.3, LDAC. But  No dual device


Realme t310 = dual-device, 3-mic, BT 5.4. But no in-ear detection. No LDAC",0,2024-09-28T07:36:48Z
Redmi Buds 5 Pro,YouTube,OSIzGARzb4o,Iphone k sath iski app work krti h sir???,1,2024-09-27T13:42:24Z
Redmi Buds 5 Pro,YouTube,OSIzGARzb4o,"Redmi 5 lu ya realme t300, mera redmi 13c 5g phone hai, please bhiaya suggest 5:43",0,2024-09-25T20:13:53Z
Redmi Buds 5 Pro,YouTube,OSIzGARzb4o,Which  is best 5 pro and 5,0,2024-09-12T17:32:17Z
Redmi Buds 5 Pro,YouTube,OSIzGARzb4o,"Dada wo call aneke bat,Kan mai Lange to automatic received ho jayega",0,2024-09-10T17:28:03Z
Redmi Buds 5 Pro,YouTube,OSIzGARzb4o,In ear detection is working brilliantlu in my earbuds,0,2024-07-28T12:59:18Z
Redmi Buds 5 Pro,YouTube,OSIzGARzb4o,please compare it with cmf buds.,0,2024-07-10T06:29:04Z
Redmi Buds 5 Pro,YouTube,OSIzGARzb4o,Eski warranty hai?,0,2024-06-21T13:43:02Z
Redmi Buds 5 Pro,YouTube,OSIzGARzb4o,Warrenty hai?,0,2024-06-21T11:28:31Z
Redmi Buds 5 Pro,YouTube,OSIzGARzb4o,Bro try to talk in English,0,2024-06-17T18:48:39Z
Redmi Buds 5 Pro,YouTube,OSIzGARzb4o,Is it better than cmf buds?,0,2024-06-17T07:58:58Z
Redmi Buds 5 Pro,YouTube,OSIzGARzb4o,Bhai diksha konse buds use kr rhi h,0,2024-06-11T12:57:19Z
Redmi Buds 5 Pro,YouTube,OSIzGARzb4o,Which is best realme buds 5 qcy ht05 consider no budget,0,2024-05-22T13:04:14Z
Redmi Buds 5 Pro,YouTube,OSIzGARzb4o,"Bro Redmi 5 or Realme Air 5

Dono me se konsa lun ?",0,2024-05-22T08:10:45Z
Redmi Buds 5 Pro,YouTube,OSIzGARzb4o,"आपको मेरा प्रणाम। 
आपको मेरी नम्र विनती है कि मेने Redmi 5 bus earphone लिऐ हे तो ऐ ईयर को दोनों ईयर फोन केसे ऐक साथ बजा सकते हैं दोनों ईयर फोन को ऐक साथ में केसे बजाऐ ओर ईन ईयर फोन को सेटिंग केसे करे मने अभी अभी लिऐ है ईयर फोन पर दोनों ऐक साथ नहीं बजते है पल की अलग अलग बजते है आपको मेरी नम्र विनती कि ईस के बारे में विडियो बनाऐ। 
आप का जवाब हिन्दी भाषा में लिखे।",0,2024-05-17T08:18:47Z
Redmi Buds 5 Pro,YouTube,OSIzGARzb4o,Percentage battery charge display hota hai kya ???,0,2024-05-14T16:02:38Z
Redmi Buds 5 Pro,YouTube,OSIzGARzb4o,For outdoor and indoor calling which one is best realme buds 5 or boat airdrop supreme  ????,0,2024-05-12T11:29:39Z
Redmi Buds 5 Pro,YouTube,OSIzGARzb4o,"Redmi buds 5 vs Cmf buds, which is better",0,2024-05-10T19:21:53Z
Redmi Buds 5 Pro,YouTube,OSIzGARzb4o,Bhaiya case lock band nahi hua kyu ki aap apna finger se roke hai 😂😂😂 2:00,1,2024-05-05T07:51:18Z
Redmi Buds 5 Pro,YouTube,OSIzGARzb4o,Redmi buds 5A review? Vs redmi buds 5,1,2024-05-03T15:35:34Z
Redmi Buds 5 Pro,YouTube,OSIzGARzb4o,water resistance status?,2,2024-05-02T16:19:43Z
Redmi Buds 5 Pro,YouTube,OSIzGARzb4o,Thanks for mic audio test,0,2024-05-02T04:00:05Z
Redmi Buds 5 Pro,YouTube,OSIzGARzb4o,Which earbuds provide the clearest audio quality? Redmi Buds 5 or Buds 5 Pro ?,0,2024-04-18T17:50:35Z
Redmi Buds 5 Pro,YouTube,OSIzGARzb4o,Dusri video mey  to Bhai gira ke dikh Raha tha,0,2024-04-16T03:15:10Z
Redmi Buds 5 Pro,YouTube,OSIzGARzb4o,Which is good Redmi buds 5 or Realme buds Air 5. Please give detail comparison of both,0,2024-04-12T08:09:42Z
Redmi Buds 5 Pro,YouTube,OSIzGARzb4o,Sir should I prefer this or Nothing buds pro as both are available at almost the same price,0,2024-03-28T10:00:30Z
Redmi Buds 5 Pro,YouTube,OSIzGARzb4o,"Thank you for the explanatory review. I have one question while using it when a call comes it only beeps and does not play the ringtone, so in dual Sim we are not able to identify which Sim phone call is on.
How to get the ringtone in earbuds",1,2024-03-21T16:22:52Z
Redmi Buds 5 Pro,YouTube,OSIzGARzb4o,Boat Nirvana ion anc vs redmi buds which will you suggest,1,2024-03-18T08:48:39Z
Redmi Buds 5 Pro,YouTube,OSIzGARzb4o,Redmi 5 buds vs oneplus nord 2 vs realme air 5 vs oppo enco...which is better ?,0,2024-03-10T11:41:26Z
Redmi Buds 5 Pro,YouTube,OSIzGARzb4o,Mera redmi 5 buds ka sound beez beez me gayab hojata hai ise kaise thik kare,3,2024-03-08T19:40:14Z
Redmi Buds 5 Pro,YouTube,OSIzGARzb4o,Redmi buds 5 or realme air 5 or realme air 5 pro. Which one is more value for money. Good sound quality with decent ANC and dual pairing is priority,0,2024-03-08T18:29:46Z
Redmi Buds 5 Pro,YouTube,OSIzGARzb4o,Redmi buds 5 vs realme buds air 5. Konsa loo.,0,2024-03-04T11:58:48Z
Redmi Buds 5 Pro,YouTube,OSIzGARzb4o,"thanks for review , one plus nord buds 2 tws vs ye redmi 5 , ye dono me konsa acha h outdoor/ bike chalate waqt calling k liye?
muje acha mic lena h calling wala suggest any below 3.5/4k",0,2024-03-04T06:37:59Z
Redmi Buds 5 Pro,YouTube,OSIzGARzb4o,Reply pls.. Whats the Best mic quality TWS under Rs.5000?,0,2024-02-29T03:10:59Z
Redmi Buds 5 Pro,YouTube,OSIzGARzb4o,Is this good for calling compared to other tws under Rs.5000,0,2024-02-29T03:09:37Z
Redmi Buds 5 Pro,YouTube,OSIzGARzb4o,Wow am amazed with the mic quality😮😮😮,0,2024-02-28T11:07:50Z
Redmi Buds 5 Pro,YouTube,OSIzGARzb4o,"Sir, One plus buds z2 jaise dikhne waale koi buds hai ??",1,2024-02-27T13:51:50Z
Redmi Buds 5 Pro,YouTube,OSIzGARzb4o,Nice video bro. I thought of going for this but dropped my decision. What about honor choice buds ????,2,2024-02-27T09:03:07Z
Redmi Buds 5 Pro,YouTube,OSIzGARzb4o,Sir oneplus nord buds 2 vs redmi buds 5 which is best for calling indoor and outdoor reply plez,0,2024-02-27T06:10:01Z
Redmi Buds 5 Pro,YouTube,OSIzGARzb4o,Sir iss  earbuds me ENC Mod perfect hai kya. . .. plz bataye..,1,2024-02-27T04:32:58Z
Redmi Buds 5 Pro,YouTube,OSIzGARzb4o,have dolby atmos?,2,2024-02-27T02:43:28Z
Redmi Buds 5 Pro,YouTube,OSIzGARzb4o,Bro isko oneplus nord buds 2 se compare karo or batao kon better hai please,1,2024-02-26T09:19:58Z
Redmi Buds 5 Pro,YouTube,OSIzGARzb4o,1500 ka quality 3000 mein bech rahe ye,0,2024-02-26T02:41:38Z
Redmi Buds 5 Pro,YouTube,OSIzGARzb4o,Please compare this with oppo enco air 2 pro,0,2024-02-26T01:06:08Z
Redmi Buds 5 Pro,YouTube,OSIzGARzb4o,Can you compare it with t300?,1,2024-02-25T19:18:01Z
Redmi Buds 5 Pro,YouTube,OSIzGARzb4o,Redmi bud 5 vs OnePlus bud 3,0,2024-02-25T15:13:44Z
Redmi Buds 5 Pro,YouTube,OSIzGARzb4o,"Thanks for the review, was waiting for it !!",1,2024-02-25T11:17:59Z
Redmi Buds 5 Pro,YouTube,OSIzGARzb4o,Defy Gravity Z is best for calling 👍,0,2024-02-25T11:14:37Z
Redmi Buds 5 Pro,YouTube,OSIzGARzb4o,Sir noise cancellation kisme better h realme 5 pro me ya fr redmi,0,2024-02-25T04:59:43Z
Redmi Buds 5 Pro,YouTube,OSIzGARzb4o,Redmi buds 5 lai ya boat Nirvana  anc lai dono main konsa aacha hain,1,2024-02-24T17:37:10Z
Redmi Buds 5 Pro,YouTube,OSIzGARzb4o,"Very good review. Plz review redmi buds 5 vs realme buds T300, although i know the price gap but plz do this comparison.",1,2024-02-24T15:47:44Z
Redmi Buds 5 Pro,YouTube,OSIzGARzb4o,Cmf buds pro vs nord buds 2 vs redmi buds 5,4,2024-02-24T15:44:40Z
Redmi Buds 5 Pro,YouTube,OSIzGARzb4o,"Overpriced
It should be at 2500",0,2024-02-24T15:23:05Z
Redmi Buds 5 Pro,YouTube,OSIzGARzb4o,App ayese review dete rahenge to bank account khali ho jayega humara 😂,0,2024-02-24T13:58:12Z
Redmi Buds 5 Pro,YouTube,OSIzGARzb4o,Sir please make vedio on MiVi duopods i2,0,2024-02-24T13:18:58Z
Redmi Buds 5 Pro,YouTube,OSIzGARzb4o,Redmi ya realme 5 ..... Best rhega  realme 3400 me ya redmi 3000 me,0,2024-02-24T11:33:53Z
Redmi Buds 5 Pro,YouTube,OSIzGARzb4o,"bhai iska realme t300 se comparison plz, konsa better h???",0,2024-02-24T10:09:25Z
Redmi Buds 5 Pro,YouTube,OSIzGARzb4o,SIR PLEASE SUGGEST BEST  TWS FOR MUSIC & OUTDOOR CALLS UNDER 3000,0,2024-02-24T08:10:26Z
Redmi Buds 5 Pro,YouTube,OSIzGARzb4o,Make a videos on best ear buds under 2000 in 2024,0,2024-02-24T06:59:39Z
Redmi Buds 5 Pro,YouTube,OSIzGARzb4o,3 hajar ka isse badia toh sale me galaxy buds 6 hazar jodkar lelo,0,2024-02-24T05:55:20Z
Redmi Buds 5 Pro,YouTube,OSIzGARzb4o,Diksha ki ph.no do bhai plz ...,0,2024-02-24T05:24:51Z
Redmi Buds 5 Pro,YouTube,OSIzGARzb4o,Bro plz reply which is the best neckband under 5k,1,2024-02-24T05:07:15Z
Redmi Buds 5 Pro,YouTube,OSIzGARzb4o,Sur mujhe ek 1000 rs ke aas pas muhhe sirf music sunana hai aur call par baat karna hai kon sa best hai,1,2024-02-24T04:37:53Z
Redmi Buds 5 Pro,YouTube,OSIzGARzb4o,Bhaiya jbl apne wave flex launch kar rha hai to uska bhi review kar dena,2,2024-02-24T03:21:19Z
Redmi Buds 5 Pro,YouTube,OSIzGARzb4o,One plus 2 Pro vs realm me 5pro comparison video do,0,2024-02-24T02:27:14Z
Redmi Buds 5 Pro,YouTube,OSIzGARzb4o,Compare with realme t300 and boat nirvana ion ANC.,2,2024-02-23T19:45:21Z
Redmi Buds 5 Pro,YouTube,OSIzGARzb4o,Plz Tell me Normal temperature of ear bud.. my earbud heating,0,2024-02-23T19:41:35Z
Redmi Buds 5 Pro,YouTube,OSIzGARzb4o,"Triggr
Don't entertain this brand ..
Faltu customer care...
Don't encourage ...
No replacement or repair
Don't spoil  public money

You Supported triggr..
Warrenty issues a lot more 
No response from the brand",12,2024-02-23T19:36:48Z
Redmi Buds 5 Pro,YouTube,OSIzGARzb4o,"Bro plz tell noisefit mettalix vs mettle, which is better???",1,2024-02-23T18:57:55Z
Redmi Buds 5 Pro,YouTube,OSIzGARzb4o,AP khud bolte ho Bass utna khass nahi laga...to kis hisab se ratings derah ho 8/10 ki..Aache Bass Wale buds ko bhi same rate detey ho...Mujhe apka hisab kitab kuch samaj me nahi aaya,0,2024-02-23T18:04:00Z
Redmi Buds 5 Pro,YouTube,OSIzGARzb4o,Which is better redmi buda 5 or nothing cmf buds pro?,1,2024-02-23T17:54:00Z
Redmi Buds 5 Pro,YouTube,OSIzGARzb4o,Best over ear headphones under 2k sir?,0,2024-02-23T17:50:53Z
Redmi Buds 5 Pro,YouTube,OSIzGARzb4o,"Bro news tells that an earbuds too will be launched along with neckband by nothing. Pls check and tell me bro if it's genuine.☺️☺️❤️❤️
On 5th March..",1,2024-02-23T17:41:30Z
Redmi Buds 5 Pro,YouTube,OSIzGARzb4o,Please let us know which is better for calling purpose.,0,2024-02-23T16:37:44Z
Redmi Buds 5 Pro,YouTube,OSIzGARzb4o,Lekin sir mere pass redmi 9 smartphone hai usme bass bariya a Raha hai redmi buds 5ke through 🙂,0,2024-02-23T15:51:46Z
Redmi Buds 5 Pro,YouTube,OSIzGARzb4o,expected better quality from redmi,0,2024-02-23T15:46:12Z
Redmi Buds 5 Pro,YouTube,OSIzGARzb4o,cmf abhi 2500 me mil rahe flipkart pe,3,2024-02-23T15:45:28Z
Redmi Buds 5 Pro,YouTube,OSIzGARzb4o,😍😍,0,2024-02-23T15:36:21Z
Redmi Buds 5 Pro,YouTube,OSIzGARzb4o,Realme air 5 vs redmi 5,0,2024-02-23T15:25:57Z
Redmi Buds 5 Pro,YouTube,OSIzGARzb4o,Bhai Sahab Kabhi Diksha Ji Ka Review Kijiye 😅,6,2024-02-23T15:25:41Z
Redmi Buds 5 Pro,YouTube,OSIzGARzb4o,Super review very good 👍,0,2024-02-23T14:52:51Z
Redmi Buds 5 Pro,YouTube,OSIzGARzb4o,How to set up xiaomi account and how to login ? Please make an another vlog,0,2024-02-23T14:52:31Z
Redmi Buds 5 Pro,YouTube,OSIzGARzb4o,noise buds n1 kaisa hain,0,2024-02-23T14:43:13Z
Redmi Buds 5 Pro,YouTube,OSIzGARzb4o,"Bhaisab hamare pas realme buds t300 hai 
Kya redmi t300 se better hai",0,2024-02-23T14:21:43Z
Redmi Buds 5 Pro,YouTube,OSIzGARzb4o,"Should have a low latency mode, even 800 rupees tws offers that !",2,2024-02-23T14:20:36Z
Redmi Buds 5 Pro,YouTube,OSIzGARzb4o,Amazing video ❤❤❤,0,2024-02-23T14:17:49Z
Redmi Buds 5 Pro,YouTube,OSIzGARzb4o,"Looks very ugly, like a 700 rupee product. They should have invested more on design and feel good factor.
Airpod clones are being sold for 500 rupees, they should plug their hardware on those clones and charge 2500 for them.",1,2024-02-23T14:14:55Z
Redmi Buds 5 Pro,YouTube,OSIzGARzb4o,If this earbuds and cmf is available at same prime which one should i choose,2,2024-02-23T13:57:22Z
Redmi Buds 5 Pro,YouTube,OSIzGARzb4o,"They increase the price rs.2,999 i search that this earbuds launch 199Yuan in china and 27$ dollar in USA its around rs2,300 and i thought they launching this rs.1,999 i don't expect from redmi and xaomi .... better like Realme, one plus, oppo they selling in India lower the price of Chinese Market so don't buy overpriced earbuds expect if your rich person........ 😮‍💨😮‍💨😮‍💨If your buying Egnore this comment",21,2024-02-23T13:57:16Z
Redmi Buds 5 Pro,YouTube,OSIzGARzb4o,Bhai redmi ka ye earbud haaga hua haa ishe acha koi realme t300 ya boat Nirvana ion anc naa lee😂,2,2024-02-23T13:50:29Z
Redmi Buds 5 Pro,YouTube,OSIzGARzb4o,"Bro are new nothing buds going to be released pls tell me bro??
On 5th March..",2,2024-02-23T13:41:47Z
Redmi Buds 5 Pro,YouTube,OSIzGARzb4o,"Bhai
Vibration bass me earbuds konsay achay he ??",1,2024-02-23T13:39:15Z
Redmi Buds 5 Pro,YouTube,OSIzGARzb4o,"Hello sir
Good evening 😊",0,2024-02-23T13:31:10Z
Redmi Buds 5 Pro,YouTube,-G1ksLUyl6U,Bro sound quality and loudness paathi solle mudiyuma ? Recently my redmi buds 4 suddenly not working. So planning to buy this one ..,0,2025-11-10T17:12:47Z
Redmi Buds 5 Pro,YouTube,-G1ksLUyl6U,Oppo Reno m32 1800 three years back today working super,1,2025-11-03T11:46:12Z
Redmi Buds 5 Pro,YouTube,-G1ksLUyl6U,Bruh enaku price:  1499 ku katuthu bro worth thana bro🤩🔥,1,2025-10-09T08:04:27Z
Redmi Buds 5 Pro,YouTube,-G1ksLUyl6U,சீக்கிரம் கம்பளைண்ட் ஆகுது,0,2025-07-19T10:54:30Z
Redmi Buds 5 Pro,YouTube,-G1ksLUyl6U,best camera mobile under 30k podu bro photos and videos 4k la irukura mobile bro,0,2025-07-17T13:45:37Z
Redmi Buds 5 Pro,YouTube,-G1ksLUyl6U,Im recently purchase Oneplus nord 3 pro buds Pakka mass uh ga🥰🥰🥰,1,2025-07-15T13:36:44Z
Redmi Buds 5 Pro,YouTube,-G1ksLUyl6U,Ethu  na 3500 ki vangunen😢😢,1,2025-07-15T12:14:25Z
Redmi Buds 5 Pro,YouTube,-G1ksLUyl6U,Cmf buds 2 itha Vida semma worth bro,0,2025-07-15T09:23:33Z
Redmi Buds 5 Pro,YouTube,-G1ksLUyl6U,Not good average sound quality,1,2025-07-14T02:08:34Z
Redmi Buds 5 Pro,YouTube,-G1ksLUyl6U,Is it worth upgrading buds 4 to buds 5 ?,4,2025-07-14T01:04:52Z
Redmi Buds 5 Pro,YouTube,-G1ksLUyl6U,"Romba naal wait pani buy pannen bro totally worth because 3000 ku launch achu ipo price 1800 ku black color purchase pannen, great sound quality and one of the best in segment call quality💯",6,2025-07-13T18:05:54Z
Redmi Buds 5 Pro,YouTube,-G1ksLUyl6U,I could not see the link bro. How to see it,2,2025-07-13T17:40:18Z
Redmi Buds 5 Pro,YouTube,WdGWmjyQQq0,Satisfaction video,1,2025-10-03T09:58:33Z
Redmi Buds 5 Pro,YouTube,WdGWmjyQQq0,LDCk LHDC support,1,2025-08-10T05:10:52Z
Redmi Buds 5 Pro,YouTube,WdGWmjyQQq0,Abhi 1800 me mil raha hai 😂,1,2025-06-06T05:13:17Z
Redmi Buds 5 Pro,YouTube,WdGWmjyQQq0,Bro can it customise using xiaomi smart hub?,1,2024-11-26T15:07:17Z
Redmi Buds 5 Pro,YouTube,WdGWmjyQQq0,i  got it for 1300 in sale and its amazing i must say true tws.,4,2024-10-09T10:04:57Z
Redmi Buds 5 Pro,YouTube,WdGWmjyQQq0,Bro Ordered for 1250. Worth it?,3,2024-10-07T02:28:41Z
Redmi Buds 5 Pro,YouTube,WdGWmjyQQq0,"Hii brother, i want to know that , the ""in-ear detection"" features only works with one earbud? Means when i remove my left earbuds then the song pauses and when i put it back the sound resumes,but same thing is not happening for my right ear bud !!! 
Can you help me figure out this?? 📌 📌 📌 📌 📌",5,2024-10-06T11:05:00Z
Redmi Buds 5 Pro,YouTube,WdGWmjyQQq0,realme buds t310 -1500rs             redmi buds 5-1300rs me order kiya kaun sa sahi rahega because ak ko cancel karna hai please reply,1,2024-10-03T04:41:10Z
Redmi Buds 5 Pro,YouTube,WdGWmjyQQq0,Redmi buds 5 1400 ka mil rha h,4,2024-10-02T17:44:14Z
Redmi Buds 5 Pro,YouTube,WdGWmjyQQq0,Bro Redmi Buds 5 aur Realme Buds T310 mein se konsa best hai?... Both are available at 1900rs,2,2024-10-02T01:39:42Z
Redmi Buds 5 Pro,YouTube,WdGWmjyQQq0,Bhaiya i am a student i have to use the earbud for at least 6-7 hour so which earbud i should purchase between redmi buds 5 and realme t310 bcs both are available at 1999.,2,2024-09-28T04:28:31Z
Redmi Buds 5 Pro,YouTube,WdGWmjyQQq0,Redmi buds 5 or realme t310?? Both are available at similar price (1700) please reply,0,2024-09-27T02:16:35Z
Redmi Buds 5 Pro,YouTube,WdGWmjyQQq0,Bhaiya 2000 mein redmi buds 5 kaisi deal hai ya 2000 mein better earbuds,0,2024-09-26T09:49:08Z
Redmi Buds 5 Pro,YouTube,WdGWmjyQQq0,Bro mujhe aaj hi Amazon se delivered hua hai redmi buds 5 sab kuch genuine lag raha hai Xiaomi authentic web site pr check Kiya to authentic dikha raha hai but ek problem hai jab maine case open Kiya to buds rakhte hai uske niche Wale glossy area me scretch dikh raha hai,1,2024-08-25T21:27:34Z
Redmi Buds 5 Pro,YouTube,WdGWmjyQQq0,How is the sound stage?,1,2024-08-24T18:15:56Z
Redmi Buds 5 Pro,YouTube,WdGWmjyQQq0,Why the in case led is always on while not using buds?,2,2024-07-17T17:58:23Z
Redmi Buds 5 Pro,YouTube,WdGWmjyQQq0,Realme buds t300 vs Redmi buds 5,8,2024-07-11T05:09:50Z
Redmi Buds 5 Pro,YouTube,WdGWmjyQQq0,Agar kisina inke website BINSIDE sa koi product kharida he to bol sakta he kya genuine he aur trust kiya ja sakta he product pe??,0,2024-07-08T17:56:08Z
Redmi Buds 5 Pro,YouTube,WdGWmjyQQq0,"Bro, thanks for detailed review, you are giving us best review

Bro, mujhe chahiye high bass with crystal clear sound, best mic, dust and waterproof 

Kon sa lu brother",2,2024-07-01T10:37:59Z
Redmi Buds 5 Pro,YouTube,WdGWmjyQQq0,Does it works with iPhone??,3,2024-06-13T13:37:46Z
Redmi Buds 5 Pro,YouTube,WdGWmjyQQq0,Automatic disconnected ho jata hai,0,2024-06-06T14:24:27Z
Redmi Buds 5 Pro,YouTube,WdGWmjyQQq0,Kya warrnty dete hai???,0,2024-06-04T20:06:51Z
Redmi Buds 5 Pro,YouTube,WdGWmjyQQq0,Please compare with cmf buds ( not pro),1,2024-05-25T19:14:05Z
Redmi Buds 5 Pro,YouTube,WdGWmjyQQq0,"Which one is better 
Realme air 5 or redmi buds 5",2,2024-05-22T07:45:48Z
Redmi Buds 5 Pro,YouTube,WdGWmjyQQq0,Bro abhi sab offer lagake ye 2000rs main mil raha he.kya isse lena sahi rahega overall sound quality ke hisab se.,2,2024-05-21T12:20:50Z
Redmi Buds 5 Pro,YouTube,WdGWmjyQQq0,Compare with t300 or cmf buds,0,2024-05-19T18:06:44Z
Redmi Buds 5 Pro,YouTube,WdGWmjyQQq0,Realme buds air 5 vs Redmi buds 5 which is best for mainly calling purpose INDOOR OUTDOOR BOTH please reply BROTHER,2,2024-05-19T08:45:14Z
Redmi Buds 5 Pro,YouTube,WdGWmjyQQq0,Bhai honor choice earbuds X3 lite ka video lao,2,2024-05-13T09:15:54Z
Redmi Buds 5 Pro,YouTube,WdGWmjyQQq0,"Great! Very detailed review. 😄
Until now, I believed that Neckband is any day better than TWS for calling purpose. But watching this video had me reconsider current scenario of TWS at low budget.

Ques:
Redmi Buds 5 vs Realme Buds Wireless 3 (neckband)
or some other Neckband/TWS? Budget approx ₹2k.
Primarily for Calls/meetings (should catch low intensity voice clearly in silent room and normal intensity voice in noisy environment) and casual BGMI. Should work seamlessly with iPhone. The extra features are secondary for me.",1,2024-05-12T19:22:21Z
Redmi Buds 5 Pro,YouTube,WdGWmjyQQq0,Bro do the review of Redmi buds 5a too,1,2024-05-12T15:21:02Z
Redmi Buds 5 Pro,YouTube,WdGWmjyQQq0,t300 or ye wala,0,2024-05-12T10:35:11Z
Redmi Buds 5 Pro,YouTube,WdGWmjyQQq0,ami 2400 te kena6i,0,2024-05-12T09:57:29Z
Redmi Buds 5 Pro,YouTube,WdGWmjyQQq0,Bhaiya accha balanced sound kisme hai cmf ya t300,2,2024-05-12T08:53:54Z
Redmi Buds 5 Pro,YouTube,WdGWmjyQQq0,Cmf buds pro or redmi buds 5??? Kaun sa behtar hai?,2,2024-05-12T08:30:57Z
Redmi Buds 5 Pro,YouTube,WdGWmjyQQq0,"bhai redmi buds 5 ke dual connection me issue h jab pehle device pr music/video chal rh ho toh agar dusre device pr notification v aa gya toh pehle device me music/video  10 second ke liy mute ho jaata h
Maine ishe buy kiya tha amazon se 3000 me baaki sab bhut bhut achha h bas dual connection me yeh problm lagi muje",0,2024-05-12T07:58:12Z
Redmi Buds 5 Pro,YouTube,WdGWmjyQQq0,Which earbud is best redmi 5 or realme air 5 for calling?,0,2024-05-12T07:54:13Z
Redmi Buds 5 Pro,YouTube,WdGWmjyQQq0,বাংলায় একটা channel আনবেন please! 😊,0,2024-05-12T07:06:26Z
Redmi Buds 5 Pro,YouTube,WdGWmjyQQq0,I have oneplus buds 3 and redmi buds 5. Believe me guys aap yakin nahi karoge lekin sound quality aap clearly samaj sakte ho. Redmi buds 5 ke liye definitely jao agar aap lena chahte ho to 👍👍👍,5,2024-05-12T06:31:34Z
Redmi Buds 5 Pro,YouTube,WdGWmjyQQq0,❤❤❤❤❤❤❤❤❤,0,2024-05-12T05:51:33Z
Redmi Buds 5 Pro,YouTube,WdGWmjyQQq0,2500 mai kaise mila? Flipkart and amazon mai 2700 ka hai.,0,2024-05-12T05:42:00Z
Redmi Buds 5 Pro,YouTube,WdGWmjyQQq0,"Bhaiya ek chiz puchna tha 
Mujh3 cmf by nothing or realmet300 me bohot confusion hai mujhe online class or music sun ne ke liye chahiye",4,2024-05-12T05:27:24Z
Redmi Buds 5 Pro,YouTube,shcKpzIczAg,1k pods gayab ho gya. H reset kaise kru,0,2025-12-22T14:15:11Z
Redmi Buds 5 Pro,YouTube,shcKpzIczAg,Luda sound problem h ye,0,2025-11-05T18:45:44Z
Redmi Buds 5 Pro,YouTube,shcKpzIczAg,Yesterday i paying only 1300 air Buds 5c super hai bhai le sakte h ✅,0,2025-10-25T03:27:31Z
Redmi Buds 5 Pro,YouTube,shcKpzIczAg,my redmi buds 5c just won't get connected to the app...anyone can help?,0,2025-10-07T16:04:36Z
Redmi Buds 5 Pro,YouTube,shcKpzIczAg,Bhaii game mode kaise on karna hai please bhaii bata do,0,2025-10-03T03:49:54Z
Redmi Buds 5 Pro,YouTube,shcKpzIczAg,5g,0,2025-10-01T19:59:20Z
Redmi Buds 5 Pro,YouTube,shcKpzIczAg,Mat lena sound bhut kam ha,0,2025-10-01T18:55:29Z
Redmi Buds 5 Pro,YouTube,shcKpzIczAg,I Bought at 1499 and Sound 👌,1,2025-08-12T15:53:38Z
Redmi Buds 5 Pro,YouTube,shcKpzIczAg,Sound quality ekdum bekar hai koi mza nhi dabba quality in sound,0,2025-07-22T04:56:45Z
Redmi Buds 5 Pro,YouTube,shcKpzIczAg,Which watch are you wearing,0,2025-07-17T18:07:37Z
Redmi Buds 5 Pro,YouTube,shcKpzIczAg,iPhone mai volume decrease to nhi hogi iski ? Please reply,0,2025-07-12T12:30:27Z
Redmi Buds 5 Pro,YouTube,shcKpzIczAg,Bass loud hai?,0,2025-07-09T16:25:22Z
Redmi Buds 5 Pro,YouTube,shcKpzIczAg,"It is very bad earbuds, don't bying  anyone",0,2025-06-24T03:19:05Z
Redmi Buds 5 Pro,YouTube,shcKpzIczAg,Water resistant ?,0,2025-03-09T21:52:25Z
Redmi Buds 5 Pro,YouTube,shcKpzIczAg,Bass kesa hai?,1,2025-01-08T17:34:45Z
Redmi Buds 5 Pro,YouTube,shcKpzIczAg,What the app for ear buds mi,0,2024-11-16T23:53:57Z
Redmi Buds 5 Pro,YouTube,shcKpzIczAg,Realme t300 is best,0,2024-11-01T03:18:41Z
Redmi Buds 5 Pro,YouTube,shcKpzIczAg,I yesterday buyed same earbud in 1799 rs,0,2024-10-27T07:00:06Z
Redmi Buds 5 Pro,YouTube,shcKpzIczAg,Kalrity 3 enters the chat 😂,0,2024-10-18T14:25:49Z
Redmi Buds 5 Pro,YouTube,shcKpzIczAg,"Kyu bhi glt influence krte ho logo ko, kitna jada distrotion h sound me bilkul bhi worthy product nhi h yeh is se ache kafi or earbuds h isi price point pe",1,2024-10-10T18:04:34Z
Redmi Buds 5 Pro,YouTube,shcKpzIczAg,Bhai Mat lena Bekar h Sound quality bhi ok ok h aur beech beech me awaaz Fatne lagti h,0,2024-10-09T17:33:31Z
Redmi Buds 5 Pro,YouTube,shcKpzIczAg,Gaming mode Nehi he kiya bhi❤,0,2024-10-08T12:38:58Z
Redmi Buds 5 Pro,YouTube,shcKpzIczAg,2000 me OnePlus nord buds 3 best he,0,2024-10-06T14:04:20Z
Redmi Buds 5 Pro,YouTube,shcKpzIczAg,Secret Code:- BUY350,0,2024-09-29T17:24:28Z
Redmi Buds 5 Pro,YouTube,shcKpzIczAg,Muje 1150 ka mil rha hai abb,1,2024-09-29T03:32:16Z
Redmi Buds 5 Pro,YouTube,shcKpzIczAg,I bought at 1299 from Mi store,16,2024-09-28T13:37:07Z
Redmi Buds 5 Pro,YouTube,shcKpzIczAg,Mere pas black clour me he,0,2024-09-24T03:05:26Z
Redmi Buds 5 Pro,YouTube,shcKpzIczAg,Compatible with iphone?,1,2024-09-23T12:32:51Z
Redmi Buds 5 Pro,YouTube,shcKpzIczAg,1799 me mile muje vo bhi redmi ke shoroom me 😅,2,2024-09-18T16:25:31Z
Redmi Buds 5 Pro,YouTube,shcKpzIczAg,Bekar hai 😂,1,2024-09-18T02:45:12Z
Redmi Buds 5 Pro,YouTube,shcKpzIczAg,Redmi 5c burds me fingar touch hai ya nhi hai reply me,1,2024-08-26T15:57:05Z
Redmi Buds 5 Pro,YouTube,shcKpzIczAg,How to turn on low latency?,4,2024-08-26T07:23:54Z
Redmi Buds 5 Pro,YouTube,shcKpzIczAg,What time laptop giveaway will be announced Please Reply ❤,2,2024-08-24T08:02:12Z
Redmi Buds 5 Pro,YouTube,shcKpzIczAg,what happened to the laptop giveaway. On which day will it be announced,7,2024-08-24T03:49:25Z
Redmi Buds 5 Pro,YouTube,shcKpzIczAg,Unique and beautiful 👌,17,2024-08-24T03:44:27Z
Redmi Buds 5 Pro,YouTube,shcKpzIczAg,Gaming latency hai ki nahi,4,2024-08-23T15:18:44Z
Redmi Buds 5 Pro,YouTube,shcKpzIczAg,no BT 5.4 🫤,1,2024-08-23T12:55:39Z
Redmi Buds 5 Pro,YouTube,L5IRjZXPgCU,"""Aap ₹1999 mein ANC wale Redmi Buds loge ya Realme ke? Comment karo! ❤️ Like karna mat bhoolna agar video helpful laga!""",1,2025-07-01T12:10:37Z
Redmi Buds 5 Pro,YouTube,L5IRjZXPgCU,You are using hash tags but that are not effective for your videoa,0,2025-07-02T13:18:13Z
Redmi Buds 5 Pro,YouTube,L5IRjZXPgCU,First video?,1,2025-07-01T12:33:56Z
Redmi Buds 5 Pro,YouTube,Dwd7nutFHtE,"Black Friday Preview: Ho-Ho-Holy Savings! Up To 50% Off
Link: 👉🏻 https://imp.i104546.net/c/4101479/2200554/11256?partnerpropertyid=4140875",0,2024-11-26T15:09:42Z
Redmi Buds Essential,YouTube,6f9kI8TwyRc,https://s.click.aliexpress.com/e/_DDTfWgL,1,2023-07-29T08:22:28Z
Redmi Buds Essential,YouTube,LgIxPdGC41g,Mine do not work why is that,1,2025-01-16T18:16:13Z
Redmi Buds Essential,YouTube,LgIxPdGC41g,do they fall from ear,1,2024-03-08T08:55:46Z
Redmi Buds Essential,YouTube,LgIxPdGC41g,Can I suggest that you write a script before you begin to record a video.,1,2024-01-18T06:52:59Z
Redmi Buds Essential,YouTube,LgIxPdGC41g,What a terrible accent.,0,2023-12-29T19:57:47Z
Redmi Buds Essential,YouTube,LgIxPdGC41g,"I've bought many tws and they keep failing. Are these long-lasting, will they last 2 years or more?",0,2023-08-26T18:25:39Z
Redmi Buds Essential,YouTube,LgIxPdGC41g,"What is better, redmi buds essential, 3 lite, 3, 4 lite or 4?",2,2023-07-04T16:33:55Z
Redmi Buds Essential,YouTube,LgIxPdGC41g,Which is better this or xiaomi buds 3 lite?,1,2023-05-19T02:22:53Z
Redmi Buds Essential,YouTube,LgIxPdGC41g,Is there a way of finding out the battery percent of the earbuds during use like using an app or something?,2,2023-03-15T20:15:08Z
Redmi Buds Essential,YouTube,LgIxPdGC41g,is it normal that while charging the red light turning of?,1,2023-03-15T17:01:23Z
Redmi Buds Essential,YouTube,LgIxPdGC41g,Is charging jack os B type or C type?,1,2023-02-04T11:17:19Z
Redmi Buds Essential,YouTube,yNMjWnJw8hI,I use that right now and it's super good tho,0,2026-01-11T20:30:10Z
Redmi Buds Essential,YouTube,yNMjWnJw8hI,pro or this one better?,0,2025-12-30T09:04:07Z
Redmi Buds Essential,YouTube,yNMjWnJw8hI,I want.,1,2025-12-16T02:26:41Z
Redmi Buds Essential,YouTube,yNMjWnJw8hI,Tem a qualidade de fones com fio da Sony ex 14ap...,0,2025-12-06T19:53:01Z
Redmi Buds Essential,YouTube,yNMjWnJw8hI,"I bought these and really I don't get why these are praised. THe only thing  good about them is that they are cheap. The audio sounds like the classic poor implemented SBC codec, mangled through ultra cheap chips like the DSP, DAC and amp chips. It sounds like playing a stereo mp3 at 64Kbit/s. The acoustics are actually not that bad. But the sound coming out of the drivers is shit.",0,2025-12-04T23:49:15Z
Redmi Buds Essential,YouTube,yNMjWnJw8hI,Very good isolation,1,2025-12-04T16:33:06Z
Redmi Buds Essential,YouTube,yNMjWnJw8hI,Bekar hai me liya tha but sound problem hua repairing kar neka bad bhi thiki nahi hua 😞,1,2025-11-30T03:32:32Z
Redmi Buds Essential,YouTube,yNMjWnJw8hI,Hey maybe when you're done reviewing them maybe you could lend me please 🥺,0,2025-11-28T10:48:31Z
Redmi Buds Essential,YouTube,yNMjWnJw8hI,"Seriously i own one, it's pretty decent for its price.",0,2025-11-15T08:36:04Z
Redmi Buds Essential,YouTube,yNMjWnJw8hI,In indonesia $7 😁,0,2025-11-09T04:19:30Z
Redmi Buds Essential,YouTube,yNMjWnJw8hI,ফোনের সাথে কিভাবে কানেকটকরবো,0,2025-11-06T12:47:49Z
Redmi Buds Essential,YouTube,yNMjWnJw8hI,This is what am actually using the other ear isn't working,0,2025-11-05T10:36:31Z
Redmi Buds Essential,YouTube,yNMjWnJw8hI,"Not good for music, audio has dynamic range compression and lots of latency, you can't switch to low latency mode without the app which is only for mobiles.",3,2025-10-17T03:59:22Z
Redmi Buds Essential,YouTube,yNMjWnJw8hI,My left one is completely dead smh,0,2025-09-29T01:28:19Z
Redmi Buds Essential,YouTube,yNMjWnJw8hI,Insanely good for the price! Have mine a year now and still going strong.,14,2025-09-23T18:00:03Z
Redmi Buds Essential,YouTube,yNMjWnJw8hI,Are they good?,0,2025-09-12T07:44:36Z
Redmi Buds Essential,YouTube,yNMjWnJw8hI,its lag in redmi note pro 😢 pls help,3,2025-08-31T03:57:53Z
Redmi Buds Essential,YouTube,yNMjWnJw8hI,It's junk. Only for indoor calls.,0,2025-08-27T07:30:05Z
Redmi Buds Essential,YouTube,yNMjWnJw8hI,"I bought these Redmi Buds 6 Play at the end of March 2025 and last month (July )the left one died and now (August end) the right one is dead. When I fully charge the left side battery from 100% to 0% in 5 to 10 minutes and the right side fully, the battery goes from 100% to 0 % in 25 to 30 minutes.",0,2025-08-26T20:36:30Z
Redmi Buds Essential,YouTube,yNMjWnJw8hI,"Yo acabo de comprarlos y el sonido es potente en mi celular, pero es iPhone 16 pro max y el ecualizador de Apple Music se adapta con el de la aplicación de las audífonos, además que la transmisión de Apple Music es Hi-Res Lossless y el Dolby Atmos de mi IPhone es impresionante, además que cuenta con el iOS 26 y Apple Inteligente y siri, tanto  en mi Mac M2  como en mi IPhone 16 Pro y  Max el Apple Inteligente hacen de estos audífonos una eminencia",1,2025-08-25T05:01:23Z
Redmi Buds Essential,YouTube,yNMjWnJw8hI,Got mine in the official xiaomi store here in the PH for like $6,10,2025-08-20T17:30:23Z
Redmi Buds Essential,YouTube,yNMjWnJw8hI,Buenos 👌🏻,0,2025-08-13T16:38:59Z
Redmi Buds Essential,YouTube,yNMjWnJw8hI,Paid 45 PLN,0,2025-08-04T18:58:55Z
Redmi Buds Essential,YouTube,yNMjWnJw8hI,Ele não bota no ouvido pra ver como é que fica 😢,1,2025-07-24T15:04:22Z
Redmi Buds Essential,YouTube,yNMjWnJw8hI,Alguien que me ayude... El audífono derecho no me suena,0,2025-06-27T22:53:02Z
Redmi Buds Essential,YouTube,yNMjWnJw8hI,I'm in love with it,1,2025-06-14T16:28:26Z
Redmi Buds Essential,YouTube,yNMjWnJw8hI,they are crazy good for the price tbh. Have some pretty expensive wireless inears and these are 90% there for 12-13 dollars. They are a perfect daily driver.,98,2025-06-14T14:16:47Z
Redmi Buds Essential,YouTube,yNMjWnJw8hI,Why did mine only last for 4 hours?,3,2025-06-10T02:38:15Z
Redmi Buds Essential,YouTube,yNMjWnJw8hI,"Not good no sound
Very very bad",1,2025-06-06T18:02:17Z
Redmi Buds Essential,YouTube,yNMjWnJw8hI,"I bought them for 10.99€(taxes included) at my local supermarket and they are pretty good, good enough for poor people like me ! XDDD
(I live in France)",7,2025-05-28T13:44:17Z
Redmi Buds Essential,YouTube,yNMjWnJw8hI,I am Bangladeshi and i am got this earbuds 😊,0,2025-05-24T16:41:29Z
Redmi Buds Essential,YouTube,yNMjWnJw8hI,Many says that it was svck but this thing is good especially when you can't afford one. Because i know for sure that earbuds are pretty costly.,0,2025-05-14T07:54:26Z
Redmi Buds Essential,YouTube,yNMjWnJw8hI,i paid 6 bucks lmao active flash sale and 3 vouchers,2,2025-05-11T11:33:06Z
Redmi Buds Essential,YouTube,yNMjWnJw8hI,They are so bad. Not even 3 months and they stopped working. Waste of money,0,2025-04-29T19:08:39Z
Redmi Buds Essential,YouTube,yNMjWnJw8hI,"we got this in uae mi stores for 9.5 usd = 35 aed, value for money",0,2025-04-24T16:45:16Z
Redmi Buds Essential,YouTube,yNMjWnJw8hI,Is there any LED on them?,0,2025-04-23T19:35:08Z
Redmi Buds Essential,YouTube,yNMjWnJw8hI,Fazool,0,2025-03-23T05:01:39Z
Redmi Buds Essential,YouTube,yNMjWnJw8hI,Can't use the two ears at a go on my redmi note 13 phone,2,2025-03-15T23:27:41Z
Redmi Buds Essential,YouTube,yNMjWnJw8hI,Can I charge it with 40w adapter?,3,2025-03-11T04:48:14Z
Redmi Buds Essential,YouTube,yNMjWnJw8hI,"This buds 6 play not support ANC and Transparency Mode. 
But it's cheaper than Buds 6 Active, 6 Lite, 6 Pro.",4,2025-03-06T07:02:36Z
Redmi Buds Essential,YouTube,yNMjWnJw8hI,13 DOLLARS!?!?!? I PAID 13.99,82,2025-03-05T12:56:45Z
Redmi Buds Essential,YouTube,yNMjWnJw8hI,"I have galaxy buds pro and this, amazingly good for that price, only spacial audio,dynamic bass, mic is avarge or a little bit low but has an overall 8/10 compare to my 200$ buds pro which is crazy, I tried a lot 30-250 range earbuds but a lot for 120 are much weaker than buds 6 play. Has no active noise canc. but I can't hear noises around me if it's not a jet 😅 so not as good as buds pro or a bose but above than avarge for 13, I bought 11 with shipping(9+2).",42,2025-03-02T23:34:51Z
Redmi Buds Essential,YouTube,yNMjWnJw8hI,Connection is losing sometimes and reconnecting,3,2025-03-01T11:44:18Z
Redmi Buds Essential,YouTube,yNMjWnJw8hI,É toch ?,0,2025-02-21T20:52:45Z
Redmi Buds Essential,YouTube,iQ2EWyTXHLQ,Como carrega ele?,0,2024-11-15T18:18:44Z
Redmi Buds Essential,YouTube,NHTCoBbVpW0,"aap kon sa reccomend karo ga:
redmi lite 3 or redmi essential?",0,2024-09-02T10:58:07Z
Redmi Buds Essential,YouTube,NHTCoBbVpW0,battery time kitna,0,2024-03-07T10:44:30Z
Redmi Buds Essential,YouTube,NHTCoBbVpW0,Right side bud not working,0,2023-12-14T14:53:21Z
Redmi Buds Essential,YouTube,NHTCoBbVpW0,What is the charger type B or C?,0,2023-10-10T11:26:20Z
Redmi Buds Essential,YouTube,NHTCoBbVpW0,Bro I purchased today but i put it on charging for20 minutes but not connecting to mobile.Can you suggest any solution?,0,2023-09-16T15:50:05Z
Redmi Buds Essential,YouTube,NHTCoBbVpW0,Touch?,1,2023-06-16T10:50:28Z
Redmi Buds Essential,YouTube,NHTCoBbVpW0,Bhai isko charger kn sa lagy ga type c nai lag raha,0,2023-06-10T21:08:49Z
Redmi Buds Essential,YouTube,NHTCoBbVpW0,"Call quality kesi ha Bhai?
Mjhy sirf meeting kalye Chahiye",0,2023-06-07T16:27:11Z
Redmi Buds Essential,YouTube,NHTCoBbVpW0,"I bought from priceoye, after use of few days they became out of order. I think priceoye sold fake product",1,2023-05-23T10:10:07Z
Redmi Buds Essential,YouTube,NHTCoBbVpW0,"Tech Solutions is My Channel  where I tell you about new & useful tricks. Please Subscribe🙏
Channel Link: https://bit.ly/41blcqI",0,2023-05-10T19:13:17Z
Redmi Buds Essential,YouTube,NHTCoBbVpW0,Brother bass kase ha,1,2023-04-26T19:05:47Z
Redmi Buds Essential,YouTube,NHTCoBbVpW0,Bhai charge kitni dair me hote hain ye to mention kro.,0,2023-04-05T12:52:03Z
Redmi Buds Essential,YouTube,NHTCoBbVpW0,Thank you bro❤️,0,2023-04-03T15:32:26Z
Redmi Buds Essential,YouTube,NHTCoBbVpW0,Make more more videos plzz,1,2023-04-03T11:18:45Z
Redmi Buds Essential,YouTube,NHTCoBbVpW0,Absolutely good review 👍👍👍👍,1,2023-04-03T11:18:29Z
Redmi Buds Essential,YouTube,NHTCoBbVpW0,well explained👌👌👌,0,2023-04-03T10:43:18Z
Redmi Buds Essential,YouTube,NHTCoBbVpW0,excellent review 💯,0,2023-04-03T10:31:14Z
Redmi Buds Essential,YouTube,zrGpOuRzIFc,Link pembelian : https://shope.ee/AK5UWW0BWK,0,2023-05-25T03:29:04Z
Redmi Buds Essential,YouTube,dSm4pr0-mb4,"For Mi Buds Essential please visit this link https://mistore.pk/pages/redmi-buds-essential-overview

And for Piston Basic Headphones please visit this link

https://mistore.pk/pages/piston-basic-hand-free",1,2023-05-09T18:31:04Z
Redmi Buds Essential,YouTube,dSm4pr0-mb4,What is the price of redmi buds essential? I wanna buy ( in usd or iqd ),0,2025-03-08T16:49:50Z
Redmi Buds Essential,YouTube,slm0KaZNrGs,https://amzn.to/43Q55zJ,0,2023-06-21T22:20:11Z
Redmi Buds Essential,YouTube,9AkLRxx91v4,Search this product with #173 or Redmi Buds 6 @ simpleghar.com/tami,57,2025-02-10T14:22:56Z
Redmi Buds Essential,YouTube,9AkLRxx91v4,shinchan,0,2025-09-18T15:33:51Z
Redmi Buds Essential,YouTube,9AkLRxx91v4,Hindi??,0,2025-08-07T10:04:10Z
Redmi Buds Essential,YouTube,9AkLRxx91v4,Apdiyae moto buds konjam review pannuga,0,2025-08-06T18:07:47Z
Redmi Buds Essential,YouTube,9AkLRxx91v4,No pay redmi buds 6,0,2025-08-06T13:10:05Z
Redmi Buds Essential,YouTube,9AkLRxx91v4,❤️❤❤❤,0,2025-05-14T06:04:32Z
Redmi Buds Essential,YouTube,9AkLRxx91v4,I no,0,2025-05-13T11:40:26Z
Redmi Buds Essential,YouTube,9AkLRxx91v4,உங்களுக்கெல்லாம் அறிவே இல்ல வீடியோ கூட பிறந்தவங்க எல்லாம் என்ன அறிவே இல்ல நீங்க எல்லாம் சோறு திங்க போயிட்டு இருக்கீங்களா ச்சீ ஓவரா பண்ணாத,0,2025-05-07T09:40:09Z
Redmi Buds Essential,YouTube,9AkLRxx91v4,😢🎉,0,2025-04-04T05:04:58Z
Redmi Buds Essential,YouTube,9AkLRxx91v4,😂❤🎉,0,2025-04-02T01:23:35Z
Redmi Buds Essential,YouTube,9AkLRxx91v4,Srilankan port,2,2025-03-18T10:04:33Z
Redmi Buds Essential,YouTube,9AkLRxx91v4,Fathima amra ❤❤❤❤❤❤❤❤❤❤❤❤❤❤❤❤❤❤❤❤❤❤❤❤❤❤❤❤❤❤i love YouTube brothers. ☺️☺️☺️☺️☺️☺️☺️☺️☺️☺️☺️☺️☺️☺️☺️☺️☺️☺️☺️☺️☺️☺️☺️🥴,0,2025-03-13T14:56:34Z
Redmi Buds Essential,YouTube,9AkLRxx91v4,Ghar meaning  ??,1,2025-02-24T17:23:17Z
Redmi Buds Essential,YouTube,9AkLRxx91v4,Wow😮😮😮😮😮😮😮😮😮😮😮😮😮,0,2025-02-23T09:35:29Z
Redmi Buds Essential,YouTube,9AkLRxx91v4,Redmi buds 6 looks so 😎,0,2025-02-22T16:40:41Z
Redmi Buds Essential,YouTube,9AkLRxx91v4,I have this product..this is a really awesome product...go for it 👏👏,11,2025-02-16T14:04:25Z
Redmi Buds Essential,YouTube,9AkLRxx91v4,Super akka orange bait 😢😢😢,0,2025-02-16T03:39:03Z
Redmi Buds Essential,YouTube,9AkLRxx91v4,"Redmi users
👇",0,2025-02-15T15:12:33Z
Redmi Buds Essential,YouTube,9AkLRxx91v4,Bro FD park,1,2025-02-14T11:01:44Z
Redmi Buds Essential,YouTube,9AkLRxx91v4,😂😂😂😂😂😂😂😂😂😂😂😂😂😂😂😂😂,0,2025-02-14T10:02:41Z
Redmi Buds Essential,YouTube,9AkLRxx91v4,Nice ❤❤❤❤,4,2025-02-14T08:20:28Z
Redmi Buds Essential,YouTube,9AkLRxx91v4,Audio mattama iruku,0,2025-02-14T04:12:59Z
Redmi Buds Essential,YouTube,9AkLRxx91v4,புண்டாசிரி,0,2025-02-13T14:25:49Z
Redmi Buds Essential,YouTube,9AkLRxx91v4,"Un paal romba perusa iruku 
Appo un soothu eppadi
Romba perusa irukumo",5,2025-02-13T12:31:43Z
Redmi Buds Essential,YouTube,9AkLRxx91v4,Onga cuteness kagavey na vanghi tharan ❤,0,2025-02-12T14:07:40Z
Redmi Buds Essential,YouTube,9AkLRxx91v4,Entha orru tamil ithu,1,2025-02-12T07:57:38Z
Redmi Buds Essential,YouTube,9AkLRxx91v4,Epdi link pakkanum,1,2025-02-12T07:13:20Z
Redmi Buds Essential,YouTube,9AkLRxx91v4,Voice addict 🎉,3,2025-02-12T04:41:18Z
Redmi Buds Essential,YouTube,9AkLRxx91v4,Bro you tube la enna bro pakura 😱😱😱,9,2025-02-12T01:40:05Z
Redmi Buds Essential,YouTube,9AkLRxx91v4,Akka you tamila,0,2025-02-11T16:43:26Z
Redmi Buds Essential,YouTube,9AkLRxx91v4,❤❤❤❤❤🎉🎉🎉🎉☺️🤗🧚‍♀️,2,2025-02-11T14:54:31Z
Redmi Buds Essential,YouTube,9AkLRxx91v4,Promotion,1,2025-02-11T14:46:57Z
Redmi Buds Essential,YouTube,9AkLRxx91v4,❤😂😂😂😂😂😂😊,0,2025-02-11T13:14:39Z
Redmi Buds Essential,YouTube,9AkLRxx91v4,Super sister,15,2025-02-11T12:20:16Z
Redmi Buds Essential,YouTube,9AkLRxx91v4,Next tech boss😂😂😂😂😂😂,9,2025-02-11T11:52:10Z
Redmi Buds Essential,YouTube,9AkLRxx91v4,Na aduthuvanga bio va pakkurathuu illaa,0,2025-02-11T09:06:50Z
Redmi Buds Essential,YouTube,9AkLRxx91v4,Super 😅,3,2025-02-11T04:12:09Z
Redmi Buds Essential,YouTube,9AkLRxx91v4,Nega Nala panriga ad mariya therila,1,2025-02-10T15:40:01Z
Redmi Buds Essential,YouTube,9AkLRxx91v4,Liverpool quadruple curse,1,2025-02-10T15:31:20Z
Redmi Buds Essential,YouTube,9AkLRxx91v4,how best compared with oneplus buds 3 ??,31,2025-02-10T15:20:45Z
Redmi Buds Essential,YouTube,9AkLRxx91v4,"Neega (tamil, Telugu, kannada, Malayalam, Hindi, English)la video podurigha 😮.which is your original language?",16,2025-02-10T15:14:25Z
Redmi Buds Essential,YouTube,9AkLRxx91v4,Nice❤❤❤😂😂,1,2025-02-10T14:37:06Z
Redmi Buds Essential,YouTube,9AkLRxx91v4,Full review podunga,6,2025-02-10T14:23:35Z
Redmi Buds Essential,YouTube,9AkLRxx91v4,First🥇❤❤❤,3,2025-02-10T14:22:53Z
Redmi Buds Essential,YouTube,C588tseSs-M,"Hi! My problem is that the left side is not charging anymore, it just shows a very weak red light (as if it was out of battery). What can I do?",0,2019-09-17T09:53:40Z
Redmi Buds Essential,YouTube,_WflBTOzaEo,"Siapa disini yg tau headset bluetooth yg bisa buat smule capek nyari,capek bli headset kabel trus😢😢",0,2026-01-01T05:30:23Z
Redmi Buds Essential,YouTube,_WflBTOzaEo,cara setting gitu gimana bang,0,2025-12-07T05:43:39Z
Redmi Buds Essential,YouTube,_WflBTOzaEo,Apakah bisa konek ke HP samsung A12 ?,0,2025-12-06T06:54:39Z
Redmi Buds Essential,YouTube,_WflBTOzaEo,Suaranya mantap bang,1,2025-11-19T05:19:15Z
Redmi Buds Essential,YouTube,_WflBTOzaEo,Baru 2 bulan sebelah kanan udah koit,1,2025-11-17T01:42:28Z
Redmi Buds Essential,YouTube,_WflBTOzaEo,gampang eror,3,2025-11-10T10:20:55Z
Redmi Buds Essential,YouTube,_WflBTOzaEo,"Pemakaian kurang 1thn droop parah sbelah, sbelahnya jg ga tahan 1 jam.",1,2025-10-25T14:31:17Z
Redmi Buds Essential,YouTube,_WflBTOzaEo,Bisa untuk redmi pad se ga,0,2025-10-12T10:06:18Z
Redmi Buds Essential,YouTube,_WflBTOzaEo,Bang gimana caranya konekin ke hp😢 gabisa bisa euyyy,0,2025-10-11T11:40:36Z
Redmi Buds Essential,YouTube,_WflBTOzaEo,Ke iphoen ga konek ya,1,2025-09-03T07:32:13Z
Redmi Buds Essential,YouTube,_WflBTOzaEo,berapa kak,0,2025-08-25T01:28:53Z
Redmi Buds Essential,YouTube,_WflBTOzaEo,Aplikasinya apa namanya di playstore ya,0,2025-08-17T10:58:14Z
Redmi Buds Essential,YouTube,_WflBTOzaEo,Aplikasi nmanya apa boss,0,2025-08-04T11:52:57Z
Redmi Buds Essential,YouTube,_WflBTOzaEo,Kurang bagus kalau untuk nelpon,0,2025-07-29T22:13:54Z
Redmi Buds Essential,YouTube,_WflBTOzaEo,"6bln pemakaian ok, tp buds sebelah kiri sudah mati total, bingung mw beli lagi, atau coba soundcore",7,2025-07-15T19:54:31Z
Redmi Buds Essential,YouTube,_WflBTOzaEo,Sekitar 6 jam,0,2025-07-13T04:00:00Z
Redmi Buds Essential,YouTube,_WflBTOzaEo,batre nya tahan berapa jam bang?,0,2025-07-08T00:05:08Z
Redmi Buds Essential,YouTube,ms0wuz342Ac,Poco ka mobile or realme ka buds😂😅,1,2025-07-08T03:44:10Z
Redmi Buds Essential,YouTube,ms0wuz342Ac,OnePlus phone+ redmi buds 🤟🤟,0,2024-08-20T04:47:54Z
Redmi Buds Essential,YouTube,ms0wuz342Ac,Motorola ka mobile or realme ka earphone 😂,0,2024-07-28T08:15:53Z
Redmi Buds Essential,YouTube,ms0wuz342Ac,"I am fan of realme product realme is best 
I have phone 
2 earbuds 
Watch",0,2024-07-19T10:44:46Z
Redmi Buds Essential,YouTube,ms0wuz342Ac,Bhai main to aaj hi liya hu,0,2024-07-15T17:59:05Z
Redmi Buds Essential,YouTube,ms0wuz342Ac,Realme phone or realme buds 😊😊😊❤,0,2024-07-12T06:18:07Z
Redmi Buds Essential,YouTube,ms0wuz342Ac,Red me ka kaam nhi kr  ra abhi do month b nhi hue🤣,0,2024-06-26T14:51:06Z
Redmi Buds Essential,YouTube,ms0wuz342Ac,Bhai redmi wale maine usee kiye thee nhi the ache sound quality bekaaar ha  kharaab hogye.. chlte chlate bnd hogye realme liya hai ab bhout acha ha,0,2024-06-22T21:29:44Z
Redmi Buds Essential,YouTube,ms0wuz342Ac,Realme audio products mai best hai,0,2024-06-13T17:22:26Z
Redmi Buds Essential,YouTube,ms0wuz342Ac,Oppo enco air bud le lo ❤❤❤❤,0,2024-06-05T11:11:45Z
Redmi Buds Essential,YouTube,ms0wuz342Ac,"Guys go for realme techlife t100✨ earbuds...super earbud as default earbud's bass so great, sound hd quality crystal clear..4 to 5 seconds quick connect to mobile... battery backup amazingly awesome long time play songs games videos...
If you have realme smartphone. Using link app sound equaliser, effects you can personalised your sound...and surprisingly case is so so strong build.. plastic is so high quality material..I accidentally fall case and earbuds many times but no anyyy damages to it...I am using this since 1.5 years..go for it 🔥❣️",0,2024-05-14T12:15:13Z
Redmi Buds Essential,YouTube,ms0wuz342Ac,Redmi sound Quality not Good & features not more,0,2024-05-14T11:26:39Z
Redmi Buds Essential,YouTube,ms0wuz342Ac,VIVO MOBILE REALME BUDS 😂,1,2024-05-05T20:29:06Z
Redmi Buds Essential,YouTube,ms0wuz342Ac,Oppo encho buds 🗿🍷,0,2024-04-28T07:00:06Z
Redmi Buds Essential,YouTube,ms0wuz342Ac,Who knows..both are from the same enterprises,0,2024-04-12T14:43:30Z
Redmi Buds Essential,YouTube,ms0wuz342Ac,Usins Realme Tws 100,0,2024-04-01T10:54:33Z
Redmi Buds Essential,YouTube,ms0wuz342Ac,Realme is best it survived underwater too,4,2024-03-30T04:43:04Z
Redmi Buds Essential,YouTube,ms0wuz342Ac,"No Chinese 



Only indian company",0,2024-03-23T10:43:52Z
Redmi Buds Essential,YouTube,ms0wuz342Ac,Muje to realme t300 1200 me mila❤,1,2024-03-10T15:48:35Z
Redmi Buds Essential,YouTube,ms0wuz342Ac,Realme T300 is best,0,2024-02-29T18:40:30Z
Redmi Buds Essential,YouTube,ms0wuz342Ac,I have realme techlife t100 super performance ❤,67,2024-02-24T14:47:12Z
Redmi Buds Essential,YouTube,ms0wuz342Ac,Mera to realme tha but khi raste m gir gya🫠,1,2024-02-11T09:33:14Z
Redmi Buds Essential,YouTube,ms0wuz342Ac,Bhai camera kholke bs video bnana shuru kr dete ho?? Such m itna jaahil ho..?aise to m duniya k kisi b product ka review kr dunga kyunki actual or technical facts btaane nhi h bs avg/behtrin/achha/isme jyada/balanced etc word use Krna h....na battery backup btaya na Bluetooth version na ANC ya enc na durability na price difference na bud mm na water resistant boleto kuch v baat nhi kri gyi comparison ki...faltu bakwaaas chutiyaap review 👍,0,2024-02-02T20:25:13Z
Redmi Buds Essential,YouTube,ms0wuz342Ac,Call ke liye microphone quality kais hain??? please batao  .,8,2024-01-18T05:42:54Z
Redmi Buds Essential,YouTube,ms0wuz342Ac,Bhi redmi ke buds me light blink karte ha hor kitne bar plese reply,6,2023-12-17T10:08:21Z
Redmi Buds Essential,YouTube,ms0wuz342Ac,Seen this video in realme buds t100😅,7,2023-12-16T06:13:32Z
Redmi Buds Essential,YouTube,ms0wuz342Ac,Realme ka rate,0,2023-12-04T14:05:44Z
Redmi Buds Essential,YouTube,ms0wuz342Ac,battery,1,2023-11-28T03:13:24Z
Redmi Buds Essential,YouTube,ms0wuz342Ac,"1 Realme T100
2 Redmi Buds 4 Active
3 QCY HT04

Which one is better?",3,2023-11-25T07:36:24Z
Redmi Buds Essential,YouTube,ms0wuz342Ac,Oppo ka mobile or realme ka buds😂,22,2023-11-25T03:35:53Z
Redmi Buds Essential,YouTube,ms0wuz342Ac,I lost my realme bud case. But i have both buds. If anyone want's to deal reply.🙂,0,2023-10-23T07:41:48Z
Redmi Buds Essential,YouTube,ms0wuz342Ac,#Realme The Best,3,2023-10-11T10:27:23Z
Redmi Buds Essential,YouTube,ms0wuz342Ac,Which one is best oppo enco buds 2 or realme techlife t100,1,2023-10-04T13:03:47Z
Redmi Buds Essential,YouTube,ms0wuz342Ac,Realme 3 neo or nirvana ion konse best h?,4,2023-09-08T13:24:37Z
Redmi Buds Essential,YouTube,ms0wuz342Ac,Mivi A 850 batao sir,0,2023-09-02T10:25:07Z
Redmi Buds Essential,YouTube,ms0wuz342Ac,bhai realme buy mat karo 1yr me kharb ho jata hai,1,2023-09-02T06:30:47Z
Redmi Buds Essential,YouTube,ms0wuz342Ac,Realme iPhones se connect ho sakta hai kya,1,2023-09-01T07:30:43Z
Redmi Buds Essential,YouTube,ms0wuz342Ac,Maine 1500 ka liya,0,2023-08-29T04:55:04Z
Redmi Buds Essential,YouTube,ms0wuz342Ac,Redmi mobile realme buds😅✋,220,2023-08-20T14:20:19Z
Redmi Buds Essential,YouTube,ms0wuz342Ac,1500 ka ha 😂,0,2023-08-18T18:58:30Z
Redmi Buds Essential,YouTube,ms0wuz342Ac,Realme T100 is better,3,2023-08-03T09:16:28Z
Redmi Buds Essential,YouTube,ms0wuz342Ac,Bakbas hai realme mene kharida flipkart pe acha nhi aya return policy bakbas hai plz shop pe jae kharide and experience kijiye... OUTSIDE RECEIVER CANT LISTEN YOUR VOICE PROPERLY,1,2023-07-28T16:12:37Z
Redmi Buds Essential,YouTube,ms0wuz342Ac,Noise cancelling kis me hai,3,2023-07-27T06:16:59Z
Redmi Buds Essential,YouTube,ms0wuz342Ac,calling ke liye konsa best hai T100 or enco buds2,1,2023-07-21T18:16:26Z
Redmi Buds Essential,YouTube,ms0wuz342Ac,Hoppup q50 How is it like.,0,2023-07-06T10:32:28Z
Redmi Buds Essential,YouTube,ms0wuz342Ac,No entendí nada,0,2023-07-03T05:06:43Z
Redmi Buds Essential,YouTube,ms0wuz342Ac,"Sb hype create kr rhe h redmi k buds ki , itne bkwas earbuds khi nhi dekhe maine",1,2023-06-29T12:48:47Z
Redmi Buds Essential,YouTube,ms0wuz342Ac,One plus nord 2t ke sath connect hote h sir ?,6,2023-06-28T14:47:57Z
Redmi Buds Essential,YouTube,ms0wuz342Ac,Oppo enco buds 2 is best 😂,57,2023-06-27T10:36:16Z
Redmi Buds Essential,YouTube,ms0wuz342Ac,"Me using both headset 😂, T100 & 4 active",4,2023-06-27T00:46:27Z
Redmi Buds Essential,YouTube,ms0wuz342Ac,Bhai calling k liye konsa Best hai ?,2,2023-06-25T14:36:39Z
Redmi Buds Essential,YouTube,ms0wuz342Ac,Mere pass realme t100 hai mast hai ❤,7,2023-06-23T19:26:50Z
Redmi Buds Essential,YouTube,ms0wuz342Ac,should i go for redmi 4 active or boat 131 pro,11,2023-06-23T16:37:04Z
Redmi Buds Essential,YouTube,ms0wuz342Ac,Realme buds mai Toch control hai kya Bhai aur oppo enco mai bhi hai kya touch control,3,2023-06-23T06:34:13Z
Redmi Buds Essential,YouTube,_Bev8jb8I-o,Buen vídeo!,1,2025-11-15T00:36:35Z
Redmi Buds Essential,YouTube,_Bev8jb8I-o,Lo mejor no es descargarse la app de Xiaomi Earbuds y verificar que son originales con ella?,1,2025-07-15T04:19:26Z
Redmi Buds Essential,YouTube,_Bev8jb8I-o,"Gracias bro, muy útil a Dios gracias es original no me la hicieron, pero le recalque antes de comprar que lo iba a verificar por el código",3,2025-06-08T03:20:03Z
Redmi Buds Essential,YouTube,_Bev8jb8I-o,"Muito obrigada, descobri que meus fones são originais.",2,2025-04-26T21:34:38Z
Redmi Buds Essential,YouTube,_Bev8jb8I-o,"Mis buds 6 play primera vez que se registran en la web, producto original 😊",1,2025-04-06T15:35:35Z
Redmi Buds Essential,YouTube,_Bev8jb8I-o,Pov objetos falsos made in china xiaomi 😮,1,2025-03-27T22:35:38Z
Redmi Buds Essential,YouTube,_Bev8jb8I-o,"Ya me habia puesto triste por que me decia que el codigo era invalido, pero vi otra opcion de Productos Xiaomi, estaba en la verificacion de telefonos.😅",5,2025-03-07T15:17:00Z
Redmi Buds Essential,YouTube,_Bev8jb8I-o,"Yupi los míos si son originales, salía que era la primera vez que se checaba el código 🎉",4,2025-02-26T06:18:19Z
Redmi Buds Essential,YouTube,_Bev8jb8I-o,"Mi watch 5 active no tiene, y lo compre en la tienda oficial",6,2025-02-24T03:56:41Z
Redmi Buds Essential,YouTube,_Bev8jb8I-o,My buds dont come with the Button,1,2025-01-20T16:18:23Z
Redmi Buds Essential,YouTube,_Bev8jb8I-o,El mejor metodo es probar si son compatibles con la aplicación,5,2025-01-14T21:33:29Z
Redmi Buds Essential,YouTube,_Bev8jb8I-o,Bueno me salió que es la primera vez que lo consultan 😂,1,2025-01-12T22:37:28Z
Redmi Buds Essential,YouTube,_Bev8jb8I-o,Grasias,1,2024-12-28T00:29:43Z
Redmi Buds Essential,YouTube,_Bev8jb8I-o,𝘼𝙢𝙞 𝙢𝙚 𝙙𝙞𝙘𝙚 𝙚𝙧𝙧𝙤𝙧 𝙮 𝙦𝙪𝙚 𝙚𝙡 𝙨𝙚𝙧𝙫𝙞𝙙𝙤𝙧 𝙚𝙨𝙩𝙖 𝙤𝙘𝙪𝙥𝙖𝙙𝙤 𝙥𝙚𝙧𝙤 𝙚𝙣 𝙞𝙣𝙜𝙡𝙚𝙨,4,2024-12-16T19:30:28Z
Redmi Buds Essential,YouTube,_Bev8jb8I-o,Rasgue con un objeto que no debía y borre parte de unos números 🥹🥲🤡,4,2024-12-09T17:01:17Z
Redmi Buds Essential,YouTube,_Bev8jb8I-o,"Hola, con el IMEI si me salta que son originales y me marca el modelo, pero rasco el número ese y me dice que no existe, que significa, son o no?",4,2024-11-23T00:49:47Z
Redmi Buds Essential,YouTube,_Bev8jb8I-o,Y si no tiene caja?,2,2024-10-19T09:19:49Z
Redmi Buds Essential,YouTube,_Bev8jb8I-o,"Lo acabo de chekear en mis redmi buds 3 pro,y si .. es la primera ves que se verifican 🎉",3,2024-09-17T16:01:02Z
Redmi Buds Essential,YouTube,_Bev8jb8I-o,"el mio llego sin caja de aliepxress, donde consigo el codigo xd",1,2024-09-16T23:30:30Z
Redmi Buds Essential,YouTube,_Bev8jb8I-o,"¿Quien va a querer verificar unos dispositivos todo bugueados y miados? Ni que fueran Samsung, Apple o nothing…",2,2024-08-29T04:25:19Z
Redmi Buds Essential,YouTube,_Bev8jb8I-o,Yo compré unos por mercado libre a principio de año y eran los buds 4 lite y tenían 28 usos y ayer compré unos los buds 5 en la tienda oficial y no tenian uso,2,2024-08-27T17:14:40Z
Redmi Buds Essential,YouTube,_Bev8jb8I-o,Yo acabo de raspar la pegatina y no me lo verifica. 😢,2,2024-08-22T19:28:39Z
Redmi Buds Essential,YouTube,_Bev8jb8I-o,"Lo hize en mi buds 4 active y 4 lite, me salio normal que era la priemra vez pero eso si me salieron medio caritos 25/28$ C/u no recuerdo bien 😢",1,2024-08-21T11:50:59Z
Redmi Buds Essential,YouTube,_Bev8jb8I-o,"Otra forma de saber si son originales, es conectarlo con la app Xiaomi Earbuds, si tienen más de un códec y permite configurar la cancelación de ruido quiere decir que son originales. En mi caso probé unos Xiaomi Buds 4 que tienen códecs SBC, AAC y pude configurar la cancelación de ruido",13,2024-07-25T22:50:13Z
Redmi Buds Essential,YouTube,_Bev8jb8I-o,Y el numero que se pone abajo de donde lo saco ?,2,2024-07-20T16:07:59Z
Redmi Buds Essential,YouTube,_Bev8jb8I-o,30 veces ☠️,1,2024-07-03T18:57:20Z
Redmi Buds Essential,YouTube,_Bev8jb8I-o,"Yo acabo de comprarlo pero el código ya estaba raspado, lo revisé y decia que habia sido verificado 355 veces, le acabo de mandar un mensaje al vendedor para que explique la situación, igual revisé si son originales en el mismo producto y parece que sí, pero igual me dio desconfianza por esos ""355 veces""",4,2024-06-20T00:30:57Z
Redmi Buds Essential,YouTube,_Bev8jb8I-o,"Me aparecio que fue consultado antes 2 veces, es bueno o malo?",1,2024-06-17T20:51:17Z
Redmi Buds Essential,YouTube,_Bev8jb8I-o,Mi codigo a Sido verificado 260 veces. Jajaja,1,2024-06-03T03:34:38Z
Redmi Buds Essential,YouTube,_Bev8jb8I-o,Me dice que lo verificaron 360 veces 💀,60,2024-05-27T20:26:14Z
Redmi Buds Essential,YouTube,_Bev8jb8I-o,Hola bro cómo estás lo que pasa es que me compré unos redmi buds 3 Lite y suena muy bajo los bajos no se sienten para nada mientras que compré por decirlo así otra versión me salió más costosa pero estos audífonos suenan fenomenal las dos tienen código original y me salieron que fue verificado una vez O sea la vez que lo verifique no sé si pase solo nuestros audífonos en muchos saludos Y de paso me suscribo,1,2024-05-15T23:45:37Z
Redmi Buds Essential,YouTube,_Bev8jb8I-o,¿Como se que ya esta cargada la caja y audifonos? (Ya se que se puede ver en el celular) PERO La luz de la cajita se debe apagar no? o no se apaga al estar conectada al cargador?,1,2024-05-02T20:36:25Z
Redmi Buds Essential,YouTube,_Bev8jb8I-o,Gracias me ya cheque y son originales,1,2024-02-24T16:33:04Z
Redmi Buds Essential,YouTube,_Bev8jb8I-o,Xiaomi = Logo del metro CDMX XD,23,2024-01-29T21:09:47Z
Redmi Buds Essential,YouTube,_Bev8jb8I-o,Raioz mi caja no tirne esas pegatinas,1,2024-01-17T01:27:41Z
Redmi Buds Essential,YouTube,_Bev8jb8I-o,"Compre unos redmi buds lite 4, mediante una apgina de confianza en mi país, pero me sale que el codigo ha sido verificado 4 veces, debo preocuparme? Tuve la duda porque el fast pair no me funciona",1,2023-12-01T04:20:55Z
Redmi Buds Essential,YouTube,_Bev8jb8I-o,"me compré los buds 4 lite y revisé en la página, me sale que ya lo verificaron 7 veces y yo recién raspé en la pegatina",12,2023-11-29T02:53:03Z
Redmi Buds Essential,YouTube,_Bev8jb8I-o,Aplica para cargadores?,1,2023-11-24T14:07:09Z
Redmi Buds Essential,YouTube,_Bev8jb8I-o,"Pues claro qur el codigo de autenticidad rambien se puede clonar,  anda que no me ha pasado con apple!

NADA el video NO ES VALIDO !!

Ademas los productos ciaomi no es frecuente que se fasifiquen ya que en si ya son ridículamente baratos!!! IDIOTAS!",0,2023-11-13T22:17:44Z
Redmi Buds Essential,YouTube,_Bev8jb8I-o,Y para corroborar la autenticidad del producto en auriculares realme?,2,2023-11-02T02:41:24Z
Redmi Buds Essential,YouTube,_Bev8jb8I-o,"me compre estos auriculares, comprobé el numero de serie en la pagina web y fue usado como 40 veces.
tengo la posibilidad de devolver el producto y recuperar mi dinero en un lapso de 30 días.
crees que tenga que hacerlo? ya que pueden ser de imitación",3,2023-10-06T22:02:15Z
Redmi Buds Essential,YouTube,_Bev8jb8I-o,"Pregunta, compre unos Redmi Buds 3 Lite, puse el codigo y me dice la pagina 
You are verifying your Mi Power Bank
This is an authentic product. This security code had previously been queried 1719 times
Me estafaron? :(",4,2023-09-26T01:48:11Z
Redmi Buds Essential,YouTube,_Bev8jb8I-o,Puse el codigo y me salto que lo habian verificado 21 veces jajajaj,147,2023-09-08T21:06:45Z
Redmi Buds Essential,YouTube,_Bev8jb8I-o,Después que lo compre ya es tarde....no hay otra manera de comprobar Antes de comprarlo,1,2023-08-23T03:58:42Z
Redmi Buds Essential,YouTube,_Bev8jb8I-o,"Me compré justo los Redmi Buds Essential que tienes ahí pero en color negro, puse el código de la pegatina y afortunadamente sí son originales, y muy buenos audífonos por cierto",25,2023-08-13T23:27:02Z
Redmi Buds Essential,YouTube,_Bev8jb8I-o,"Pero solo las versiones globales tienen ese número de serie que son 20 dígitos.
Las versiones chinas no tienen esos dígitos y viene toda la caja del producto escrito en chino.",13,2023-08-09T03:06:59Z
Redmi Buds Essential,YouTube,_Bev8jb8I-o,"donde puedo encontrar ese codigo en Redmi Airdots 3, no me sale en la caja",1,2023-08-06T00:39:38Z
Redmi Buds Essential,YouTube,_Bev8jb8I-o,Las cajas se cambian,3,2023-07-23T01:24:11Z
Redmi Buds Essential,YouTube,_Bev8jb8I-o,Que hago si la caja no tiene pegatina ;-;,1,2023-07-20T11:35:12Z
Redmi Buds Essential,YouTube,_Bev8jb8I-o,Gracias we son auténticos xd,7,2023-07-07T16:36:32Z
Redmi Buds Essential,YouTube,_Bev8jb8I-o,"Estoy esperando los Buds 4 Lite, los compré en verde y unos naranja para una amiga, los conseguí muy baratos, 20 USD c/u (estuve esperando alguna oferta, porque los de colores los cobran 5 USD más que los clásicos blancos o negros, o sea, 25 USD, y por suerte los conseguí). Ojalá suenen bien, gracias por los videos!",2,2023-04-25T22:29:01Z
Redmi Buds Essential,YouTube,_Bev8jb8I-o,"La rompí, pero los verifique de otras maneras y si son originales XDDD. Igual tuve desconfianza así que compre con el mismo vendedor el mismo producto y ya no arranque la pegatina y son reales",1,2023-04-19T01:48:34Z
Redmi Buds Essential,YouTube,_Bev8jb8I-o,Hmmm,1,2023-03-28T05:58:00Z
Redmi Buds Essential,YouTube,t79YAPUiK_0,"Son malisimos! Debido a que no encajan bien en tu oreja se te pueden llegar a caher, la batería dura muy poco, son super incomodos y la verdad por ese precio mejor compren los Realme buds T300 🧐",0,2024-02-05T23:17:14Z
Redmi Buds Essential,YouTube,t79YAPUiK_0,Como se llama la aplicación para android,0,2023-08-06T23:24:43Z
Redmi Buds Essential,YouTube,t79YAPUiK_0,"Me llegaron hoy, y son realmente buenos, un audio increíble, una sensación y estética 10/10",0,2023-06-30T05:49:32Z
Redmi Buds Essential,YouTube,t79YAPUiK_0,"Me llegaron en un pack con redmi note 12 en Claro y son normalitos nomas, ni buenos ni malos. Hay mejores.",1,2023-06-24T03:27:19Z
Redmi Buds Essential,YouTube,t79YAPUiK_0,Se escucha muy bajo y los botones a presión son muy incómodos combiene juntar un poquito más de dinero y comprar algo más,0,2023-02-09T18:42:06Z
Redmi Buds Essential,YouTube,t79YAPUiK_0,"suena bien, el sonido es algo bajo para mi gusto pero muy limpio. es el segundo par que tengo, el primero me dio un problema de interferencia o un pitido cuando esta conectado pero no reproduce nada, el segundo par le paso lo mismo. sera un desperfecto de fabrica? ya hice uso de la garantia. el primer par con el defecto en el derecho, el segundo en el izquierdo.",1,2023-01-18T01:02:06Z
Redmi Buds Essential,YouTube,t79YAPUiK_0,"Tuve unos audífonos ClipXtreme de un precio similar (básicamente el mismo precio) con una calidad increíble y estos Redmi Essential tienen un bajo inexistente y depende del nivel de audio que escuches, se escucha muy distorsionado y la calidad en general es mala, suena como si estuvieras en una llamada todo el tiempo inclusive escuchando música y eso que los uso en un Samsung con Dolby Atmos, si son de Costa Rica, les recomiendo otros audífonos por el mismo precio como los Skullcandy o TWS.. y sé que no me puedo quejar por su precio, pero es que la competencia al mismo precio le dan mil vueltas.",7,2022-12-25T07:47:11Z
Redmi Buds Essential,YouTube,t79YAPUiK_0,Tienen compatibilidad de Apple y Android?,2,2022-12-18T03:24:16Z
Redmi Buds Essential,YouTube,t79YAPUiK_0,Disculpes qué diferencia de esto  y hay alguna  aplicación para saber su porcentaje de vateria,3,2022-12-17T06:00:06Z
Redmi Buds Essential,YouTube,t79YAPUiK_0,"Será buenos?   
Algún audífono que recomienden que estén algo baratos?👀",3,2022-11-20T03:02:51Z
Redmi Buds Essential,YouTube,t79YAPUiK_0,Esperaba algo un poquito mejor por lo que me costaron . 🙁 Suenan muy bajito.,4,2022-11-19T04:58:19Z
Redmi Buds Essential,YouTube,t79YAPUiK_0,"Hola, que tal son estos audífonos ? Son mejores que los buds 3 Lite ?",0,2022-11-12T03:43:56Z
Redmi Buds Essential,YouTube,t79YAPUiK_0,"Ya los acabo de comprar y en verdad precio calidad son muy buenos. A mí me salieron en 199 pesos con mi tarjeta de regalo de los directos de Xiaomi, fui hoy a recoger a Buenavista gracias team Xiaomi.",20,2022-10-25T20:47:14Z
Redmi Buds Essential,YouTube,t79YAPUiK_0,"Tienen el pop up o la aplicación de los audífonos, estos cuentan con el sensor de aproximidad como los airdots 3?",3,2022-10-24T01:38:57Z
Redmi Buds Essential,YouTube,t79YAPUiK_0,Se oyen bien porque están baras pa comprarme unos 👀😗,0,2022-10-13T13:59:36Z
Redmi Buds Essential,YouTube,X_AfhefEPDs,Bang apa bedanya dengan redmi buds 4 biasa. Kok harganya lebih mahal 399.000...,0,2024-04-24T06:14:58Z
Redmi Buds Essential,YouTube,X_AfhefEPDs,"Bang kalo misalnya Xiaomi earbuds 4 lite kan tdi tahan 1 set detik,nah setelah bunyi tuh perbedaan nya gimana",0,2024-04-11T16:21:54Z
Redmi Buds Essential,YouTube,X_AfhefEPDs,yang redmi buds essential support aplikasi xiaomi earbuds gak bang?,0,2024-02-07T07:58:49Z
Redmi Buds Essential,YouTube,X_AfhefEPDs,"Izin tanya, untuk yang 4 lite cara bedain mode low latency ama mode music gimana ya? Kadang pas pindah mode gada suaranya kek (gaming mode) atau apa",2,2024-01-28T07:13:48Z
Redmi Buds Essential,YouTube,X_AfhefEPDs,Klo redmi aktif sama oppo ednco 2 kira2 suara enakan mana....,0,2024-01-27T07:18:56Z
Redmi Buds Essential,YouTube,X_AfhefEPDs,"Lite om lite, salah penyebutan terus bilangnya active, jd bingung",3,2024-01-24T15:56:09Z
Redmi Buds Essential,YouTube,X_AfhefEPDs,"Baru beli yg lite, buat di luar rumah aja biar simpel makenya, kalo dari segi suara gak bisa nandingin yang kabel sih, yang kabel harga 200rb udah seperti buds harga 3jt an 😅",3,2024-01-22T04:18:45Z
Redmi Buds Essential,YouTube,X_AfhefEPDs,Itu menit 1:45 yg bnr yg mana? Buds 4 active atau buds 4 lite? Cb d denger lg deh,0,2024-01-07T10:14:19Z
Redmi Buds Essential,YouTube,X_AfhefEPDs,"Sdh beli bud esential , pake 4 bulan rusak gk mau di charge . Skrg claim garansi . Diganti unit jadi buds 4 lite . Mayan lah",0,2023-12-15T15:12:40Z
Redmi Buds Essential,YouTube,X_AfhefEPDs,"Bang mau tanya.. antara active dan lite yang klop atau pas  di lubang telinga yang mana ? Yang ketika di pasang itu dan denger lagu, suara dari luar ngga kedengaran.  Soalnya saya biasa beli headset kabel yang murah dan kebanyakan eartip nya besar jadi waktu di pakai itu sering lepas. Jadi harus di masukin banget.",0,2023-12-13T14:38:48Z
Redmi Buds Essential,YouTube,X_AfhefEPDs,Bang gimana cara yang tepat buat nge charge buds kiri kanan 100% tapi case nya 15%?? Apakah tetap di cas sama budsnya atau budsnya dikeluarin terus di cas casenya aja??,0,2023-12-10T14:51:08Z
Redmi Buds Essential,YouTube,X_AfhefEPDs,Bang klo redmi buds 4 lite sama soundcore r50i untuk musik enak mana,0,2023-11-15T10:49:14Z
Redmi Buds Essential,YouTube,X_AfhefEPDs,diantara semua itu kalo dibandingin sm redmi buds 4 mending mana?,0,2023-10-26T08:13:28Z
Redmi Buds Essential,YouTube,X_AfhefEPDs,Bang kl untuk tlfn / meeting online yg mn bgusnya ?,1,2023-10-09T13:41:21Z
Redmi Buds Essential,YouTube,X_AfhefEPDs,Setuju Redmi buds 4 Lite👍🏻thanks comparesnya,1,2023-10-02T07:39:27Z
Redmi Buds Essential,YouTube,X_AfhefEPDs,Lah bang.. Bukanya yang active juga bisa latensi rendah cuman di klik kiri kanan??,1,2023-10-01T23:26:50Z
Redmi Buds Essential,YouTube,X_AfhefEPDs,"Buds 4 lite itu kayaknya redmi buds 3 di ganti tulisan 4lite  , cuma bentuk casenya aja yang beda 
Dan esstensial itu dulunya buds bassic 2",11,2023-09-15T12:37:58Z
Redmi Buds Essential,YouTube,X_AfhefEPDs,Low latency itu apa bang?,0,2023-09-09T22:45:47Z
Redmi Buds Essential,YouTube,X_AfhefEPDs,"Bang kalo soal kenyamanan di kuping lebih nyaman yg r active apa r lite soalnya yg r lite kayak gak ada bantalan karetnya, yg r active ada",1,2023-09-09T17:20:19Z
Redmi Buds Essential,YouTube,X_AfhefEPDs,Buat ip 11 bisa ga,2,2023-09-07T09:05:03Z
Redmi Buds Essential,YouTube,X_AfhefEPDs,Makasih rekomendasi nya,1,2023-09-05T13:19:28Z
Redmi Buds Essential,YouTube,X_AfhefEPDs,Ada yang mau minang ga redmi buds essential baru satu kali charge aja 160k,2,2023-08-26T18:53:58Z
Redmi Buds Essential,YouTube,X_AfhefEPDs,"Quality sound nya buruk
Build product nya poor.",1,2023-08-20T13:53:46Z
Redmi Buds Essential,YouTube,X_AfhefEPDs,Redmi buds essentials di daerah ku 250k,2,2023-08-17T22:11:48Z
Redmi Buds Essential,YouTube,X_AfhefEPDs,"Jangan beli redmi buds 4 pro, punya saya 1 hari pemakaian setelah beli, buds sebelah kirinya malah uda rusak",18,2023-08-17T16:26:29Z
Redmi Buds Essential,YouTube,X_AfhefEPDs,Bang untuk redmi buds 4 active delay ya suaranya untuk main game?,1,2023-08-16T01:52:45Z
Redmi Buds Essential,YouTube,X_AfhefEPDs,"Yang mau minang Redmi Buds Active gua sok mangga, baru dipake beberapa kali doang.",5,2023-08-12T04:11:44Z
Redmi Buds Essential,YouTube,X_AfhefEPDs,"makasih bang,video ini ngebantu gue👍🏻",0,2023-08-10T10:08:14Z
Redmi Buds Essential,YouTube,X_AfhefEPDs,Lgi beli hari inii r lite,0,2023-08-08T06:36:43Z
Redmi Buds Essential,YouTube,X_AfhefEPDs,"Mantap, lgsg co 4 lite
Makasih bro",8,2023-08-06T15:12:14Z
Redmi Buds Essential,YouTube,X_AfhefEPDs,"Mantap semangat bang, kalo Tws 5.3 bisa nyambung 5.0 ga ya? Kalau bisa apakah ada fitur yang berkurang?🙏",2,2023-08-06T14:33:28Z
Redmi Buds Essential,YouTube,X_AfhefEPDs,First berarti,0,2023-08-06T12:19:39Z
Redmi Buds Essential,YouTube,jovBtDw5d54,Sed geçirgenliği özelliği var mı,0,2023-09-20T16:42:34Z
Redmi Buds Essential,YouTube,6dsV3RWhPHM,Mine is charging and not opening!! Can you help me!?,0,2023-11-17T16:50:52Z
Redmi Buds Essential,YouTube,ahjCq1K8BJY,Redmi best sound quality ❤❤,0,2025-10-28T16:41:51Z
Redmi Buds Essential,YouTube,ahjCq1K8BJY,Boat,0,2024-09-11T16:41:38Z
Redmi Buds Essential,YouTube,ahjCq1K8BJY,Immortal 150 bakwas h ek side work nhi krta,0,2024-07-22T13:36:43Z
Redmi Buds Essential,YouTube,ahjCq1K8BJY,Redmi,1,2024-04-29T09:37:24Z
Redmi Buds Essential,YouTube,ahjCq1K8BJY,App diya gya jo kisi ka kam nhi h best line 😂😂😂,0,2024-02-17T18:45:11Z
Redmi Buds Essential,YouTube,ahjCq1K8BJY,Which is best for gaming,1,2023-08-13T15:32:43Z
Redmi Buds Essential,YouTube,ahjCq1K8BJY,Redmi mai App ka support diya gya h jo ki kisi kaam ka nhi h 😂😂,0,2023-07-16T11:37:12Z
Redmi Buds Essential,YouTube,ahjCq1K8BJY,Redmi wala,0,2023-07-12T06:43:06Z
Redmi Buds Essential,YouTube,ahjCq1K8BJY,Sir plz call quality ke liye baat kijiye🙏,3,2023-07-07T04:19:28Z
Redmi Buds Essential,YouTube,ahjCq1K8BJY,Boat bhot bekar hai....,0,2023-07-04T05:28:43Z
Redmi Buds Essential,YouTube,ahjCq1K8BJY,Redmi bekar h maine manga ke use very bad,1,2023-07-03T01:16:20Z
Redmi Buds Essential,YouTube,ahjCq1K8BJY,Boat immortal 150 best,5,2023-06-27T17:52:51Z
Redmi Buds Essential,YouTube,ahjCq1K8BJY,"Great videos, your channel has huge potential but I would request to please give more details, like instead of saying ip rating hai, you should tell what ip rating levels for both...",8,2023-06-25T00:32:03Z
Redmi Buds Essential,YouTube,ahjCq1K8BJY,Redmi has 12 mm vs boat has 10mm 🤣,3,2023-06-24T15:57:18Z
Redmi Buds Essential,YouTube,ahjCq1K8BJY,IBOAT,3,2023-06-23T09:09:17Z
Redmi Buds Essential,YouTube,ahjCq1K8BJY,Maine to Redmi Order Kiya hai 👍,5,2023-06-22T19:09:11Z
Redmi Buds Essential,YouTube,ahjCq1K8BJY,Compare redmi with boat x10,7,2023-06-22T15:29:26Z
Redmi Buds Essential,YouTube,TUplWEIwot8,"Os fones da Redmi Buds Essential  quando chacoalham fazem barulhos?
Pq os meus fazem.",0,2025-09-13T16:09:26Z
Redmi Buds Essential,YouTube,TUplWEIwot8,Qual vc mais gosta da xiamomi?,0,2025-07-05T22:14:08Z
Redmi Buds Essential,YouTube,TUplWEIwot8,"parabéns pelas análises. em 4:24 o microfone do air dots 2 parece um pouco com rádios comunicadores de filmes militares, o do redmi buds essential eu achei o volume muito bom e qualidade muito boa para chamadas (escutei numa JBL Flip 4). o redmi buds tem microfones bons em vídeos que assisti. comprei o buds 6 play e estou esperando chegar. 16/04/25 20:26",0,2025-04-16T23:26:42Z
Redmi Buds Essential,YouTube,TUplWEIwot8,Quanto tempo agente vende segurar os botões para ativar o modo de baixa latência?,0,2024-12-31T18:35:43Z
Redmi Buds Essential,YouTube,TUplWEIwot8,"comprei agora em setembro/24 e só sai o som do lado esquerdo.
Ja tentei de tudo e não adianta 😢",0,2024-10-19T20:21:04Z
Redmi Buds Essential,YouTube,TUplWEIwot8,"o meu original ja deu defeito, um lado so baixo",0,2024-08-08T19:57:11Z
Redmi Buds Essential,YouTube,TUplWEIwot8,Eu comprei um por 75 reais original  amei muito som muito bommmmm 100000,0,2024-07-12T15:30:26Z
Redmi Buds Essential,YouTube,TUplWEIwot8,"qual é a voltagem da carga? 5v, 10v?",1,2024-05-15T23:58:49Z
Redmi Buds Essential,YouTube,TUplWEIwot8,Comprei hoje e infelizmente não consegui emparelhar com o celular,0,2024-02-20T00:30:13Z
Redmi Buds Essential,YouTube,TUplWEIwot8,So toca um lado de cada vez,0,2023-12-01T23:44:14Z
Redmi Buds Essential,YouTube,TUplWEIwot8,Som de caixa de abelha,0,2023-10-16T01:58:53Z
Redmi Buds Essential,YouTube,TUplWEIwot8,Como desliga eles? Até agora não consegui...,0,2023-10-07T02:12:36Z
Redmi Buds Essential,YouTube,TUplWEIwot8,Tem que fazer o unboxing parceiro,0,2023-09-12T21:07:46Z
Redmi Buds Essential,YouTube,TUplWEIwot8,"Colega, comprei um Buds essential  pelo link que vc passou e não é original, bateria não dura nada e o acabamento dele Mal feito. 0 0",9,2023-08-30T17:12:26Z
Redmi Buds Essential,YouTube,TUplWEIwot8,Ele tem algu certificação a agua?,0,2023-08-22T12:41:25Z
Redmi Buds Essential,YouTube,TUplWEIwot8,"Porra, tive um redmi air buds 2 por anos bugou uma vez só e resolvi rápido, esse chegou ontem e ja bugou um lado, to tentando achar como resolve, pqp",1,2023-08-11T05:20:49Z
Redmi Buds Essential,YouTube,TUplWEIwot8,"Para mim botão faz diferença, eu tenho o Buds 3 lite e infelizmente perdi a case so tenho o fone, n vou comprar outro pq somente por ser somente touch, e para mim faz diferença a troca de faixa e encontrei esse que é botão e troca a faixa",1,2023-06-22T21:31:26Z
Redmi Buds Essential,YouTube,TUplWEIwot8,"Cara, o meu redmi buds essential SIMPLESMENTE NAO CARREGA MAIS. Já troquei de carregador, de cabo, já coloquei pra carregar no Pc e nada. Só acende a luz da case, mas não carrega o fone em si. Não sei mais o que faço, se alguém poder ajudar agradeço!",1,2023-06-18T21:27:24Z
Redmi Buds Essential,YouTube,TUplWEIwot8,"Oi, oi, oi, pessoal! Alguém saberia me dizer se, os fones tem o comando power/on nos botões? Não consigo desligá-los/ligá-los por nada nesse mundo sem a caixinha 😅",3,2023-06-18T08:56:34Z
Redmi Buds Essential,YouTube,TUplWEIwot8,Renato Russo no tempo do ABORTO ELÉTRICO KK,1,2023-06-16T21:57:08Z
Redmi Buds Essential,YouTube,TUplWEIwot8,"Como você conseguiu gravar com eles? Os meus só funcionam com o som captado neles quando estou em ligações, quando gravo vídeos/áudios usa o som do próprio celular...",1,2023-04-07T23:26:34Z
Redmi Buds Essential,YouTube,TUplWEIwot8,É vergonhoso o micro-usb em 2023.,8,2023-04-04T18:31:01Z
Redmi Buds Essential,YouTube,TUplWEIwot8,Tô na dúvida entre esse buds essential ou o qcy t17. Meu problema com o t17 é que não tem leds q informam a bateria da case e os fones em si que tem uma escrita da marca qcy neles o que ao meu ver chama muita atenção e é bem feio mesmo,0,2023-03-27T23:23:54Z
Redmi Buds Essential,YouTube,TUplWEIwot8,Eu aqui ainda com meu Airdots S que tenho desde o lançamento kkkk,1,2023-03-05T20:50:15Z
Redmi Buds Essential,YouTube,TUplWEIwot8,"Comprei esses fones bud, porém NAO consigo desliga-los gastando toda a bateria e tendo que ficar carregando direto.",2,2023-03-04T21:58:19Z
Redmi Buds Essential,YouTube,TUplWEIwot8,"Uma ótima opção é o redmi buds 3 lite. Eu tenho a quase um ano e recomendo muito. Paguei 105,00 no banggodd",3,2023-02-26T14:19:45Z
Redmi Buds Essential,YouTube,TUplWEIwot8,"Excelente vídeo! Entre o redmi 2,3 e esse essential,qual vc compraria?",0,2023-02-24T18:08:13Z
Redmi Buds Essential,YouTube,TUplWEIwot8,Tenho a leve impressão que esse vídeo foi todo gravado com o S23 Ultra 👀,0,2023-02-18T02:41:39Z
Redmi Buds Essential,YouTube,TUplWEIwot8,"Testa o QCY HT05. 150 reais. ANC, modo transparência",0,2023-02-16T16:47:21Z
Redmi Buds Essential,YouTube,TUplWEIwot8,Parei de assistir quando vi micro USB.,3,2023-02-16T15:41:45Z
Redmi Buds Essential,YouTube,TUplWEIwot8,"Consegui comprar um Edifier TWS1 Pro por pouco mais de 200 reais. Sem dúvidas uma das melhores opções. Bateria do fone dura 12hrs e com a caixinha +30. Vale a pena dar uma olhada pra trazer para o canal, Rodrigo",7,2023-02-16T15:35:51Z
Redmi Buds Essential,YouTube,TUplWEIwot8,"eu comprei um da Blitzwolf, paguei pouco mais de 300 reais na época, coisa de 5 meses depois a bateria tava durando apenas meia hora, dai tou com receio de comprar outro achando que é descartável assim, independente do preço. 
tou de olho no Galaxy Buds2(não Pro) mas tou com esse pé atrás. aqui aculá ele fica abaixo dos 250 reais",1,2023-02-16T15:05:30Z
Redmi Buds Essential,YouTube,TUplWEIwot8,"Ainda tenho meus airdots de primeira geração kkkkk
Mas infelizmente a bateria já está viciada.",3,2023-02-16T14:54:22Z
Redmi Buds Essential,YouTube,PDKyHbfGjGQ,Mera b khrb ho gya earbuds 6 play 4 5 month m,1,2025-11-23T18:53:09Z
Redmi Buds Essential,YouTube,PDKyHbfGjGQ,Bro nadhi board problem,1,2025-10-27T08:27:20Z
Redmi Buds Essential,YouTube,PDKyHbfGjGQ,Battery kha milegi iski?,1,2025-03-19T17:43:47Z
Redmi Buds Essential,YouTube,zfigVJmCQ9Q,Omo carregar,0,2024-11-15T18:19:11Z
Redmi Buds Essential,YouTube,zfigVJmCQ9Q,sa kushton,0,2024-04-14T10:02:36Z
Redmi Buds Essential,YouTube,c_aXGWh-Klw,should i buy these or sound peats t3 pro,0,2025-12-31T17:54:13Z
Redmi Buds Essential,YouTube,c_aXGWh-Klw,"Brother salam
I recently bought these buds but dont like their sound quality. Can you suggest me some other buds which are better than these in terms of sound quality. My budget is max 4k and i got these for 3500.",0,2025-12-31T14:35:07Z
Redmi Buds Essential,YouTube,c_aXGWh-Klw,"maine aaj tak is se bekaar earbuds nahi daikhe, total waste money",0,2025-11-18T03:04:20Z
Redmi Buds Essential,YouTube,c_aXGWh-Klw,"Brother ma just call de para pa kaar Di chy car ke use Kom 
Nu taso sa suggest kawy?",1,2025-08-06T09:13:46Z
Redmi Buds Essential,YouTube,c_aXGWh-Klw,"Are these the best earbuds in the Rs. 4,000 to Rs. 5,000 price range? I already own the Audionic 725 Pro—are these an upgrade in terms of sound and bass quality? Between the SoundPEATS T3 Pro and Redmi Buds 6 Play, which performs better overall? Also, is there any better option available within this price range?",2,2025-08-03T20:38:33Z
Redmi Buds Essential,YouTube,c_aXGWh-Klw,Brother kindly mjhe apki suggestion chye:  Redmi buds 6 play is better or zero rover pro...both are right now Rs.3500 ...kindly overall suggestion dein in dono ma se,1,2025-08-02T12:38:00Z
Redmi Buds Essential,YouTube,c_aXGWh-Klw,Bro earbuds ko hamesha charging case ma rakhna agr wo charge bhi ho tu Ke battery low ho tb rakhna??,0,2025-08-01T14:59:26Z
Redmi Buds Essential,YouTube,c_aXGWh-Klw,"AoA brother kaisy hyn ap 
Acha brother kindly under 5k best air buds btay both sound quality bass... And battery backup",0,2025-08-01T03:56:05Z
Redmi Buds Essential,YouTube,c_aXGWh-Klw,"This vs t3 pro anc vs Soundpeats clear, in term of sound quality , how  you would rank them?",1,2025-07-28T19:45:23Z
Redmi Buds Essential,YouTube,c_aXGWh-Klw,"Does the casw reset for anyone? My left bud stopped working and nothing is solving the issue.
When I put the bud in case, the light shows that its detected but in the app it doesn't appear, doesn't connect, doesn't work.",0,2025-07-25T08:58:44Z
Redmi Buds Essential,YouTube,c_aXGWh-Klw,what is best sounding earbud in under 4k pls tell im about to buy,0,2025-07-16T09:10:31Z
Redmi Buds Essential,YouTube,c_aXGWh-Klw,Redmi buds 6 active review?,0,2025-07-01T06:26:39Z
Redmi Buds Essential,YouTube,c_aXGWh-Klw,Ye airbuds mere mobile main connect nh horaha ahi. Vivo main horahe Hain oppo main nh horahe Hain can u guide me anyone plzz😢,0,2025-06-30T17:04:59Z
Redmi Buds Essential,YouTube,c_aXGWh-Klw,Koi redmi buds 6 play use kar raha to review de de sound quality kesi hai inn ki,0,2025-06-23T12:23:15Z
Redmi Buds Essential,YouTube,c_aXGWh-Klw,i bought them for 3k in sale,0,2025-06-23T11:10:48Z
Redmi Buds Essential,YouTube,c_aXGWh-Klw,Abi toh 10k ke mil rahe h,0,2025-06-21T22:04:59Z
Redmi Buds Essential,YouTube,c_aXGWh-Klw,"Aoa, 
I got redmi buds 6 on your recommendation and i found it actually a good choice.
Thanks for such a good recommendation.
You have earned a subscriber.
Good luck 🤞",1,2025-06-21T16:29:04Z
Redmi Buds Essential,YouTube,c_aXGWh-Klw,You said 5 charges but converted energy consumed some of battery accept 3-4 charges if fully charged. 6:40 to 7:00,2,2025-06-11T08:44:25Z
Redmi Buds Essential,YouTube,c_aXGWh-Klw,the way you shake your head testing all these buds. you gonna unscrew it someday,0,2025-05-19T18:21:38Z
Redmi Buds Essential,YouTube,c_aXGWh-Klw,Thanks for your helpful review,0,2025-05-16T16:27:23Z
Redmi Buds Essential,YouTube,c_aXGWh-Klw,Can you suggest to me please Redmi Buds 6 Active?,0,2025-05-14T13:34:21Z
Redmi Buds Essential,YouTube,c_aXGWh-Klw,Can it play individually?  just use left side or right side and hide the another one of them back in the case?,0,2025-04-30T16:18:06Z
Redmi Buds Essential,YouTube,c_aXGWh-Klw,Buds 6 vs one plus buds 3 ? which are better?,0,2025-04-18T08:48:33Z
Redmi Buds Essential,YouTube,c_aXGWh-Klw,Audionic trance,0,2025-04-12T07:15:46Z
Redmi Buds Essential,YouTube,c_aXGWh-Klw,I am a new user and I just want to  buy earbuds for the gym and I don't like the loud voice. I prefer a good voice for listening so can  you suggest these earbuds or someone else from this price range?,0,2025-04-03T12:06:24Z
Redmi Buds Essential,YouTube,c_aXGWh-Klw,Do they come with a warranty or not ?,0,2025-04-03T11:44:28Z
Redmi Buds Essential,YouTube,c_aXGWh-Klw,bro looking for a meeting and calls with noise reduction and better voice during calls any suggestions for airbuds models?,0,2025-03-31T10:30:15Z
Redmi Buds Essential,YouTube,c_aXGWh-Klw,bro yeah acha ha buds ha jis ko bass  wagera pasnd nhi or battery bht awallla ha or call qulity bekar ha,0,2025-03-20T10:38:17Z
Redmi Buds Essential,YouTube,c_aXGWh-Klw,Can u plz suggest a best earbuds 3k for iphone,0,2025-03-18T20:27:11Z
Redmi Buds Essential,YouTube,c_aXGWh-Klw,Haylou gt7 neo vs redmi buds 6 play,0,2025-03-18T16:20:58Z
Redmi Buds Essential,YouTube,c_aXGWh-Klw,Brother mera redmie 6 play ka voulme up down nahu ho rha single tap option rakhi h but nahu ho rha,0,2025-03-15T17:43:58Z
Redmi Buds Essential,YouTube,c_aXGWh-Klw,Honest review,0,2025-03-14T11:01:57Z
Redmi Buds Essential,YouTube,c_aXGWh-Klw,bhai jan redmi buds 6 kesy rheingy heavy bass k liey?,0,2025-03-10T22:41:03Z
Redmi Buds Essential,YouTube,c_aXGWh-Klw,Redmi buds 6 play vs Baseus bownie E19. Which one would you recommend.,1,2025-03-08T16:29:13Z
Redmi Buds Essential,YouTube,c_aXGWh-Klw,please help me kun say earbuds lena cahye redmi buds 6 Play ya soundpeats free 2 classic please help me,0,2025-03-01T11:14:10Z
Redmi Buds Essential,YouTube,c_aXGWh-Klw,Just waste of money,0,2025-02-28T15:25:49Z
Redmi Buds Essential,YouTube,c_aXGWh-Klw,Buds app   not earphones found any solution ?,0,2025-02-27T18:33:53Z
Redmi Buds Essential,YouTube,c_aXGWh-Klw,Listening this on my redmi buds 6 😂,0,2025-02-26T17:06:20Z
Redmi Buds Essential,YouTube,c_aXGWh-Klw,good.,1,2025-02-17T10:36:23Z
Redmi Buds Essential,YouTube,c_aXGWh-Klw,Bro which is best buds under 10k. Like in terms of sound and mic. Not for gaming. Just some listening and calling.,0,2025-02-16T12:38:40Z
Redmi Buds Essential,YouTube,c_aXGWh-Klw,Bhai muje buhot Zada loud sound bass wale earbuds chshiye plz batao ap kya ye thk Hain ya koi aur plx😢,0,2025-02-11T18:13:22Z
Redmi Buds Essential,YouTube,c_aXGWh-Klw,Does case battery timing increased after some cycles??,0,2025-02-09T15:44:55Z
Redmi Buds Essential,YouTube,c_aXGWh-Klw,Iska sound full volume pe ears me chubhta to nhi hai?,0,2025-02-02T08:26:49Z
Redmi Buds Essential,YouTube,c_aXGWh-Klw,Is it ok to hear left and right footsteps before and after playing?,0,2025-02-01T19:57:09Z
Redmi Buds Essential,YouTube,c_aXGWh-Klw,You are the only one in Pakistan who reviews earpods and audio devices with true reviews,23,2025-02-01T08:56:50Z
Redmi Buds Essential,YouTube,c_aXGWh-Klw,Is it okay for normal use for a lady no loud music or gaming or you can suggest something better?,0,2025-01-19T19:17:02Z
Redmi Buds Essential,YouTube,c_aXGWh-Klw,Realme T110 best hai ya phir yeh,0,2025-01-17T19:33:27Z
Redmi Buds Essential,YouTube,c_aXGWh-Klw,Can we connect this with two devices at the samw time??,0,2025-01-14T18:54:12Z
Redmi Buds Essential,YouTube,c_aXGWh-Klw,"Hi sir, should i consider buying realme t110 or redmi buds 6 play",0,2025-01-12T18:20:01Z
Redmi Buds Essential,YouTube,c_aXGWh-Klw,ma naay new leay haain. pr connect he ni ho rhay mbl sth show he nai hoty. kya issue hona?,0,2025-01-08T17:21:04Z
Redmi Buds Essential,YouTube,c_aXGWh-Klw,Ye nai leny chaye k lo,0,2025-01-07T01:25:18Z
Redmi Buds Essential,YouTube,c_aXGWh-Klw,بہت اچھا ریویو ہے شکر ہے میرے پیسے بچ گئے,0,2025-01-06T04:37:08Z
Redmi Buds Essential,YouTube,c_aXGWh-Klw,is the noise cancellation great please? it really is the most important feature for me,0,2024-12-31T03:16:48Z
Redmi Buds Essential,YouTube,c_aXGWh-Klw,Bhai when are you coming up with redmi 6 active review?,0,2024-12-25T09:40:40Z
Redmi Buds Essential,YouTube,c_aXGWh-Klw,Very nice and detailed review 👍,0,2024-12-22T08:52:21Z
Redmi Buds Essential,YouTube,c_aXGWh-Klw,"Bhai jaan Redmi buds 6 play  ya audionic k airbud 550 enc quad mice 
in ma sy konsy achy rhen gy",0,2024-12-20T20:24:10Z
Redmi Buds Essential,YouTube,c_aXGWh-Klw,"Bro redmi buds 6 available hein Pakistan mein? Only buds 6 not active, lite and play",0,2024-12-16T07:58:30Z
Redmi Buds Essential,YouTube,c_aXGWh-Klw,Why is the mic on my redmi buds 6 play not working?,0,2024-12-08T07:10:35Z
Redmi Buds Essential,YouTube,c_aXGWh-Klw,7/10 in voice to apki nazar mien which ear but is good in all aspects,0,2024-12-06T17:17:35Z
Redmi Buds Essential,YouTube,c_aXGWh-Klw,"Are they better than Realme buds Q or Realme Dizo buds D , they have great bass I'm using them",1,2024-12-05T05:20:04Z
Redmi Buds Essential,YouTube,c_aXGWh-Klw,Is she the best?  qcy t27a wireless earbuds,1,2024-12-03T12:23:44Z
Redmi Buds Essential,YouTube,c_aXGWh-Klw,Is she the best?  Oraimo shark 4,1,2024-12-03T12:17:11Z
Redmi Buds Essential,YouTube,c_aXGWh-Klw,Good review 👍🏻,0,2024-12-02T18:14:35Z
Redmi Buds Essential,YouTube,c_aXGWh-Klw,Should I go for Ronin R-740 as its very good and has ANC and ENC so should I go for this or ronin as I am satisfied customer of ronin,0,2024-12-02T06:37:16Z
Redmi Buds Essential,YouTube,c_aXGWh-Klw,Any idea when Redmi Buds 6 are releasing? not 6 pro just 6,1,2024-11-28T21:15:22Z
Redmi Buds Essential,YouTube,c_aXGWh-Klw,How do you compare them with baseus Bowie E19? Especially in terms of calls?,0,2024-11-17T07:32:17Z
Redmi Buds Essential,YouTube,c_aXGWh-Klw,One of my favorite YouTubers. I can trust him with closed eyes. Always honest reviews.,0,2024-11-17T07:30:47Z
Redmi Buds Essential,YouTube,c_aXGWh-Klw,What you think about the mic it’s good or no?,0,2024-11-15T14:52:31Z
Redmi Buds Essential,YouTube,c_aXGWh-Klw,Should i buy thes or any zero brand under 3500,0,2024-11-15T13:06:07Z
Redmi Buds Essential,YouTube,c_aXGWh-Klw,Ye buds heavy bass wale hai ya just simple normal bass k lye hai ....,0,2024-11-13T07:00:56Z
Redmi Buds Essential,YouTube,c_aXGWh-Klw,Nice ❤❤,0,2024-11-10T10:43:28Z
Redmi Buds Essential,YouTube,c_aXGWh-Klw,How is it for music,0,2024-11-08T15:45:04Z
Redmi Buds Essential,YouTube,c_aXGWh-Klw,"Thanks for reviewing, my question is about charging, would my phone charger work for it or what I should get ?",0,2024-11-08T02:42:57Z
Redmi Buds Essential,YouTube,c_aXGWh-Klw,وعليكم السلام ورحمه الله,1,2024-11-06T07:15:14Z
Redmi Buds Essential,YouTube,c_aXGWh-Klw,How good and high is the quality sound on those ?,0,2024-11-01T14:57:49Z
Redmi Buds Essential,YouTube,c_aXGWh-Klw,Good video ❤❤❤,0,2024-11-01T06:46:20Z
Redmi Buds Essential,YouTube,c_aXGWh-Klw,Bro iam fully confused between Audionic s680 and realme t110 and i want best sound music a little bit loud plz suggest me,1,2024-10-30T17:42:40Z
Redmi Buds Essential,YouTube,c_aXGWh-Klw,"Honest review!
Bro pls also review audionic 495 because price is same. Pls also advice any other best quality long lasting in range upto 3.5k",0,2024-10-27T18:07:55Z
Redmi Buds Essential,YouTube,c_aXGWh-Klw,Они что только по одному работают,0,2024-10-24T06:23:33Z
Redmi Buds Essential,YouTube,c_aXGWh-Klw,Please review of beme buds pro 2 ultimate with built-in display,0,2024-10-23T19:20:50Z
Redmi Buds Essential,YouTube,c_aXGWh-Klw,"mic achi terha sey check nahi kertey aap, mic sab sey important hey sound key sath sath",0,2024-10-20T01:00:35Z
Redmi Buds Essential,YouTube,c_aXGWh-Klw,Sir koi aese buds batayain jo display bhi dain sensor ache houn base and sound quality bhi achi ho battery bhi achi ho or loud and quality wale houn plz,0,2024-10-18T12:13:56Z
Redmi Buds Essential,YouTube,c_aXGWh-Klw,Techhunk pods pro 2 vs redmi buds 6 play for long term use which is best,1,2024-10-16T15:25:08Z
Redmi Buds Essential,YouTube,c_aXGWh-Klw,Please review s680 audionic,0,2024-10-13T13:21:39Z
Redmi Buds Essential,YouTube,c_aXGWh-Klw,"Please 1 selected best  airbuds.  
1.Beme buds pro 2 max 
2.interlink airpods pro
3 techhunk pods pro 2
 in 3ino ma sa kon sa best ha  awaz bass and calling ka liya. 😢😢",0,2024-10-12T10:52:20Z
Redmi Buds Essential,YouTube,c_aXGWh-Klw,A very good well put together and a thorough review. Really appreciate it and i have gained a good info on the product. God bless.,0,2024-10-11T16:18:46Z
Redmi Buds Essential,YouTube,c_aXGWh-Klw,Redmi buds 6 lite ka review karein,0,2024-10-11T09:58:12Z
Redmi Buds Essential,YouTube,c_aXGWh-Klw,Bro your review is very good explained thumbs up,2,2024-10-11T05:25:08Z
Redmi Buds Essential,YouTube,c_aXGWh-Klw,Best buds for clear voice under 4500 ?,0,2024-10-10T14:30:14Z
Redmi Buds Essential,YouTube,c_aXGWh-Klw,Bhai what are best earbuds under 4500 can you please tell,0,2024-10-10T14:28:42Z
Redmi Buds Essential,YouTube,c_aXGWh-Klw,Buds 6 lite review please ❤❤,1,2024-10-10T03:18:39Z
Redmi Buds Essential,YouTube,c_aXGWh-Klw,"Assalam u alaikum..Fahad bhai  ab tu realme t110 r soundbeast clear almost same price k mil rhy..koi 5, 600 ka fark hai tu abi apkonsy recommend kry gy?? Kindly btay ga...",0,2024-10-09T13:30:22Z
Redmi Buds Essential,YouTube,c_aXGWh-Klw,Sir Ronin R-7030 Earbuds newly launch howey hain inki Unboxing video upload Karen plz,0,2024-10-09T09:36:07Z
Redmi Buds Essential,YouTube,c_aXGWh-Klw,"Fahd bhai thank you for your recommendation I have bought Soundpeat Clear and having a great experience with them. Now, I want to buy earbuds for my brother his range is under 4k and as per your recommendation I want to buy Audionic Signature S650, but my brother is insisting for Zero Lifestyle's bud, Can you recommend that should he buy any zero life style earbud or go with Audionic S650, if possible explain the difference b/w zero life style and auidonic earbuds.",0,2024-10-08T19:04:41Z
Redmi Buds Essential,YouTube,c_aXGWh-Klw,Sir !!! Mujhe aik all in one koi si bhi aik earbuds btaye konsi best hai chahe wo Audionic ki ho Ronin Apple copy ya koi bhi brand ho kindly reply me,0,2024-10-06T09:12:21Z
Redmi Buds Essential,YouTube,c_aXGWh-Klw,Sir mujhe aik all in one koi si bhi aik earbuds btaye konsi best hai chahe wo audionic ki ho ronin apple copy y koi bhi brand,0,2024-10-06T09:10:46Z
Redmi Buds Essential,YouTube,c_aXGWh-Klw,"bro i need a quick reply.
17 year old boy normal ear. should I get this or audionic s550 or any from ronin or those Chinese brand with 3 month warranty.
he needs for college usage, study , gaming n calling.
so recommend me few quickly. 
water proof n fall proof is preferred too",0,2024-10-06T07:53:08Z
Redmi Buds Essential,YouTube,c_aXGWh-Klw,Nia k headphones ka review,0,2024-10-04T11:15:48Z
Redmi Buds Essential,YouTube,c_aXGWh-Klw,Where did you purchase these from??Link???,1,2024-10-04T05:42:49Z
Redmi Buds Essential,YouTube,c_aXGWh-Klw,Brother koe best Calling earbuds bta den range ka problm nhi ha plzzz,0,2024-10-04T03:17:40Z
Redmi Buds Essential,YouTube,c_aXGWh-Klw,"Brother which are the best buds on the basis of:
1:sound quality
2: battery timing
3:ear fit
Range:5500rs",0,2024-10-03T19:34:06Z
Redmi Buds Essential,YouTube,c_aXGWh-Klw,"Hello, hoy much the baterry of the earphones last? 7 hours 😅",2,2024-10-01T15:24:28Z
Redmi Buds Essential,YouTube,c_aXGWh-Klw,"Fahd bhai,  your every review is worth watching. Honesltly never seen anyone who explains and compare the product to such level. Would like to see you review some smart watches as well. Btw i have ordered audionic s650 earbuds after watching your videos. Thanks and keep it up.",2,2024-09-30T18:42:57Z
Redmi Buds Essential,YouTube,c_aXGWh-Klw,Sir please review Login LT Wb 5,0,2024-09-30T13:36:44Z
Redmi Buds Essential,YouTube,c_aXGWh-Klw,Bahi jaan me bike ride krta hu mujy 25000 ki range me koi earbuds bta den Jo battery or ANC k mamly me achy hon or sound quality bhi achi ho plzzz😢,0,2024-09-30T10:35:27Z
Redmi Buds Essential,YouTube,c_aXGWh-Klw,"- AssaLam O AlaikOm Bhai ❤
- Sir Mujhe Sirf Calling K Liye Earbuds Chahiye Jiss Ki Sound Clear Ho Plz Koi Acha Sa Calling Buds Suggest Karen... Thank you ❤",0,2024-09-30T10:00:30Z
Redmi Buds Essential,YouTube,c_aXGWh-Klw,"Kindly if you could recommend earbuds for gym and sports, which won't get damaged due to sweat",0,2024-09-30T03:56:31Z
Redmi Buds Essential,YouTube,c_aXGWh-Klw,Anker r50ireview aur comparison with realme  t110 se,0,2024-09-30T00:12:12Z
Redmi Buds Essential,YouTube,c_aXGWh-Klw,Bhai jan ap ko Hayleu k w1 anc ka bola tha jnab,0,2024-09-29T20:07:40Z
Redmi Buds Essential,YouTube,c_aXGWh-Klw,bahi best airuds suggest kre for music and game with good battery life 5 ya 6 k tk,0,2024-09-29T19:50:33Z
Redmi Buds Essential,YouTube,c_aXGWh-Klw,"السلام علیکم ورحمتہ اللّہ وبرکاتہ!
I am going to buy earbuds in 4k to 5k range.
But i have so many options:
1. Anker r50i
2. Realme T110
3. Ronin r520,540,570
4. Audionic Signature S650
5. Audionic 550
6.Hyalou X1 plus, X1 neo, X1C

Tell me about anker, realme and haylou plz .
Which one is best .... 
plz reply plz reply",2,2024-09-29T19:31:22Z
Redmi Buds Essential,YouTube,c_aXGWh-Klw,Salam bhai main apka new subscriber hon.. apki boht cc videos dekhi prr confusion hai konsy birds best hain lainy ky liyn please koi aik buds bta dyn jo main ankh bnd kr ky khrid lon... Jazak Allah,0,2024-09-29T17:25:46Z
Redmi Buds Essential,YouTube,c_aXGWh-Klw,Make video on redmi buds 6 lite,0,2024-09-29T15:47:24Z
Redmi Buds Essential,YouTube,c_aXGWh-Klw,7 hr 30 min pora case ki battery Mila k time ha? 2.5 times charge k sath? Individually buds kud one complete charge pa kitny hours deti ha case ma recharge k begair ?,0,2024-09-29T15:43:05Z
Redmi Buds Essential,YouTube,c_aXGWh-Klw,"ایمان دار ریویو ❤❤❤❤
اگر آپ ایسے ہی کرتے جائیں گے تو آپکو اپنی کوئی بھی پروڈکٹ نہیں دے گا😅😅",7,2024-09-29T15:32:03Z
Redmi Buds Essential,YouTube,c_aXGWh-Klw,@thisisfahd91 ap reply ni karty. Pls review xiaomi airbud 6 lite,0,2024-09-29T14:59:15Z
Redmi Buds Essential,YouTube,c_aXGWh-Klw,Pls review xiaomi airbud 6 lite,0,2024-09-29T14:58:22Z
Redmi Buds Essential,YouTube,c_aXGWh-Klw,Please review soundcore a20i,0,2024-09-29T14:19:05Z
Redmi Buds Essential,YouTube,c_aXGWh-Klw,"Suggestion
KZ k earphones review kare

And Silicon k elewa open ear buds ko bhi review kare sir.",0,2024-09-29T14:04:00Z
Redmi Buds Essential,YouTube,c_aXGWh-Klw,Deer hu Fahad bhai,0,2024-09-29T13:52:42Z
Redmi Buds Essential,YouTube,c_aXGWh-Klw,Bhi 10k or 15k main konsa buds best ha jis main anc good ho or sound bhe,0,2024-09-29T12:12:32Z
Redmi Buds Essential,YouTube,c_aXGWh-Klw,Fahad bhai is it safe and beneficial to order earbuds from Ali Express??,0,2024-09-29T11:41:34Z
Redmi Buds Essential,YouTube,c_aXGWh-Klw,You're doing great Ma sha Allah..❤,1,2024-09-29T11:23:23Z
Redmi Buds Essential,YouTube,c_aXGWh-Klw,Can we connect it to iphone?,0,2024-09-29T10:59:20Z
Redmi Buds Essential,YouTube,c_aXGWh-Klw,Superb ! Keep it rolling. I have a redmi phone and need more info about all redmi things. Great job. ,4,2024-09-29T10:08:05Z
Redmi Buds Essential,YouTube,c_aXGWh-Klw,"Assalam o alaikum...! Fahad bhai kia ap smartwatches pe video bba sakte hai please....!? Because I want to buy a smartwatch but I don't know much about it so your videos will help me In this.....!

Jazakallah...!",0,2024-09-29T09:56:56Z
Redmi Buds Essential,YouTube,c_aXGWh-Klw,Brother Aura Ya Pulse zero kindly suggest for best mic quility,0,2024-09-29T09:35:34Z
Redmi Buds Essential,YouTube,c_aXGWh-Klw,Redmi buds 6 play vs realme T110 knsa best he bhai caling and sound k lhaaz se?,0,2024-09-29T09:30:23Z
Redmi Buds Essential,YouTube,c_aXGWh-Klw,Qcy k reviews kb aa rh,0,2024-09-29T09:26:27Z
Redmi Buds Essential,YouTube,c_aXGWh-Klw,Best review hamasha ki Tara 😊,0,2024-09-29T09:09:44Z
Redmi Buds Essential,YouTube,c_aXGWh-Klw,Thanks for the review keep it up brother❤,0,2024-09-29T08:49:09Z
Redmi Buds Essential,YouTube,c_aXGWh-Klw,Waiting for too long 😜,0,2024-09-29T08:25:07Z
Redmi Buds Essential,YouTube,c_aXGWh-Klw,soundpeats clear or Redmi buds ?,0,2024-09-29T08:17:34Z
Redmi Buds Essential,YouTube,c_aXGWh-Klw,Ha je kese h,0,2024-09-29T08:05:34Z
Redmi Buds Essential,YouTube,c_aXGWh-Klw,Redmi ya Dany?,0,2024-09-29T07:34:40Z
Redmi Buds Essential,YouTube,c_aXGWh-Klw,Another honest and helpful review ❤❤,5,2024-09-29T07:27:42Z
Redmi Buds Essential,YouTube,c_aXGWh-Klw,What about warranty?,0,2024-09-29T07:12:47Z
Redmi Buds Essential,YouTube,0BartCPvIq8,"Destek için videoyu beğenmeden geçmeyelim  💣 👊🙋‍♂ 
✅ ürün linki ⤵︎⤵︎⤵︎
Xiaomi Redmi Buds Essential : https://app.hb.biz/Dk0sv1922NU8
Xiaomi Redmi Buds 3 Lite : https://app.hb.biz/rGyEgb5ZD057",2,2023-04-02T14:02:45Z
Redmi Buds Essential,YouTube,0BartCPvIq8,Açılmayan kulakların çaresi. Ne onu da anlatsaydın elimde patladı sorun sorun sorun kimseye tavsiye etmiyorum,0,2026-01-11T17:26:46Z
Redmi Buds Essential,YouTube,0BartCPvIq8,Basmalı kulaklık var mı önerebileceğin kardeşim? Fiyatı maximum 1200 tl olsun..,0,2024-10-07T13:10:23Z
Redmi Buds Essential,YouTube,0BartCPvIq8,Abi hepsiburadaki redmi buds essential orjinal demi?,0,2024-09-10T10:24:24Z
Redmi Buds Essential,YouTube,0BartCPvIq8,Abi bu oyun modunu açamıyorum. Ve ya açdysam nereden bileyim😔,0,2024-05-19T16:16:40Z
Redmi Buds Essential,YouTube,0BartCPvIq8,Benim ilk cihazdan vardı ses seviyesi çok iyiydi cok memnundum fakat bozuldu yeni almak istiyorum ama artık bulamıyorum sizin önerebileceğiniz bir yer var mı satan ? veya müzik dinlemek için ses seviyesi yüksek bir kulaklık öneriniz ?,0,2024-03-07T00:22:06Z
Redmi Buds Essential,YouTube,0BartCPvIq8,Abi guzel bir bass ve müzik hissiyatı olarak memnun edermi acaba,0,2024-01-26T20:20:57Z
Redmi Buds Essential,YouTube,0BartCPvIq8,Degisik bu cihaz kendi kendine kapaniyor sarji varken sarja takmadan acilmiyor anlayamadim kendisini,0,2023-11-29T22:23:47Z
Redmi Buds Essential,YouTube,0BartCPvIq8,Öncelikle merhaba enes abi buds 3 lite ve basic 2 arasında kaldım hangisini önerirsiniz,0,2023-11-25T17:04:05Z
Redmi Buds Essential,YouTube,0BartCPvIq8,Essential ve buds 3 lite modeli arasında çok kararsız kaldım kulağım küçük olduğu için lite modelini düşünüyordum ancak bassları yetersiz dokunmatiği bozuk bağlanmıyor vs. Diyenler olmuş sizce hamgisini tercih etmeliyim,1,2023-11-17T14:02:58Z
Redmi Buds Essential,YouTube,0BartCPvIq8,Bu ürün bespara etmez uzak durun hediye geldi biraz dinleyip çöpe attım o derece,0,2023-11-08T09:16:24Z
Redmi Buds Essential,YouTube,0BartCPvIq8,Basic 2 den iyimi ses seviyesi,0,2023-10-30T14:30:33Z
Redmi Buds Essential,YouTube,0BartCPvIq8,Bu essential benim cihazımda çalışır mi Bluetooth 5.2 değil benim ki redmi note 8 cihazım ?,0,2023-10-21T12:58:12Z
Redmi Buds Essential,YouTube,0BartCPvIq8,az önce satın aldım şarj oluyor bakalım nasıl,1,2023-10-05T07:21:12Z
Redmi Buds Essential,YouTube,0BartCPvIq8,"Enes bey merhaba, bu kulaklığı yeğenime hediye alacağım da, 20 yaşında bir genç için sizce yeterli bir kulaklık mı?",0,2023-09-07T15:32:50Z
Redmi Buds Essential,YouTube,0BartCPvIq8,Eski model bende vardi telefon uzaktayken baglanti zayifliyor ve cızırtı yapiyordu yenisi sürümden kazanmis uzakta bile çekiyor cizirdama yok,0,2023-07-11T05:55:54Z
Redmi Buds Essential,YouTube,0BartCPvIq8,Peki şarj etmeden nasıl oluyor kendi kendine mi ediyor,0,2023-07-07T09:43:17Z
Redmi Buds Essential,YouTube,0BartCPvIq8,Şarjını filan görebilmek için uygulamasi var mı,0,2023-06-29T17:11:28Z
Redmi Buds Essential,YouTube,0BartCPvIq8,Bluetooth 5.1 olan cihaza uyar mi ?,0,2023-06-28T20:01:31Z
Redmi Buds Essential,YouTube,0BartCPvIq8,Sakın almayın büyük pişmanlık,0,2023-06-22T21:54:33Z
Redmi Buds Essential,YouTube,0BartCPvIq8,Dip ses sorunu var ne yapmalıyım?,0,2023-06-08T22:02:15Z
Redmi Buds Essential,YouTube,0BartCPvIq8,Abi redmi buds 3 lite mi yoksa Qtc 13 modeli mi sence sana guveniyorum 🙏,1,2023-05-10T08:47:04Z
Redmi Buds Essential,YouTube,0BartCPvIq8,Merhaba enes  bey 500 tl ye kadar kablosuz bir kulaklik bakiyorum.Hem görüşme kisminda hemde kaliteli muzik deneyimi sunmasını istiyorum yuksek sesli muzik dinlemeyi seven biriyim tehno ve rap sarkilar dinliyorum genelde bu yuzden benim icin ses deneyimi onemli .300 ile 500 tl arasi onerebileceginiz model var mi acaba? Huwai freebuds se modelini birkac kez deneyimleme sansi buldum fakat sesi asiri derecede dusuk geldi hem de fiyat acısından beni biraz asti.Tavsiyelerinizi bekliyorum,0,2023-05-06T14:40:47Z
Redmi Buds Essential,YouTube,0BartCPvIq8,berbat bir kulaklık gram beğenmedim,0,2023-05-05T11:32:20Z
Redmi Buds Essential,YouTube,0BartCPvIq8,@EnesOzen Merhaba xiaomi redmi buds 3 lite mı yoksa bu mu?,0,2023-05-03T23:54:49Z
Redmi Buds Essential,YouTube,0BartCPvIq8,ilk başta olmuştu sol kulaklığa iki kez basinca önceki şarkıya geçmişti ama sonra hep bir ilerki şarkıya atıyor nasıl düzeltilir bu durum yardımcı olursanız sevinirim,0,2023-04-29T16:04:46Z
Redmi Buds Essential,YouTube,0BartCPvIq8,Abi sarjini nerden bulabilirim,0,2023-04-28T17:04:30Z
Redmi Buds Essential,YouTube,0BartCPvIq8,Merhaba bu urunun acma kapama olayı nasil oluyor??,0,2023-04-16T07:59:23Z
Redmi Buds Essential,YouTube,0BartCPvIq8,ekranımda ölü nokta var zannedip kalp krizi geçiriyordum meğersem Enes abinin kamerasında kırmızı nokta varmış 1:33,0,2023-04-13T13:33:01Z
Redmi Buds Essential,YouTube,0BartCPvIq8,Enes bey sizce batarya açısından en dayanıklı vede kulağın içinden kayma yapmayacak bir model önerir misiniz  varmı kullanan memnun olan ?,0,2023-04-11T18:32:53Z
Redmi Buds Essential,YouTube,0BartCPvIq8,Enes abi sence bu mu sizce qcy 13t mi,1,2023-04-09T18:43:38Z
Redmi Buds Essential,YouTube,0BartCPvIq8,Redmi buds 3litemı alınır bumu hangisi daha iyi,0,2023-04-09T18:17:47Z
Redmi Buds Essential,YouTube,0BartCPvIq8,379 lira olmuş,0,2023-04-09T16:16:34Z
Redmi Buds Essential,YouTube,0BartCPvIq8,"Abi merhabalar öncelikle çalışmaların icin teşekkür ederim seni yeni keşfettim ve cok değerli iş yapıyorsun açıkçası bütün kulaklık incelemelerini iki günde izlemeye çalıştım. Tek bir sorum olacak yanıtlarsan sevinirim.
Videolarını izlediğimde iki kulaklık arasında kaldım huawei freebuds se ve qcy ht05 hem müzik hem görüşme icin kullanacağım müzik kısmında asırı yüksek ses beklentim yok. Görüşmelerde mikrofonun iyi olması benim için yeterli. Total olarak düşündüğünde hangisini önerirsin tekrardan teşekkür ederim abi. İyi çalışmalar.",0,2023-04-09T15:20:32Z
Redmi Buds Essential,YouTube,0BartCPvIq8,500 tl ye kadar bütçem var hangi kulak içi kulaklığı önerirsiniz,0,2023-04-08T20:17:50Z
Redmi Buds Essential,YouTube,0BartCPvIq8,Kullaklıkta sarj soketi micro usb evet çok güzel olmuş,0,2023-04-07T17:59:33Z
Redmi Buds Essential,YouTube,0BartCPvIq8,"Oppo enco free 2 
Huawei free buds 5i
Oppo enco air2 pro

Bu üçü arasında kaldım sizce hangisi ?",3,2023-04-07T06:01:38Z
Redmi Buds Essential,YouTube,0BartCPvIq8,abi jabra 3  dokunmatikmi yoda tuşu varmı ?,0,2023-04-06T14:04:08Z
Redmi Buds Essential,YouTube,0BartCPvIq8,Enes bey videolarınızı takip ediyorum bir kulaklık sormak istiyorum. Soundpeats capsule3 pro hakkında bilgi verebilir misiniz? Amazonda indirimde alınır mı bilginiz var mı?,0,2023-04-05T19:49:47Z
Redmi Buds Essential,YouTube,0BartCPvIq8,Havit TW947 ile ilgili bir inceleme planınız var mıdır hocam? dikkatimi çeken bir model.,0,2023-04-05T10:10:57Z
Redmi Buds Essential,YouTube,0BartCPvIq8,Type B görünce direk eledim,0,2023-04-05T04:05:06Z
Redmi Buds Essential,YouTube,0BartCPvIq8,*Enes bey merhaba Samsun a54 aldım. Kulaklık alıcam (buds 2) siz tavsiye edermesiniz? bu kulaklığı veya tavsiye edeceğiniz ürün varmıdır.,0,2023-04-04T19:45:15Z
Redmi Buds Essential,YouTube,0BartCPvIq8,Dostum  sence Soundpeats Air 3 Deluxe HS mi yoksa Razer Hammerhead X TWS mi daha iyi ?,0,2023-04-04T15:46:18Z
Redmi Buds Essential,YouTube,0BartCPvIq8,"Abi QCY T20 aldim bir kaç gündür kullaniyorum ve uyugulamasindaki defult ses ayarinda ses kotu geliyor,değisik bi yapisi var yani bence ekolayzır ayrindan hepsini fulleyip kullanmanizi oneririm ben oyle kullaniyorum ses daha hos ve net geliyo denemenizi tavsiye ederim.",1,2023-04-04T09:56:24Z
Redmi Buds Essential,YouTube,0BartCPvIq8,Merhaba Sizce Xiaomi buds 3 pro mu yoksa buds 4 mü hangisini tercih edersiniz ?,0,2023-04-04T07:58:10Z
Redmi Buds Essential,YouTube,0BartCPvIq8,Selam abi bizim burdaki bimde Jabra Elite 3 Active Varda 999tlden 750ye düşmüş alınırmı sizce ama ürün daha önce biri tarafından alınmış ve geri iade edilmiş bu yüzden indirim yapılmış genelde öyle yapıyolar ama benim için sorun yok gibi ürün sorunsuz ve çalışıyorsa kutu içeriği tam ise alsam iyimidir başka ne vardır 750ye,0,2023-04-03T23:42:48Z
Redmi Buds Essential,YouTube,0BartCPvIq8,"Merhabalar 
Videolarınızı çok beğendim emeğiniz için tebrik ederim.
İşim gereği(banka) günlük  ortalama 30 görüşme yapıyorum benim için önemli olan kulağımı yormaması sesimin karşı tarafa kaliteli gitmesi ve arada da evde felan müzik  video bu şekilde kullanabilceğim ve fiyat konusunda abartı olmayan kaliteli bir kulaklık almak istiyorum ne önerirsiniz.max 1200 tl",0,2023-04-03T21:12:13Z
Redmi Buds Essential,YouTube,0BartCPvIq8,"Hocam merhabalar, yüksek sesli ve basslı müzik dinlemeyi seviyorum. Genelde rap müzik dinliyorum. İki kulaklık arasında kaldım hangisini önerirsin veya başka bir model önerir misin ? (JBL 230 NC -  Soundcore P2 Mini ).  Teşekkürler.",0,2023-04-03T19:03:57Z
Redmi Buds Essential,YouTube,0BartCPvIq8,"merhaba ben 600-700 tlyi gecmeyecek sekilde bi kulaklik almak istiyorum onceligim muzik dinleyip dizi video vs izleyebilmek su an kendi imkanlarimla bulup begendiklerim realme buds t100, qcy t18, qcy t20 ve oppo enco buds2 gonlum qcy olanlardan yana ama t18in yorumlarinda uzun sureli kullanimda cok sorunlar yasandigini, t20nin yorumlarinda ise kulaga asiri buyuk geldigini okudum oppo ve realme’de ise uygulamasinin iphonelarda calismamasi problemi varmis sizce nasil bir model almaliyim bunlardan biri de olur baska bir model de olur iphone kullanicisiyim isimi gorcek bir sey tavsiye ederseniz cok sevinirim <33",0,2023-04-03T17:48:35Z
Redmi Buds Essential,YouTube,0BartCPvIq8,Enes hocam ses kalitesi açısından müzik amaçlı silikonlu 5 en iyi kulaklık videosu çeker misiniz ?,0,2023-04-03T16:51:59Z
Redmi Buds Essential,YouTube,0BartCPvIq8,Anker soundcore life p2i mi xioami mibro s1 mi,0,2023-04-03T16:38:51Z
Redmi Buds Essential,YouTube,0BartCPvIq8,Merhaba Enes abi Enes abi bana ordan birtane jbl bluetooth kulaklık hediye edermisin Enes abi 😊😊😊,0,2023-04-03T15:05:54Z
Redmi Buds Essential,YouTube,0BartCPvIq8,QCY T17 mi Xiaomi redmi buds 3lite mi sporda kullanmak için Alicam,1,2023-04-03T13:16:48Z
Redmi Buds Essential,YouTube,0BartCPvIq8,"Bu kulaklığı tam alacaktım videonu gördüm almaktan vazgeçtim. Sevgilime kulaklık alacağım 600 liraya kadar bütçe ayarladım, sence hangi kulaklığı almalıyım? Video için teşekkür ederim.",0,2023-04-03T09:23:00Z
Redmi Buds Essential,YouTube,0BartCPvIq8,"Enes abi öncelikle merhaba. Umarım yazımı görürsün. Bu platformda alanında çok iyi incelemeler yapıyorsun, emeğine sağlık.  Apartmanda yaşamaktayım ve gün içinde yoğun bir şekilde ders çalışması yapmaktayım. Alttan üstten komşu gürültü sesleri, tv sesleri beni rahatsız ediyor. Bazen youtube dan ders videoları vs. kablosuz kulaklığımla ( QCY 13) dinleyebiliyorum. Ders videosu dinlemesem bile sesi pasif olarak kestiği için kulağımda tutuyorum. Kulaklığın hafif olması ve kulağıma oturması nispeten hoşuma gidiyor. Kulağımı pek rahatsız etmiyor ama bana önerebileceğin pasif yalıtımda daha iyi olan  ve aktif yalıtım özelliği işime yarayacaksa o özelliği de  iyi olan kulağı pek rahatsız etmeyecek (fiyatı yüksek de olabilir. Bütçe sağlayacağım) konforlu bir kulaklık var mı abi? Kulaklıklar senin de bildiğin ve vurguladığın üzere dört dörtlük, her özelliği tek bir yerde toplanmış olmuyor. Yani önceliğe göre tercih yapmak gerekiyor. Benim önceliğim sağdan soldan gelen seslere karşı olabildiğince yalıtım - izalosyon yapabilsin ve uzun sürelerde konforlu kullanımı olabilsin. Kulaküstü kulaklıklar ağrı yapabiliyor ve uzun süreli kullanımlarda pek konforlu bana gelmiyorlar. En iyisi tws silikonlu kulaklık gibime geliyor. Ama hangisini sence tercih etmeliyim? Umarım istediğimi anlatabilmişimdir.
(NOT: İş güvenliği için bilhassa kullanılan optime peltor 1 ve optime peltor 3 almıştım. Ama oldukça hantal geldiler bana. Yani sesi güzel kessede 15-20 dakika kafada kalınca boyunda baskı oluşturuyor ve bu durum kullanışlılığı azaltıyor)",1,2023-04-03T08:40:49Z
Redmi Buds Essential,YouTube,0BartCPvIq8,Enes bir şey sormak istiyorum sana. Ben anc’li kulaklık sipariş ettim Amazon’dan tam 3 kez üçünde de anc açınca dipten white noise geliyordu. İnternetten baktığımda birkaç kişinin bu sorunun kronik olduğunu söylediğini gördüm. Bazıları ise bunun normal olduğunu söylüyordu. Ancak ses beni aşırı rahatsız ettiği için iade ettim. Bu ses sence normal midir yoksa bir sorun mudur? Eğer sorun olduğunu düşünüyorsan güvenilir olduğunu düşündüğün alışveriş yapabileceğim bir site önerebilir misin?,0,2023-04-03T06:25:14Z
Redmi Buds Essential,YouTube,0BartCPvIq8,silikonsuz oyuncu kulaklıkları inceler misin abi xbox için de bluetooth ile kullanılacak?,0,2023-04-03T03:45:56Z
Redmi Buds Essential,YouTube,0BartCPvIq8,Abi benim airdotsun kabı kayboldu ne yapabilirim kulaklık sağlam ama,0,2023-04-02T22:25:06Z
Redmi Buds Essential,YouTube,0BartCPvIq8,Merhaba abi seni severek izliyorum ❤ Sana zahmet Apple Watchlarda aile üyesi için eşlemeyi deneyebilir misin ?,0,2023-04-02T22:13:49Z
Redmi Buds Essential,YouTube,0BartCPvIq8,Bilseydim almazdım herşeyiyle berbat,1,2023-04-02T22:02:58Z
Redmi Buds Essential,YouTube,0BartCPvIq8,Kablosuz şarjlı en iyi konuşma kulaklığı hangisi abi? Puanlama videonu izledim ama oradak şarj durumlarını göremedim. Kablosuz şarj ve gürültülü ortamda telefonla konuşmak istiyorum.,0,2023-04-02T21:26:37Z
Redmi Buds Essential,YouTube,0BartCPvIq8,Abi merhaba JBL wave 300 buds 2 ve elite 3 arasında kaldım sence hangisini almaliyim,0,2023-04-02T20:57:16Z
Redmi Buds Essential,YouTube,0BartCPvIq8,Enes selam Mikrofonu güzel diye Qcy Ht-05 aldım fakat sonradan kulakiçi kulaklık istemediğimi farkettim. İş görüşmeleri yapabileceğim kulağımda kulaklığın oluşunu unutabileceğim ht-05 segmentinde bir kulaklık önerirmisin ?,0,2023-04-02T19:59:11Z
Redmi Buds Essential,YouTube,0BartCPvIq8,ABİ BİRSEU SORCAM BEN KULAKLİK ALDİM HER TELEFONDA MÜKEMMEL GELİYOR SES İPHONE 14 PRO VE XİAOMİ DÜŞÜK BİR TELEFON AMA BENİM TELEFONUMDA SES KÖTÜ GELİYOR NET DEĞİL KULAKLIĞI MI İADE ETMELİYİM YOKSA TELEFONU MU TAMİRE GÖTURİYİM,0,2023-04-02T19:39:48Z
Redmi Buds Essential,YouTube,0BartCPvIq8,"Merhaba birşey sorabilir miyim, Jabra elite 45h mi yoksa jbl t510 mu daha iyi veya 1500 tl bandında başka öneriniz var mıdır?",0,2023-04-02T19:04:35Z
Redmi Buds Essential,YouTube,0BartCPvIq8,abi qcy t13 mü realme t100 mü cevaplarsan çok sevinirim,0,2023-04-02T18:56:22Z
Redmi Buds Essential,YouTube,0BartCPvIq8,ABİ BULABİLİRSEN REALME GT PRO 2 AL 13 TL fiyatı ve snapdrogon 8gen1 var,0,2023-04-02T18:27:20Z
Redmi Buds Essential,YouTube,0BartCPvIq8,Eline ağzına sağlık her zamanki gibi güzel bir video olmuş.,0,2023-04-02T17:57:25Z
Redmi Buds Essential,YouTube,0BartCPvIq8,Selam Enes bey. 2 000 TL altı dışarıda telefon ile gürültülü ortamda konuşmak için mikrofon özelliği iyi olan bir kaç model önerirmisiniz..Xiaomi redmi buds pro 4 vb ile Jbl nin modelleri iyi gibi duruyor.baska markada olabilir  şimdiden teşekkür ederim..,0,2023-04-02T17:21:22Z
Redmi Buds Essential,YouTube,0BartCPvIq8,"Abi saatini çok beğendim, öyle bir saat arıyorum. Markası, modeli nedir?",0,2023-04-02T16:47:47Z
Redmi Buds Essential,YouTube,0BartCPvIq8,Jabra elite 4 mü edifier nb2 promu abi müzik dinlemek için ve jabra daha iyi desen de nb2 de iyi kulaklık değil mi abi,0,2023-04-02T15:59:08Z
Redmi Buds Essential,YouTube,0BartCPvIq8,Güzel bir videyo olmuş. Açıkca ben redmi airdoots asansial yerine QCY T13 den yanayım. Airpots arzum varsa Linktech üretimin airpots prolarını tercih ederdim. Bu benim şahsi göröşümdür.,0,2023-04-02T15:53:29Z
Redmi Buds Essential,YouTube,0BartCPvIq8,🧐,0,2023-04-02T15:23:21Z
Redmi Buds Essential,YouTube,0BartCPvIq8,Oyun modunu test ettiğiniz oyunun ismi nedir Enes bey?,0,2023-04-02T15:15:07Z
Redmi Buds Essential,YouTube,0BartCPvIq8,Selamünaleyküm enes bey huaweı mate 20 pro kullanıcısıyım kulakiçi model olarak huawei freebuds 5i düşünüyorum ama farkli marka model uyum saglar mi cevap verirseniz cok mutlu olurum,0,2023-04-02T14:43:45Z
Redmi Buds Essential,YouTube,0BartCPvIq8,Abi kolunda ki amazfit saatin inceleme videosu gelir mi yakın zamanda,0,2023-04-02T14:42:10Z
Redmi Buds Essential,YouTube,0BartCPvIq8,Firma yeni modeli yanlişlikla cikarmis sonradan utandiklarindan ilk versiyonla ayni diyememisler dir,0,2023-04-02T14:38:57Z
Redmi Buds Essential,YouTube,0BartCPvIq8,Abi sana güvenerek qcy t13 aldım. Cidden çok iyiymiş. Teşekkürler,1,2023-04-02T14:35:20Z
Redmi Buds Essential,YouTube,0BartCPvIq8,Abi Huawei Freebuds SE ile Oppo Enco bud 2 arasında kaldım hangisini önerirsin,0,2023-04-02T14:32:40Z
Redmi Buds Essential,YouTube,0BartCPvIq8,Sony Tv incelemesi gelecek mi🫠,0,2023-04-02T14:27:56Z
Redmi Buds Essential,YouTube,0BartCPvIq8,"Hocam selamlar, son nesil LDAC destekli Soundpeats modellerini inceleme şansın var mıdır? Özellikle yeni air 3, capsule 3, opera serisi ve mini pro. İndirimde olması lazım şu ara Amazonda. Sen de cebinden aldığın için haberin olsun.",1,2023-04-02T14:27:52Z
Redmi Buds Essential,YouTube,0BartCPvIq8,Abi samsung buds 2 ile jbl 230nc arasında kaldım hangisi daha iyi,0,2023-04-02T14:27:24Z
Redmi Buds Essential,YouTube,0BartCPvIq8,Niye üretmişler ki bunu???Videoyu izleyince sormak gerekti 🤣,15,2023-04-02T14:25:33Z
Redmi Buds Essential,YouTube,0BartCPvIq8,Abi buds 3 lite almak istiyorum hala alınabilir mi? 400 liraya yakın bir fiyatı var,0,2023-04-02T14:19:29Z
Redmi Buds Essential,YouTube,0BartCPvIq8,Ultra üst düzey ses ve bass ağırlıklı 2300 liralara kadar çıkabilecegim önerdiğiniz bir model varmı acaba?,0,2023-04-02T14:11:00Z
Redmi Buds Essential,YouTube,0BartCPvIq8,"Enes merhaba,bana 1000 - 1100 Lira arasi,uzun ömürlü ses kalitesi ortalama silikonsuz bir model önerebilirmisin Oppo da olabilir baska bir marka da.Kolay gelsin...",0,2023-04-02T14:06:30Z
Redmi Buds Essential,YouTube,0BartCPvIq8,Çöp,1,2023-04-02T14:06:07Z
Redmi Buds Essential,YouTube,0BartCPvIq8,Kulaklık hakkında çok güzel videolar yapıyorsunuz takdir ediyorum. Freebuds 3 üm var biraz eskidi onun yerine hangi freebudsı alsam karar veremiyorum az bilindik markalara da güvenemiyorum uygulaması olsun güncelleme gelsin istiyorum siz ne önerirsiniz. Teşekkürler,0,2023-04-02T14:05:18Z
Redmi Buds Essential,YouTube,0BartCPvIq8,Ürün tanıtımı için eyw reis alınacak bi Ürün değil bu fiyata daha alınabilir modeller var🙋‍♂️,2,2023-04-02T14:04:13Z
Redmi Buds Essential,YouTube,1BmOs_RkSfI,Cual suena mas fuerte??,0,2024-02-24T19:27:15Z
Redmi Buds Essential,YouTube,1BmOs_RkSfI,Sorry i can't understand only speak english.. Can you tell me which one is the best please?,2,2023-07-13T02:21:40Z
Redmi Buds Essential,YouTube,1BmOs_RkSfI,Yo tengo los essentials y la verdad que estaba apunto de comprar los buds pero creo que para comodidad y calidad y recibimiento de llamadas creo que conservaré los essentials no es hate pero deberías también decir en cuestión de todo eso saludos !,2,2023-06-30T22:35:54Z
